customer_id,segment,assigned,pre_contribution,outcome
1,0,1,101.854789,106.892018
2,0,0,25.012438,26.696484
3,0,0,83.31238,79.381101
4,0,1,177.428804,117.376873
5,0,1,99.734425,128.65489
6,0,0,39.785163,39.475739
7,0,1,94.359158,56.032135
8,0,1,151.097142,92.34378
9,0,1,89.838108,52.936524
10,0,0,68.429019,95.944921
11,0,0,83.315308,90.609686
12,0,0,85.130808,26.93797
13,0,1,61.416387,44.965421
14,0,1,92.522568,117.017826
15,0,1,20.529898,31.769864
16,0,1,119.613595,85.436755
17,0,0,60.800456,86.58895
18,0,1,83.894314,63.724076
19,0,1,92.668001,46.798609
20,0,1,111.866171,108.806897
21,0,0,57.559009,92.575249
22,0,1,138.198847,91.001041
23,0,0,38.488347,55.241252
24,0,0,138.78736,95.132528
25,0,1,173.441332,160.056831
26,0,1,64.91502,94.924747
27,0,1,133.846521,126.85891
28,0,1,39.920475,61.658051
29,0,1,120.410997,89.354964
30,0,0,52.830186,35.412376
31,0,1,53.184264,78.798559
32,0,0,141.677896,92.120444
33,0,1,96.637515,108.826541
34,0,0,74.389189,49.665083
35,0,0,91.843166,105.167805
36,0,1,102.85404,43.454817
37,0,0,144.262962,123.188954
38,0,0,81.741385,57.85412
39,0,1,46.757692,33.112096
40,0,1,84.209138,44.669289
41,0,0,63.729082,72.99233
42,0,1,141.367201,110.227637
43,0,1,163.802772,100.904609
44,0,0,82.94818,18.042401
45,0,0,171.668131,104.975585
46,0,0,139.98669,64.913278
47,0,0,77.334116,68.849998
48,0,1,71.477053,39.926143
49,0,0,86.184783,97.078754
50,0,1,148.537576,137.737469
51,0,0,166.015031,110.61505
52,0,0,71.427201,52.382093
53,0,1,126.386344,86.932096
54,0,0,301.743026,163.802311
55,0,1,152.922127,147.157875
56,0,1,53.799384,54.338755
57,0,1,64.442071,77.228583
58,0,1,60.880362,94.497691
59,0,1,84.789945,91.496059
60,0,1,82.965832,52.893037
61,0,0,101.837652,43.05613
62,0,1,71.548542,56.391699
63,0,0,78.876833,62.280042
64,0,0,117.013366,88.313232
65,0,0,43.534557,39.748291
66,0,0,159.967185,110.564804
67,0,1,59.193574,55.564071
68,0,1,66.606795,51.214487
69,0,0,156.532302,120.193439
70,0,0,61.691395,10.08045
71,0,0,73.552971,67.430353
72,0,1,155.467842,136.156783
73,0,1,73.22612,98.75432
74,0,0,54.383039,-5.706725
75,0,0,69.179121,51.396686
76,0,1,51.836943,65.472241
77,0,0,83.900472,26.749703
78,0,1,75.043119,110.341973
79,0,1,103.210728,19.456666
80,0,0,54.515005,81.536495
81,0,0,115.622597,63.032828
82,0,1,198.82983,175.502705
83,0,0,99.95306,89.426204
84,0,1,87.223386,63.570776
85,0,0,37.673543,65.064071
86,0,0,242.148438,176.481591
87,0,1,153.966423,111.923206
88,0,0,119.205944,85.132411
89,0,0,238.733335,137.389398
90,0,0,156.882144,70.094822
91,0,1,62.732768,32.900617
92,0,1,30.054308,56.723212
93,0,0,58.080627,58.11185
94,0,1,100.732181,121.547888
95,0,1,113.604556,104.772813
96,0,1,56.188118,28.98273
97,0,1,65.412458,61.907025
98,0,1,83.661675,125.436153
99,0,0,125.003578,93.35706
100,0,1,57.562181,98.400202
101,0,1,65.602154,65.667311
102,0,0,32.472595,13.727316
103,0,1,50.100358,29.36106
104,0,1,202.123312,112.793688
105,0,1,126.86054,93.946735
106,0,1,169.953029,173.729081
107,0,0,78.389659,62.041288
108,0,0,92.630262,53.258116
109,0,0,59.457164,9.738404
110,0,0,84.307961,88.962525
111,0,1,105.870376,110.507208
112,0,0,102.073482,42.264687
113,0,1,118.82747,77.305593
114,0,1,75.150098,52.177528
115,0,0,63.30216,62.398007
116,0,1,157.302058,124.569025
117,0,0,86.605011,99.554759
118,0,1,51.995111,73.253148
119,0,0,40.22803,27.487554
120,0,0,123.210736,113.064836
121,0,0,123.175453,122.648623
122,0,0,68.410089,90.579023
123,0,1,66.864041,79.413461
124,0,0,82.604286,41.376184
125,0,1,82.012556,72.402713
126,0,1,57.980543,56.457251
127,0,0,55.051188,45.977924
128,0,0,63.618275,49.933631
129,0,1,108.419493,108.683383
130,0,0,42.945783,45.963791
131,0,0,104.683961,71.588863
132,0,1,79.112618,85.670279
133,0,0,62.140131,56.127707
134,0,0,44.018448,90.266743
135,0,0,72.754348,17.60752
136,0,1,32.996958,43.1454
137,0,0,133.608159,167.306952
138,0,1,81.644698,64.573192
139,0,0,106.072535,94.738884
140,0,0,81.656502,88.307083
141,0,1,76.889441,90.324981
142,0,0,135.655584,163.42739
143,0,1,231.774046,124.898932
144,0,0,24.131115,82.122528
145,0,0,96.218677,78.942117
146,0,1,61.609901,57.369989
147,0,1,62.501415,47.494141
148,0,1,144.342798,104.773204
149,0,1,105.001269,88.51858
150,0,0,173.170826,125.387516
151,0,0,134.565984,120.749193
152,0,0,90.553681,70.527006
153,0,0,58.30683,2.858124
154,0,1,143.354723,120.895326
155,0,1,42.36752,-14.017917
156,0,1,72.884564,54.580605
157,0,1,75.373209,87.989399
158,0,0,53.343037,91.50498
159,0,1,39.48922,60.773865
160,0,0,76.75118,25.514947
161,0,1,42.976162,62.719852
162,0,1,108.089495,93.432011
163,0,0,77.819184,65.630996
164,0,0,51.706883,95.574869
165,0,1,123.885205,121.120939
166,0,1,75.771943,136.123616
167,0,0,101.088612,100.074229
168,0,0,146.685861,124.206526
169,0,0,94.941714,69.676679
170,0,0,39.853467,21.896247
171,0,1,169.306196,199.893925
172,0,1,156.187574,122.179959
173,0,0,35.921416,70.246352
174,0,0,137.522268,166.331147
175,0,0,90.285919,100.852707
176,0,0,86.845201,78.766426
177,0,0,80.510742,75.286891
178,0,1,56.814672,74.186434
179,0,1,167.082225,119.758314
180,0,0,70.1991,63.137767
181,0,0,172.170485,156.491475
182,0,1,182.455241,123.436246
183,0,1,120.076353,124.786331
184,0,1,143.187639,111.724624
185,0,1,105.394008,113.629747
186,0,1,52.577911,60.868059
187,0,0,104.510418,30.178646
188,0,1,102.187365,63.552095
189,0,1,66.157842,50.353082
190,0,1,192.017469,115.482414
191,0,1,93.973845,114.76304
192,0,1,125.367358,137.521243
193,0,1,100.189174,92.124805
194,0,0,122.369543,106.996639
195,0,1,143.865677,109.157222
196,0,1,32.261043,-9.505722
197,0,1,92.124255,118.902137
198,0,0,16.693885,5.983662
199,0,1,114.949252,109.345409
200,0,0,10.88387,-3.320004
201,0,1,104.920505,94.408129
202,0,1,44.859767,71.739376
203,0,0,169.418634,139.60552
204,0,1,146.061019,142.092469
205,0,0,84.260225,24.861132
206,0,0,141.278487,96.8353
207,0,0,66.483414,22.563722
208,0,0,135.109287,161.03892
209,0,0,110.375521,76.907936
210,0,0,93.659417,71.525404
211,0,0,118.938753,62.60746
212,0,1,85.096637,44.699727
213,0,0,86.854144,26.744137
214,0,0,181.899673,113.110031
215,0,1,122.722721,95.94533
216,0,1,112.470882,114.038324
217,0,0,145.268687,135.541297
218,0,1,93.765381,73.819415
219,0,0,47.730629,44.469646
220,0,0,61.991959,40.656499
221,0,0,121.682655,58.574116
222,0,0,84.298498,86.79932
223,0,1,105.376553,77.567028
224,0,1,170.055906,184.963159
225,0,0,133.636615,113.483797
226,0,1,106.208586,98.34502
227,0,0,78.748493,57.714315
228,0,1,86.975585,92.023513
229,0,1,82.072079,39.530499
230,0,1,128.677042,109.442388
231,0,1,67.997502,122.985711
232,0,0,111.352851,92.146437
233,0,0,88.426838,16.397376
234,0,0,118.588247,58.598634
235,0,0,153.041053,98.691576
236,0,0,48.494878,98.842362
237,0,0,120.78561,110.471443
238,0,0,61.383648,78.847792
239,0,0,123.488402,85.28455
240,0,0,135.73242,86.783818
241,0,0,120.358513,59.229685
242,0,1,90.447465,56.886372
243,0,1,48.597253,78.094974
244,0,1,89.36783,91.735891
245,0,1,27.579141,28.420434
246,0,1,117.417979,54.526624
247,0,0,178.770928,138.89794
248,0,1,50.311278,73.867982
249,0,0,70.962392,38.316859
250,0,1,117.456108,112.321307
251,0,0,90.915237,10.392646
252,0,0,73.291139,84.439402
253,0,1,113.39118,72.973203
254,0,1,83.486147,84.912835
255,0,0,107.161231,20.958148
256,0,0,109.409764,83.260434
257,0,1,196.443643,142.057717
258,0,0,91.612758,51.830796
259,0,1,116.156232,80.180704
260,0,1,90.413241,64.995079
261,0,0,46.059756,115.829659
262,0,1,55.478243,31.450547
263,0,0,69.462804,61.59638
264,0,0,79.645813,77.707533
265,0,1,169.580051,91.017289
266,0,0,149.105374,146.22438
267,0,1,191.723204,136.723995
268,0,1,133.224747,106.674275
269,0,0,119.402235,114.690157
270,0,0,139.692814,109.934328
271,0,0,30.125,40.629719
272,0,0,100.579914,44.200865
273,0,0,115.020451,75.795053
274,0,0,61.785813,51.124665
275,0,1,129.811967,44.432402
276,0,1,137.832478,106.551785
277,0,1,67.379881,56.070611
278,0,0,112.472744,71.878194
279,0,1,159.855064,141.210467
280,0,0,170.768629,118.43362
281,0,1,22.20715,70.730338
282,0,0,107.130047,88.850366
283,0,0,73.90286,78.875055
284,0,0,37.862495,1.450155
285,0,0,123.415714,116.910309
286,0,0,116.121635,95.476148
287,0,1,117.171324,132.745653
288,0,0,124.835121,113.158013
289,0,1,96.295471,72.905378
290,0,0,52.112826,29.565761
291,0,1,118.101065,124.179864
292,0,0,97.83059,95.83911
293,0,1,76.030184,73.66238
294,0,1,63.509283,98.587383
295,0,0,106.273063,126.04589
296,0,1,146.55686,118.783703
297,0,0,50.968915,-42.726552
298,0,0,72.606229,73.187159
299,0,0,103.211449,95.433776
300,0,1,78.887151,61.023068
301,0,0,113.120157,83.105738
302,0,0,68.117478,70.706169
303,0,0,159.686118,114.67436
304,0,1,36.188965,110.0463
305,0,1,110.041688,100.74214
306,0,0,45.10872,23.125196
307,0,0,182.281872,107.387228
308,0,0,107.538623,40.640053
309,0,1,36.214126,74.876062
310,0,0,77.931166,65.667392
311,0,0,97.412795,97.558602
312,0,1,100.413906,123.734315
313,0,1,78.312547,91.784224
314,0,1,55.007147,48.180723
315,0,1,166.940006,142.064696
316,0,1,43.986404,37.548173
317,0,0,82.093678,98.046524
318,0,1,200.59918,179.213362
319,0,1,112.318184,70.665378
320,0,0,127.712912,109.440062
321,0,1,108.106295,91.838766
322,0,1,33.472859,22.529702
323,0,0,84.650685,91.250992
324,0,1,173.52701,144.165744
325,0,1,83.098711,102.27861
326,0,0,161.017067,73.058036
327,0,0,113.378442,67.637453
328,0,0,158.740249,106.896939
329,0,0,99.00007,52.554243
330,0,1,140.495137,120.509997
331,0,1,79.104011,123.666547
332,0,1,30.875083,31.95147
333,0,0,111.993283,74.205262
334,0,0,123.12981,121.277201
335,0,0,134.176642,128.876319
336,0,0,128.279977,80.173378
337,0,0,84.712006,79.370281
338,0,0,63.47991,145.674611
339,0,0,85.68075,77.302907
340,0,0,71.479453,58.92395
341,0,1,136.654798,102.848315
342,0,1,20.447055,10.938008
343,0,1,103.475303,71.405161
344,0,1,115.429042,117.999433
345,0,1,99.888307,87.399684
346,0,1,56.109686,29.420852
347,0,1,72.187714,41.448622
348,0,1,145.669775,114.844638
349,0,0,31.775039,70.14419
350,0,0,129.122057,111.717531
351,0,0,122.777163,86.620155
352,0,0,155.530995,90.960166
353,0,0,152.135363,72.915168
354,0,1,219.645557,170.46544
355,0,0,12.76365,78.846372
356,0,1,184.080232,139.924136
357,0,0,118.599507,113.630923
358,0,0,129.82136,131.016994
359,0,0,40.175182,46.126156
360,0,1,48.333325,0.08636300000000041
361,0,0,83.929278,66.461497
362,0,0,67.418751,28.375388
363,0,1,129.406874,93.476412
364,0,1,173.087807,124.217456
365,0,1,88.946466,42.470714
366,0,0,100.069201,36.948828
367,0,0,168.863328,135.010419
368,0,0,143.824432,68.309937
369,0,0,164.300379,112.413125
370,0,1,32.693418,19.739688
371,0,1,66.933031,101.002443
372,0,0,72.502194,76.931004
373,0,1,71.103376,-7.974145
374,0,0,146.211553,118.974174
375,0,1,118.990449,69.85575299999999
376,0,1,69.473982,50.113939
377,0,0,184.946475,174.791106
378,0,0,45.010425,40.274747
379,0,1,89.519163,53.560569
380,0,0,51.931855,50.613193
381,0,0,117.046394,86.234842
382,0,0,56.082135,76.976788
383,0,1,125.752418,56.033979
384,0,1,82.088409,56.0491
385,0,1,97.69388,90.217524
386,0,1,130.537695,110.21132
387,0,0,98.936512,86.404389
388,0,1,72.043054,106.604772
389,0,1,83.951222,64.67426900000001
390,0,0,41.989542,128.619146
391,0,0,48.628165,46.056899
392,0,0,63.572795,22.526191
393,0,1,85.741381,54.177152
394,0,0,46.740951,30.517487
395,0,0,88.427548,38.799003
396,0,1,72.980954,84.516775
397,0,0,69.814802,54.900356
398,0,1,81.469145,96.113336
399,0,1,120.507508,80.162976
400,0,0,113.211333,95.784554
401,0,0,140.011447,180.685269
402,0,0,122.661571,40.919276
403,0,0,121.036393,30.580599
404,0,1,148.401917,150.710731
405,0,0,133.442054,133.732375
406,0,0,128.522568,94.978901
407,0,1,57.472555,25.386697
408,0,1,64.745679,110.504005
409,0,1,95.703345,54.891015
410,0,0,107.246723,90.105776
411,0,0,307.796952,196.675227
412,0,0,62.961781,63.625777
413,0,1,112.691586,54.05348
414,0,0,169.458612,75.57703
415,0,0,98.499204,125.714162
416,0,0,121.382405,58.669154
417,0,0,345.524481,268.752896
418,0,1,78.781856,75.704074
419,0,0,220.25756,129.143923
420,0,1,109.425637,60.726835
421,0,0,68.279032,11.396099
422,0,1,84.095127,79.684099
423,0,1,58.098475,40.54385
424,0,1,90.031213,60.53909
425,0,0,87.726728,102.520543
426,0,1,76.587883,98.205654
427,0,1,122.155372,96.923817
428,0,0,176.917925,178.717067
429,0,1,71.913139,125.051378
430,0,1,140.778462,135.176302
431,0,0,131.953076,105.896855
432,0,0,129.501184,107.80507
433,0,1,57.447748,39.884016
434,0,0,75.447367,53.904801
435,0,1,26.662348,29.382999
436,0,1,150.146,119.997171
437,0,0,98.824178,55.917537
438,0,1,52.785491,38.443538
439,0,0,223.852076,134.12178
440,0,1,127.008125,109.480479
441,0,0,137.643972,112.6616
442,0,1,69.863336,79.592056
443,0,0,60.719362,70.633201
444,0,1,115.986609,73.362758
445,0,0,34.831066,63.792752
446,0,1,134.026437,142.517596
447,0,1,73.302638,133.684019
448,0,1,52.444259,43.637707
449,0,0,82.471062,40.662134
450,0,1,100.451724,115.373941
451,0,1,56.592641,57.912009
452,0,0,107.531187,93.09997
453,0,0,111.698771,59.840579
454,0,1,99.217802,84.406205
455,0,1,42.376996,13.583319
456,0,0,30.194419,54.630747
457,0,0,144.069847,110.819376
458,0,0,121.78789,88.972151
459,0,0,126.899027,125.160493
460,0,1,276.389205,163.327684
461,0,1,53.560642,58.522767
462,0,0,113.831763,96.733083
463,0,1,49.55848,41.113603
464,0,1,48.261934,78.02111
465,0,1,94.459635,81.483327
466,0,1,113.816562,82.107068
467,0,0,155.897068,132.352688
468,0,0,65.569142,105.264089
469,0,1,122.87645,64.732467
470,0,0,161.100511,122.535388
471,0,1,112.58266,95.694002
472,0,0,102.557435,4.506279
473,0,0,193.350222,112.004875
474,0,1,159.502264,98.241873
475,0,0,109.259265,68.185323
476,0,1,19.435483,3.340271
477,0,0,34.110562,81.737236
478,0,1,132.940892,151.909875
479,0,0,102.699058,93.179722
480,0,1,64.734253,26.459043
481,0,0,48.872328,37.513727
482,0,1,100.112581,101.473885
483,0,0,103.842613,115.817065
484,0,0,125.9153,88.259877
485,0,1,115.996267,132.676756
486,0,1,30.597888,13.58563
487,0,1,101.406785,37.971333
488,0,1,76.004294,41.206482
489,0,0,137.969105,160.709535
490,0,1,112.018201,101.630943
491,0,0,38.197451,5.071079
492,0,1,121.116489,111.658167
493,0,0,58.241783,41.83996
494,0,1,184.409776,141.95332
495,0,0,111.400908,46.281907
496,0,0,31.092675,12.013811
497,0,1,77.385199,133.59972199999999
498,0,0,105.162776,36.724482
499,0,1,72.312786,60.60128
500,0,0,89.189773,114.498744
501,0,0,136.155766,57.997249
502,0,1,91.149466,51.632959
503,0,1,70.789407,24.611032
504,0,1,203.771775,170.245797
505,0,1,90.952997,110.125294
506,0,0,202.626967,143.279703
507,0,0,115.088012,54.847909
508,0,1,80.826236,98.257826
509,0,1,95.519701,30.728274
510,0,0,104.536361,32.55738
511,0,1,30.660954,112.873126
512,0,0,109.886555,68.341874
513,0,0,81.76373,107.88085
514,0,0,102.377165,76.497282
515,0,1,36.859426,20.116514000000002
516,0,1,65.76609,88.764804
517,0,0,85.577227,126.771279
518,0,0,91.989691,84.604638
519,0,1,77.892279,35.829015999999996
520,0,0,51.59811,113.745172
521,0,0,162.467355,63.204684
522,0,0,38.23726,41.065607
523,0,0,267.778545,170.683327
524,0,1,71.397525,96.16441
525,0,1,56.753191,143.397136
526,0,1,85.601345,63.821109
527,0,1,141.070687,101.968822
528,0,0,142.397566,74.817859
529,0,0,89.783626,49.332375
530,0,1,53.001063,75.937012
531,0,0,70.277712,75.39699
532,0,0,90.887339,12.70632
533,0,1,76.914402,65.809894
534,0,0,49.666275,24.8172
535,0,1,99.766982,122.540252
536,0,1,213.059424,148.429382
537,0,1,52.65613,51.523597
538,0,0,132.495563,109.095423
539,0,1,27.753134,40.255544
540,0,1,33.536821,101.433382
541,0,1,58.965648,78.422565
542,0,1,136.630107,94.617863
543,0,0,119.359046,87.304832
544,0,1,58.530431,34.398061
545,0,0,57.586162,54.578182
546,0,0,121.338637,112.415411
547,0,0,156.962094,99.372073
548,0,0,47.439007,39.905726
549,0,1,107.114014,71.794646
550,0,0,82.898552,88.842053
551,0,1,206.125162,124.980008
552,0,0,160.873105,92.350184
553,0,0,62.979067,35.002094
554,0,0,42.456802,41.579063
555,0,0,101.162879,57.455077
556,0,1,47.350835,80.713102
557,0,0,31.111967,120.801987
558,0,0,40.033149,22.818191
559,0,1,87.243571,143.610491
560,0,0,21.108709,103.446846
561,0,1,108.126421,112.139146
562,0,0,78.517744,120.280001
563,0,0,106.926063,61.89898
564,0,0,48.884801,46.868529
565,0,1,154.796177,153.505152
566,0,0,148.296609,128.338744
567,0,0,52.925741,18.973419
568,0,0,260.121754,182.507812
569,0,1,234.607323,215.221388
570,0,0,82.242027,61.694586
571,0,1,88.613164,77.900025
572,0,0,99.732654,111.648073
573,0,1,50.58052,109.432682
574,0,1,135.989981,142.083354
575,0,0,127.846788,75.987449
576,0,0,109.435318,66.039642
577,0,1,157.311278,153.724983
578,0,0,98.001211,83.541635
579,0,0,85.154364,101.402338
580,0,0,37.161294,52.007817
581,0,1,79.792257,128.55712699999998
582,0,1,127.039544,84.000241
583,0,1,101.204843,81.044657
584,0,0,65.976207,18.917211
585,0,1,68.064264,49.570949
586,0,0,308.983436,184.456365
587,0,0,78.387364,61.622107
588,0,0,61.698929,37.57033
589,0,0,81.998194,17.669756
590,0,0,285.267875,169.671854
591,0,0,172.268054,103.947391
592,0,0,51.68152,88.648535
593,0,0,68.936006,40.715731
594,0,1,135.574454,113.461688
595,0,0,96.976345,108.490503
596,0,1,112.294333,58.033873
597,0,0,58.029425,26.490874
598,0,0,117.988519,119.831428
599,0,0,123.678975,143.951492
600,0,0,47.715382,6.507548
601,0,0,125.343443,105.585115
602,0,0,51.295966,102.443485
603,0,0,99.691607,53.316993
604,0,0,89.320498,103.384842
605,0,1,48.167735,72.836985
606,0,0,84.636409,94.592245
607,0,1,171.329527,115.019721
608,0,1,66.119076,60.301319
609,0,1,138.877807,114.339728
610,0,0,38.232223,70.791646
611,0,1,41.688096,16.844948000000002
612,0,1,32.032295,31.993271
613,0,0,156.278623,112.717267
614,0,1,139.913021,103.061415
615,0,0,77.991627,46.670266
616,0,0,53.448248,36.516713
617,0,0,87.815446,65.783372
618,0,0,83.267131,98.15681
619,0,0,69.281284,82.420542
620,0,0,178.137928,128.847579
621,0,0,135.724836,47.937215
622,0,0,137.484693,110.329586
623,0,0,158.896411,182.399528
624,0,1,210.361877,148.67237
625,0,1,139.343506,150.107585
626,0,1,97.409842,107.579018
627,0,0,52.963652,51.734899
628,0,1,76.407231,91.111745
629,0,1,90.328649,57.108294
630,0,1,96.626936,94.523943
631,0,1,113.771976,129.447807
632,0,1,64.811324,9.186451
633,0,1,118.702495,97.521166
634,0,0,65.390142,77.002377
635,0,0,101.218586,84.825339
636,0,1,82.280161,98.942578
637,0,0,120.330442,64.548972
638,0,1,125.473478,101.47601
639,0,1,171.491714,116.920831
640,0,0,60.443955,18.777076
641,0,1,159.705739,106.242671
642,0,0,29.792661,23.074075
643,0,0,60.253669,34.396907
644,0,1,20.676538,60.487418
645,0,0,63.766791,69.165492
646,0,0,63.142293,50.786321
647,0,0,109.183785,152.936049
648,0,1,55.232611,64.14634000000001
649,0,0,53.327091,49.115015
650,0,1,167.893996,95.740455
651,0,0,52.657572,57.98097
652,0,1,127.402323,57.999736
653,0,0,129.195913,44.209004
654,0,1,103.690936,65.69188
655,0,1,49.442424,40.957434
656,0,0,80.38499,80.10704
657,0,1,91.629098,106.482693
658,0,0,181.818924,119.573172
659,0,1,47.604536,84.590521
660,0,1,80.568631,61.515093
661,0,1,116.054972,84.752605
662,0,1,159.92894,158.553743
663,0,1,108.647919,110.523687
664,0,0,140.983694,140.617775
665,0,1,94.875968,27.942597
666,0,1,32.714876,80.108497
667,0,0,43.776653,79.715701
668,0,1,128.525574,93.191123
669,0,0,98.942399,81.848078
670,0,1,91.601731,9.037644
671,0,1,224.868834,188.196558
672,0,1,100.876196,90.898042
673,0,0,141.379161,191.92177
674,0,1,95.873716,46.352433
675,0,1,102.857518,24.101352
676,0,0,81.897322,78.497256
677,0,0,46.975823,23.332172
678,0,1,20.794288,62.509124
679,0,0,86.147923,75.736711
680,0,1,108.800797,50.122549
681,0,1,72.606216,60.274485
682,0,1,89.947364,45.717004
683,0,0,79.089226,49.188067
684,0,0,103.184039,57.29541
685,0,1,34.463608,1.3044729999999998
686,0,1,267.085722,170.666797
687,0,0,88.582273,99.279476
688,0,0,99.900368,72.606965
689,0,1,95.25016,107.901246
690,0,1,50.880472,73.269806
691,0,0,188.164912,122.410589
692,0,0,135.251626,63.523013
693,0,0,86.131876,27.096619
694,0,1,115.640574,57.917175
695,0,0,99.191583,48.340756
696,0,1,123.68145,124.86669
697,0,0,127.166394,65.68642
698,0,0,65.0532,21.167351
699,0,0,64.369121,68.962417
700,0,1,31.822147,26.258983
701,0,1,59.196177,35.002063
702,0,1,124.498991,96.885653
703,0,1,165.630406,210.481896
704,0,0,110.992139,133.525405
705,0,1,53.620777,87.089397
706,0,0,33.608794,50.305147
707,0,0,109.84653,44.121721
708,0,1,23.240941,75.624073
709,0,1,153.780946,138.955112
710,0,1,89.074316,69.94015
711,0,0,115.291095,106.676057
712,0,1,27.737519,96.216816
713,0,0,64.652365,86.900465
714,0,0,78.127518,34.379136
715,0,0,22.99754,12.925747
716,0,1,71.454992,81.62264
717,0,0,175.496911,128.830775
718,0,1,107.250795,115.182285
719,0,1,48.616592,38.265302
720,0,0,83.188596,85.98811
721,0,1,127.60649,86.503017
722,0,1,21.178949,32.07362
723,0,1,82.351803,91.268202
724,0,1,77.224295,24.240836
725,0,1,73.172438,44.052505
726,0,1,98.750835,60.222981
727,0,1,132.538127,129.213553
728,0,1,86.411592,132.440855
729,0,1,94.475172,34.023599000000004
730,0,0,78.467419,84.955258
731,0,1,73.921187,60.018854
732,0,1,64.272945,75.030497
733,0,0,74.416048,82.95293
734,0,0,126.844967,53.313541
735,0,0,39.447299,50.453084
736,0,1,142.095827,113.02103
737,0,0,102.246278,77.590649
738,0,0,76.842563,73.002304
739,0,1,141.876017,89.582465
740,0,0,80.649322,91.061573
741,0,0,83.783706,79.736104
742,0,0,38.589391,73.609962
743,0,1,91.294287,102.400827
744,0,1,46.952732,81.144419
745,0,0,46.68025,59.516774
746,0,0,72.367872,66.503432
747,0,1,104.563413,113.672442
748,0,1,83.317333,44.201473
749,0,0,55.552211,46.235277
750,0,0,161.198469,87.925771
751,0,0,28.655989,48.728189
752,0,0,140.554249,163.803447
753,0,1,45.870954,51.242767
754,0,0,160.691898,99.254121
755,0,1,82.477773,48.440595
756,0,0,39.397826,67.650395
757,0,1,33.8185,-20.661196
758,0,1,277.702669,181.319029
759,0,0,77.507346,68.454188
760,0,1,193.95238,153.386542
761,0,0,90.495407,81.345924
762,0,1,48.529475,43.995651
763,0,0,152.095089,134.259499
764,0,1,96.258457,1.5055959999999997
765,0,0,21.481621,43.777075
766,0,1,102.649153,82.162344
767,0,0,29.655092,79.351707
768,0,1,73.577344,14.467729
769,0,1,57.626523,33.923631
770,0,1,132.139654,112.492039
771,0,1,77.805185,94.374143
772,0,0,121.485419,126.462148
773,0,1,66.108138,59.86219
774,0,1,48.928768,88.928639
775,0,0,89.493027,76.973909
776,0,1,31.135679,25.560828
777,0,0,106.215018,32.343492
778,0,1,38.789472,57.240625
779,0,0,115.239363,81.875531
780,0,1,203.232661,130.795994
781,0,1,113.869856,124.463289
782,0,0,148.926375,98.926556
783,0,1,109.848544,97.509369
784,0,0,194.63235,179.851097
785,0,0,89.719304,59.160564
786,0,1,36.728824,98.380927
787,0,0,98.867754,119.763145
788,0,1,69.87102,77.582853
789,0,1,38.27257,60.066036
790,0,1,58.948329,37.196289
791,0,1,112.148828,140.840306
792,0,0,38.154437,61.400197
793,0,1,88.893622,77.089567
794,0,0,191.072966,114.199495
795,0,1,168.71655,157.799241
796,0,0,100.627145,62.769947
797,0,0,37.450266,50.164659
798,0,1,18.488814,22.550765
799,0,0,123.643309,60.411687
800,0,0,119.055608,112.833264
801,0,1,56.984757,87.338742
802,0,0,60.898483,66.359948
803,0,0,69.468516,76.541268
804,0,0,99.457909,92.751404
805,0,0,155.714527,145.045072
806,0,1,82.058208,45.54198
807,0,1,49.665298,28.619997
808,0,0,27.59943,5.830094
809,0,1,41.278118,45.374528
810,0,0,53.935355,2.186925
811,0,1,98.26085,106.395618
812,0,1,165.068746,109.57595
813,0,1,164.122443,117.560723
814,0,0,81.60198,77.237302
815,0,0,92.261608,116.429085
816,0,0,110.215769,128.870592
817,0,0,72.102286,90.973066
818,0,0,67.916268,79.220945
819,0,0,74.81393,41.088507
820,0,0,98.500385,94.779456
821,0,1,107.452981,72.650024
822,0,1,50.936047,40.522071
823,0,1,126.600137,54.134434
824,0,1,87.738159,139.869307
825,0,1,88.491893,96.273918
826,0,0,254.304413,136.606871
827,0,0,124.930226,114.37843
828,0,0,106.214274,54.035374
829,0,0,125.562837,84.216958
830,0,0,52.786461,28.649123
831,0,0,26.098619,17.114159
832,0,0,50.641282,26.108272
833,0,1,139.68961,56.857452
834,0,1,186.845949,98.870617
835,0,1,162.702533,89.173021
836,0,1,52.329033,94.223469
837,0,0,82.806747,42.428592
838,0,1,71.315957,92.423039
839,0,0,139.931338,127.421581
840,0,0,106.849506,92.689867
841,0,1,81.738221,120.252121
842,0,1,112.72232,110.640287
843,0,0,105.654864,51.213492
844,0,1,106.16048,138.78448
845,0,0,93.379225,81.763196
846,0,1,55.205989,69.610195
847,0,0,66.711998,81.105495
848,0,1,67.636271,92.895425
849,0,0,72.739428,51.918138
850,0,1,54.874226,77.267886
851,0,0,46.011273,40.472289
852,0,0,66.006985,83.487765
853,0,1,74.210093,79.657917
854,0,0,111.745849,79.747269
855,0,0,116.324819,75.473908
856,0,1,139.532974,118.287291
857,0,0,43.371983,-7.031412
858,0,1,195.050359,131.202137
859,0,1,31.063646,83.324138
860,0,1,97.067857,60.841794
861,0,1,164.894557,115.063459
862,0,1,132.628121,111.053719
863,0,1,87.084495,105.185939
864,0,0,57.107952,59.881361
865,0,1,51.313105,67.421009
866,0,1,49.417696,41.595917
867,0,1,100.32558,84.447947
868,0,1,82.219278,67.903638
869,0,0,60.718341,16.553347
870,0,0,99.329232,58.884077
871,0,0,65.262911,89.185897
872,0,1,51.667794,77.61739
873,0,1,102.891042,85.521444
874,0,1,73.683188,81.036287
875,0,0,104.824727,20.773955
876,0,0,176.194257,106.964894
877,0,0,117.510467,84.947131
878,0,1,65.962599,63.600811
879,0,0,65.863826,103.409663
880,0,1,155.372565,156.018447
881,0,0,122.06076,55.868271
882,0,1,104.797386,136.108247
883,0,1,154.897911,150.420613
884,0,1,105.307991,138.400795
885,0,1,71.725588,61.682525
886,0,1,75.214656,11.465435
887,0,1,66.684411,108.274799
888,0,0,62.507309,10.811782
889,0,1,87.833105,59.245054
890,0,0,110.618836,54.282731
891,0,0,76.527457,39.743806
892,0,1,67.609233,62.92842
893,0,1,98.482599,98.263654
894,0,1,50.57701,26.394451
895,0,1,112.916729,94.319171
896,0,0,112.861797,180.411972
897,0,1,104.849245,166.012875
898,0,0,132.216009,65.865328
899,0,0,118.942384,46.052018
900,0,0,150.837868,112.78086
901,0,0,121.861382,65.788848
902,0,0,128.155889,91.352757
903,0,0,123.876914,99.507618
904,0,0,62.922609,81.797826
905,0,1,63.403865,48.611625
906,0,1,19.097025,-24.926227
907,0,1,168.558608,167.081025
908,0,1,103.237123,65.78567000000001
909,0,0,54.728665,44.064889
910,0,1,112.15433,103.094494
911,0,0,88.637295,121.173268
912,0,1,84.034517,50.915457
913,0,0,95.23507,47.793311
914,0,0,125.198403,118.259446
915,0,1,176.69596,160.341183
916,0,1,105.847888,136.162369
917,0,0,119.436595,87.800376
918,0,0,66.226451,99.202101
919,0,1,162.210637,168.813868
920,0,1,137.777002,94.287588
921,0,1,20.390028,27.89585
922,0,1,86.727843,89.21632
923,0,1,221.026651,138.581474
924,0,1,226.901654,113.289452
925,0,0,53.459601,25.657089
926,0,1,174.868319,174.214829
927,0,0,185.615181,136.761667
928,0,1,36.242117,29.053019
929,0,0,83.811134,63.274316
930,0,0,111.398645,70.03401
931,0,0,100.054102,76.655166
932,0,1,147.134007,123.473549
933,0,1,25.538553,28.884053
934,0,0,84.269334,102.361659
935,0,0,58.646312,22.953262
936,0,0,79.132509,66.551413
937,0,1,103.500293,117.914726
938,0,0,122.881095,79.576045
939,0,0,45.215906,35.556198
940,0,1,73.042855,54.718972
941,0,0,94.626408,66.391557
942,0,1,68.030883,62.053253
943,0,0,94.273629,26.081832
944,0,1,74.949299,-10.393431
945,0,0,66.741268,100.517053
946,0,1,137.309846,124.324015
947,0,1,38.163337,27.032015
948,0,1,169.727558,115.740524
949,0,0,55.790282,90.567187
950,0,0,31.820737,17.206619
951,0,0,65.099155,39.069232
952,0,0,211.81231,109.209701
953,0,1,166.83287,92.530923
954,0,1,70.354997,37.586451
955,0,0,141.652853,172.280019
956,0,0,88.169961,36.361597
957,0,1,130.392691,91.388871
958,0,1,78.353573,62.721452
959,0,0,56.99205,99.094413
960,0,0,81.826305,43.52092
961,0,0,95.306091,153.187373
962,0,1,115.119527,85.624714
963,0,1,213.755125,199.766239
964,0,0,84.330495,117.739383
965,0,0,48.013584,40.459345
966,0,0,180.788609,115.409975
967,0,1,176.956766,160.471491
968,0,1,176.177273,141.799686
969,0,1,85.550904,80.780391
970,0,1,26.006144,36.201837
971,0,0,103.620001,54.841397
972,0,1,133.972213,66.861412
973,0,0,135.416989,114.936934
974,0,1,74.842381,50.373256
975,0,0,65.184963,80.042812
976,0,0,105.413125,65.335807
977,0,1,158.133042,142.125285
978,0,1,42.081902,64.647295
979,0,1,39.793922,36.171883
980,0,1,236.359376,165.295142
981,0,0,103.872329,56.970139
982,0,0,74.118106,36.872972
983,0,0,147.561508,121.400263
984,0,1,150.282644,135.808032
985,0,0,59.729023,41.364214
986,0,1,55.671875,67.25013799999999
987,0,1,92.902426,4.151568
988,0,1,38.710841,33.934872999999996
989,0,1,95.410732,27.960848
990,0,0,127.906957,98.987574
991,0,0,72.883335,103.067319
992,0,0,137.371787,89.227379
993,0,1,138.179044,79.194099
994,0,0,70.309876,112.715758
995,0,0,58.393759,60.892649
996,0,0,85.086669,110.362996
997,0,0,119.756549,140.921898
998,0,0,88.655563,55.342093
999,0,1,80.899924,41.066302
1000,0,0,92.694225,125.448288
1001,0,1,55.790634,25.450705
1002,0,0,100.753237,102.831401
1003,0,0,230.685087,161.710183
1004,0,0,71.883251,103.456069
1005,0,1,37.597274,58.919021
1006,0,1,157.81736,100.788994
1007,0,1,100.608892,120.660863
1008,0,0,100.32151,86.634284
1009,0,0,138.670007,75.567034
1010,0,1,206.022078,217.148389
1011,0,1,122.124885,25.059121
1012,0,0,166.69225,164.809188
1013,0,1,113.792931,87.586536
1014,0,1,132.312965,51.426594
1015,0,0,64.310219,42.580519
1016,0,0,202.172578,135.870352
1017,0,0,42.923705,-7.184244
1018,0,1,40.001327,8.518394
1019,0,0,143.471356,85.803077
1020,0,0,51.56766,64.672181
1021,0,1,131.481552,109.534235
1022,0,0,52.978326,8.142218
1023,0,1,104.030319,134.342111
1024,0,0,41.908094,62.616315
1025,0,1,207.037448,95.365012
1026,0,1,92.041257,92.388438
1027,0,1,96.892208,86.926101
1028,0,1,157.673618,102.208103
1029,0,0,144.998435,54.255332
1030,0,1,62.836767,83.872697
1031,0,1,85.000649,35.789244
1032,0,1,185.43664,160.687932
1033,0,0,25.721468,94.452238
1034,0,1,41.913084,54.485399
1035,0,1,137.080353,103.535037
1036,0,0,283.631397,183.153409
1037,0,1,133.257263,170.645624
1038,0,0,93.595743,72.554056
1039,0,1,230.692872,162.438717
1040,0,1,156.881218,158.854006
1041,0,1,32.626644,46.415894
1042,0,0,102.051515,71.155585
1043,0,0,103.786242,94.045091
1044,0,0,120.46985,60.682594
1045,0,1,160.016503,80.001038
1046,0,1,52.114682,29.333178
1047,0,1,176.534241,169.413104
1048,0,1,45.613675,54.278373
1049,0,1,47.198826,45.154314
1050,0,0,145.091005,96.563056
1051,0,1,22.403212,74.735583
1052,0,1,67.742019,50.478789
1053,0,0,101.032152,92.015819
1054,0,0,119.376772,100.951306
1055,0,1,97.37218,146.41607
1056,0,1,59.714118,89.330048
1057,0,0,79.045491,86.336298
1058,0,0,132.895319,128.480607
1059,0,1,73.593219,58.003551
1060,0,1,107.277685,144.335677
1061,0,0,75.449983,54.681995
1062,0,1,70.117942,37.998487999999995
1063,0,1,64.879822,70.694188
1064,0,1,174.549144,142.582471
1065,0,0,64.968882,111.316239
1066,0,0,73.326391,102.461408
1067,0,1,74.367484,90.604428
1068,0,0,95.710357,55.739005
1069,0,0,63.474984,88.468125
1070,0,0,35.518718,42.626593
1071,0,1,78.849368,104.459118
1072,0,1,82.051125,84.448965
1073,0,0,27.503649,46.105977
1074,0,1,117.010171,66.68211500000001
1075,0,0,138.448348,69.215802
1076,0,1,53.828804,50.720856
1077,0,0,79.997402,110.340531
1078,0,1,57.637467,44.892427
1079,0,0,284.784137,211.44048
1080,0,0,91.218916,82.625233
1081,0,1,44.722824,45.064192
1082,0,0,90.024291,98.310941
1083,0,1,213.810416,162.725937
1084,0,1,94.710932,83.328418
1085,0,1,216.29014,97.490662
1086,0,0,124.222552,46.337983
1087,0,0,188.212635,97.305751
1088,0,0,70.808626,186.963123
1089,0,1,130.809839,129.058785
1090,0,0,80.091799,94.878946
1091,0,0,70.659542,94.840217
1092,0,1,151.17484,157.290985
1093,0,0,30.869359,14.63821
1094,0,1,87.042407,23.768649
1095,0,1,165.218098,98.721175
1096,0,0,32.805912,53.787227
1097,0,0,136.382078,97.132457
1098,0,0,126.874468,96.606038
1099,0,1,69.641433,43.172924
1100,0,1,196.463681,125.121765
1101,0,1,119.664333,121.642851
1102,0,1,108.072799,57.949631
1103,0,0,145.066253,125.725263
1104,0,1,111.336399,88.983341
1105,0,1,81.788764,57.466176
1106,0,0,64.312475,49.603193
1107,0,1,71.210135,57.133808
1108,0,1,99.433257,97.973179
1109,0,1,46.863112,16.109026
1110,0,1,65.060755,52.48192
1111,0,0,128.664505,93.479315
1112,0,1,21.0654,44.568601
1113,0,1,128.716064,78.06982
1114,0,0,251.754829,150.290794
1115,0,1,141.704405,90.770468
1116,0,0,134.713967,91.86709
1117,0,1,95.037347,59.843841
1118,0,1,91.516858,29.321696
1119,0,0,94.776201,79.546915
1120,0,0,91.608273,117.079
1121,0,0,97.593598,141.861372
1122,0,0,125.896693,66.652399
1123,0,1,39.936064,101.893893
1124,0,1,153.059494,138.136672
1125,0,1,65.385123,64.936779
1126,0,1,62.404733,48.604229
1127,0,0,71.840143,60.99113
1128,0,1,128.495334,134.460006
1129,0,0,100.783545,110.652317
1130,0,0,114.248689,71.378823
1131,0,0,81.254088,124.252634
1132,0,0,142.199901,70.62987
1133,0,1,80.38262,77.956891
1134,0,0,88.561353,21.938065
1135,0,1,86.152381,48.881084
1136,0,0,88.00189,51.013492
1137,0,1,39.840179,41.123305
1138,0,1,133.460089,110.712634
1139,0,0,59.281069,8.352476
1140,0,0,162.050517,130.48482
1141,0,0,306.697504,243.270116
1142,0,1,66.062617,83.746534
1143,0,1,55.817374,24.722634
1144,0,1,66.917137,74.256847
1145,0,1,40.31543,32.68212
1146,0,1,73.39977,46.868204
1147,0,1,20.674234,90.875978
1148,0,1,132.541876,95.60996
1149,0,0,179.670226,118.034087
1150,0,0,149.336381,120.801595
1151,0,0,152.956919,102.411726
1152,0,0,130.378238,93.955621
1153,0,1,59.882822,85.662172
1154,0,0,13.30174,-7.694525
1155,0,1,126.696985,68.383454
1156,0,1,78.350139,102.222329
1157,0,0,121.211979,105.067003
1158,0,0,45.062059,61.901857
1159,0,1,39.466504,3.557196
1160,0,0,61.756532,19.411622
1161,0,1,21.449818,25.914356
1162,0,1,98.603588,84.130515
1163,0,0,95.3787,95.643928
1164,0,1,112.926003,97.629398
1165,0,0,88.688763,85.138611
1166,0,1,123.923028,88.110933
1167,0,0,106.523765,152.132337
1168,0,0,131.858254,89.479102
1169,0,1,116.370588,75.694798
1170,0,1,27.801315,53.333404
1171,0,0,127.980153,96.089447
1172,0,0,39.743206,-5.580918
1173,0,1,30.573104,24.115624
1174,0,1,43.521692,14.674167
1175,0,1,44.103415,87.786179
1176,0,1,230.197529,185.7428
1177,0,1,89.289852,85.620276
1178,0,1,70.75985,97.440296
1179,0,0,46.66877,60.685121
1180,0,0,60.892015,12.537893
1181,0,0,50.050136,70.533882
1182,0,0,53.883378,80.785775
1183,0,0,115.537784,69.912171
1184,0,0,77.3208,88.202247
1185,0,1,26.563918,63.26033
1186,0,0,54.972856,7.462975
1187,0,1,54.505953,90.26254
1188,0,1,82.043317,59.919332
1189,0,0,52.121017,35.639022
1190,0,0,115.514844,117.311669
1191,0,1,34.484553,32.223036
1192,0,0,84.188285,61.205246
1193,0,0,55.06707,30.543345
1194,0,1,56.924843,54.232021
1195,0,1,40.946257,89.259216
1196,0,1,106.997123,72.548694
1197,0,1,158.014236,94.915474
1198,0,1,40.199242,-9.751695
1199,0,1,54.781508,104.723153
1200,0,0,164.894249,134.140758
1201,0,0,143.40003,97.794344
1202,0,1,81.017615,37.941511
1203,0,1,51.9816,42.889082
1204,0,1,96.059139,72.988323
1205,0,0,188.202251,81.555662
1206,0,0,103.621229,108.256612
1207,0,1,170.751137,143.246737
1208,0,1,132.736836,135.76821
1209,0,1,57.355016,45.669653
1210,0,0,97.501566,59.093758
1211,0,1,101.687079,53.2844
1212,0,0,49.972562,101.633577
1213,0,0,207.533998,169.868471
1214,0,0,43.397216,71.619062
1215,0,0,164.865482,163.023858
1216,0,0,110.660192,32.149872
1217,0,1,64.555514,38.37442
1218,0,1,114.80342,113.148539
1219,0,0,155.069088,108.670882
1220,0,0,56.534167,68.726339
1221,0,1,178.22583,162.803386
1222,0,0,101.453087,109.557425
1223,0,0,64.872331,36.921
1224,0,1,58.306171,116.461172
1225,0,1,149.84155,125.698118
1226,0,0,96.935618,63.878616
1227,0,0,75.011534,65.489738
1228,0,1,85.673227,60.75075
1229,0,0,145.807605,123.360687
1230,0,1,138.126612,131.502383
1231,0,1,92.257393,113.49192
1232,0,0,97.483449,63.755657
1233,0,0,102.9627,60.1713
1234,0,0,41.644421,-0.247862
1235,0,1,262.739259,185.646543
1236,0,0,38.529317,53.050623
1237,0,0,111.587837,74.534612
1238,0,1,95.32749,78.254954
1239,0,0,26.48916,53.571955
1240,0,0,33.551373,-21.553917
1241,0,0,89.263906,91.825072
1242,0,0,69.837178,111.833991
1243,0,1,85.763046,66.187439
1244,0,1,116.669034,114.922091
1245,0,1,242.938969,148.54599
1246,0,0,112.314902,71.595249
1247,0,0,160.601481,107.580101
1248,0,0,63.537586,23.880676
1249,0,1,102.218155,105.464457
1250,0,0,75.20437,49.951451
1251,0,1,334.354495,194.834564
1252,0,0,68.366223,57.545301
1253,0,1,63.640681,111.748706
1254,0,1,45.822951,30.52648
1255,0,1,190.804326,186.58497
1256,0,1,41.672588,8.267531
1257,0,0,104.845427,95.022069
1258,0,1,70.042911,122.02916
1259,0,1,165.840592,145.728175
1260,0,1,59.304935,118.124773
1261,0,1,166.124715,87.576532
1262,0,0,89.002561,69.794576
1263,0,0,83.580351,34.212362
1264,0,1,212.033636,158.123795
1265,0,1,79.460294,101.316903
1266,0,1,50.445308,55.694636
1267,0,1,64.619449,71.083257
1268,0,1,108.35897,86.501901
1269,0,1,100.543446,109.852856
1270,0,0,104.067632,75.979003
1271,0,1,110.957762,95.291937
1272,0,1,44.278413,67.83696499999999
1273,0,0,75.504736,45.601477
1274,0,0,27.239258,66.85718
1275,0,1,76.792118,12.488252
1276,0,1,132.144203,107.684842
1277,0,1,188.767544,176.818794
1278,0,0,77.273092,110.239581
1279,0,0,45.532163,8.333023
1280,0,0,41.682253,57.676624
1281,0,0,185.041102,68.807501
1282,0,0,151.736166,64.789861
1283,0,0,44.450554,4.774113
1284,0,0,24.00468,98.971341
1285,0,1,71.339597,33.607845999999995
1286,0,0,166.53542,71.326855
1287,0,0,57.20678,18.05569
1288,0,1,29.113722,35.763253
1289,0,0,55.02338,51.860282
1290,0,0,75.603669,83.510397
1291,0,0,64.016544,34.483114
1292,0,0,38.502356,25.724274
1293,0,0,91.679049,66.630188
1294,0,0,127.059129,129.899574
1295,0,1,59.642059,60.304289
1296,0,0,103.631511,71.629242
1297,0,0,103.690511,42.430455
1298,0,1,109.094179,95.089012
1299,0,1,85.415867,31.207727
1300,0,0,116.15105,149.566949
1301,0,0,101.611552,86.394342
1302,0,1,127.189499,114.930802
1303,0,1,113.544692,120.318218
1304,0,1,55.224133,81.573944
1305,0,1,151.237418,124.945562
1306,0,1,131.04804,110.542842
1307,0,0,57.09436,35.873598
1308,0,0,59.067204,40.376939
1309,0,0,103.139557,120.37918
1310,0,0,42.714273,75.721556
1311,0,1,135.375653,90.22637
1312,0,0,37.803079,31.974295
1313,0,1,106.339454,98.484261
1314,0,1,109.151779,79.453793
1315,0,0,86.591048,29.331921
1316,0,0,83.658065,41.210406
1317,0,1,115.534022,111.016857
1318,0,1,58.279677,100.090153
1319,0,1,49.554379,41.286626
1320,0,1,41.447731,63.580557
1321,0,0,94.38748,44.521257
1322,0,1,83.317302,94.086677
1323,0,0,204.046625,155.770673
1324,0,0,184.847724,148.682002
1325,0,1,81.541503,103.370641
1326,0,0,83.797791,61.287859
1327,0,0,106.066765,56.363728
1328,0,1,19.195055,33.410789
1329,0,0,23.815227,86.379963
1330,0,0,79.102669,31.491588
1331,0,0,94.885498,48.950277
1332,0,1,106.485341,62.201637
1333,0,0,80.468146,84.989869
1334,0,0,53.389145,32.624781
1335,0,0,52.836079,80.833254
1336,0,1,153.8125,65.683193
1337,0,0,51.649721,13.358722
1338,0,0,84.308773,42.445649
1339,0,0,96.053181,97.706149
1340,0,1,226.846781,184.356522
1341,0,0,93.909808,50.767639
1342,0,0,166.616493,113.03417
1343,0,0,116.026721,81.522324
1344,0,1,105.263095,112.950161
1345,0,1,174.773548,145.379293
1346,0,0,221.155832,155.928889
1347,0,0,18.916013,23.179151
1348,0,1,90.899312,65.949843
1349,0,1,56.843208,8.637684
1350,0,0,61.485105,-10.665333
1351,0,0,157.125533,137.401179
1352,0,0,129.565566,137.088761
1353,0,1,68.986977,58.863568
1354,0,0,105.015206,49.876167
1355,0,1,71.592527,54.535688
1356,0,1,101.22838,94.725634
1357,0,1,120.536831,114.032495
1358,0,0,79.500339,126.374846
1359,0,0,76.686666,64.811472
1360,0,0,77.219526,4.188431
1361,0,0,187.889482,208.918647
1362,0,1,218.096614,159.699996
1363,0,1,99.344674,55.957637
1364,0,1,58.823691,70.161578
1365,0,1,189.132158,144.859473
1366,0,1,227.959003,147.580268
1367,0,0,28.175645,22.302549
1368,0,1,101.861451,80.014114
1369,0,0,74.514036,64.560579
1370,0,1,171.870787,121.096854
1371,0,1,47.771945,43.572727
1372,0,0,89.230061,52.21818
1373,0,1,143.203398,103.661752
1374,0,0,72.362946,64.041459
1375,0,1,168.346513,98.746111
1376,0,0,81.01791,80.306968
1377,0,0,62.258951,38.697192
1378,0,1,33.326438,53.881725
1379,0,0,53.571267,7.543903
1380,0,0,119.246834,155.800984
1381,0,0,112.62335,60.675303
1382,0,1,103.020704,143.065352
1383,0,0,81.690819,50.628277
1384,0,1,58.780661,50.254211
1385,0,0,60.830104,86.03376
1386,0,1,76.926583,78.605706
1387,0,0,109.585921,146.493971
1388,0,0,64.464593,85.578273
1389,0,0,141.766821,85.250466
1390,0,1,110.481584,79.845241
1391,0,1,150.617192,135.673506
1392,0,0,191.925095,121.685875
1393,0,0,90.766265,95.039723
1394,0,0,136.130874,75.179807
1395,0,1,97.256477,127.212835
1396,0,0,163.322984,117.644559
1397,0,1,46.220776,32.252008000000004
1398,0,0,138.226491,92.921254
1399,0,0,39.78756,32.060054
1400,0,1,132.148121,109.337781
1401,0,1,159.230564,118.216488
1402,0,1,114.213038,126.131273
1403,0,0,32.476046,47.538956
1404,0,1,89.976447,71.527256
1405,0,1,88.930506,52.528361
1406,0,0,94.485425,47.359774
1407,0,1,159.063087,151.31131
1408,0,0,83.080606,83.969013
1409,0,1,78.382641,119.818776
1410,0,0,311.864508,143.296391
1411,0,1,103.735727,124.54122
1412,0,1,234.805542,138.920015
1413,0,1,76.770239,84.957664
1414,0,0,99.398834,63.550589
1415,0,1,87.589978,78.779385
1416,0,0,39.617859,5.075791
1417,0,0,164.790006,108.579348
1418,0,0,106.542585,113.560073
1419,0,0,124.091292,68.402083
1420,0,0,47.63569,69.535696
1421,0,0,108.902466,72.250247
1422,0,0,150.070885,137.398632
1423,0,1,100.888123,49.69997
1424,0,0,204.380251,138.269902
1425,0,1,95.789526,86.57305
1426,0,1,11.810696,51.058909
1427,0,0,104.823477,78.625473
1428,0,1,70.161331,23.730921
1429,0,0,74.238471,60.390379
1430,0,1,105.7259,14.548412
1431,0,1,66.93163,77.321085
1432,0,0,93.979655,22.997122
1433,0,1,29.456484,46.38301
1434,0,0,51.020083,11.883124
1435,0,1,137.784206,115.058277
1436,0,0,156.560581,141.243094
1437,0,0,171.986952,140.685188
1438,0,1,163.422648,115.909027
1439,0,0,39.379632,14.557203
1440,0,1,145.857308,113.685633
1441,0,1,150.820577,96.545006
1442,0,0,140.69723,126.846455
1443,0,0,66.184688,57.208144
1444,0,0,168.142195,111.890266
1445,0,1,87.977751,72.378536
1446,0,1,43.038646,-1.8546009999999997
1447,0,0,60.52194,54.086888
1448,0,0,108.713424,82.863827
1449,0,1,127.563239,138.304529
1450,0,0,78.074626,47.126464
1451,0,0,126.436766,106.511155
1452,0,1,107.431345,71.748815
1453,0,0,124.224034,90.652847
1454,0,0,63.698088,47.313304
1455,0,1,69.675406,159.10191
1456,0,0,93.320658,37.689368
1457,0,0,187.074945,130.967555
1458,0,0,23.738993,61.551599
1459,0,0,132.682964,57.378488
1460,0,0,57.484945,89.529512
1461,0,0,73.404236,81.287231
1462,0,0,127.992009,80.001748
1463,0,1,49.083483,82.631846
1464,0,0,150.958957,103.884598
1465,0,1,109.810138,47.263691
1466,0,1,110.766811,113.806131
1467,0,1,97.4308,83.868128
1468,0,1,88.849671,106.179037
1469,0,1,75.296198,85.803164
1470,0,0,93.329156,43.726757
1471,0,1,63.87878,57.965177
1472,0,1,153.842339,147.100634
1473,0,1,119.839351,82.221558
1474,0,0,38.398535,41.985042
1475,0,0,70.021516,25.591791
1476,0,1,60.99639,126.005581
1477,0,1,44.137197,78.124062
1478,0,1,40.332314,14.807609
1479,0,1,147.58026,65.094137
1480,0,1,84.496857,50.804882
1481,0,1,88.285678,78.67482
1482,0,0,229.277465,150.962463
1483,0,1,144.984996,122.652191
1484,0,1,53.23379,71.815687
1485,0,0,120.556938,107.009419
1486,0,1,102.615705,83.611659
1487,0,1,148.121251,70.41301
1488,0,1,109.499137,128.64881300000002
1489,0,0,120.037559,92.11971
1490,0,0,52.115139,90.076055
1491,0,1,41.681997,82.30362
1492,0,1,140.95605,110.78531
1493,0,0,93.180272,126.114063
1494,0,0,61.424636,84.247341
1495,0,1,47.796325,17.470387000000002
1496,0,1,112.746625,19.896881999999998
1497,0,0,87.755721,119.184962
1498,0,0,187.64747,206.486389
1499,0,0,67.601017,115.002603
1500,0,0,94.996705,78.468473
1501,0,1,35.867321,58.678699
1502,0,0,112.090989,60.663068
1503,0,1,105.858624,61.166008
1504,0,1,154.629146,81.181255
1505,0,0,270.09227,193.129234
1506,0,0,64.111914,102.438443
1507,0,0,105.476351,51.566976
1508,0,0,55.980032,79.53673
1509,0,1,44.747832,58.568211
1510,0,0,78.411302,32.620357
1511,0,1,93.753861,72.524877
1512,0,0,87.463716,86.053634
1513,0,1,50.952769,4.544282
1514,0,1,132.237731,80.904897
1515,0,1,25.222998,116.837344
1516,0,0,77.352118,86.228148
1517,0,1,39.214044,88.441497
1518,0,0,54.705273,13.066412
1519,0,1,102.16591,60.392036
1520,0,0,67.55189,59.243353
1521,0,0,170.017835,139.912659
1522,0,1,99.971065,121.176067
1523,0,0,176.861256,108.51109
1524,0,0,62.601593,16.891556
1525,0,1,104.547014,149.467208
1526,0,1,70.13425,57.44131
1527,0,1,174.292037,126.133156
1528,0,1,74.595574,66.99746400000001
1529,0,0,80.079997,96.113248
1530,0,1,32.458447,-40.653519
1531,0,1,203.086576,140.385731
1532,0,1,234.463123,160.445561
1533,0,1,86.252394,84.285894
1534,0,0,37.726067,54.146348
1535,0,0,96.694048,122.67181
1536,0,0,192.206446,167.545118
1537,0,0,94.422984,111.947953
1538,0,0,68.96966,51.077493
1539,0,1,122.050866,87.757179
1540,0,1,233.366871,187.205958
1541,0,0,56.096684,83.173481
1542,0,0,53.402608,52.826923
1543,0,0,111.070327,56.419516
1544,0,1,148.197646,109.347733
1545,0,0,48.524543,46.286786
1546,0,0,137.284863,105.645733
1547,0,1,107.289394,109.862366
1548,0,1,112.682969,71.536115
1549,0,0,69.541986,115.282814
1550,0,0,175.947589,148.26137
1551,0,0,144.79268,135.615679
1552,0,1,74.688396,26.629129
1553,0,0,189.25346,141.562141
1554,0,1,121.117559,90.295498
1555,0,0,36.589051,13.984512
1556,0,0,120.564837,114.477169
1557,0,1,79.648882,52.798961
1558,0,1,26.660579,22.184728
1559,0,1,148.782709,167.892296
1560,0,1,84.869949,74.043794
1561,0,0,178.652008,125.877635
1562,0,0,105.177119,80.073061
1563,0,0,140.664935,122.818288
1564,0,0,112.695241,111.335044
1565,0,0,296.615626,175.380586
1566,0,0,106.968057,69.328312
1567,0,1,63.273224,74.355504
1568,0,1,104.193359,102.10625
1569,0,0,180.31702,133.791402
1570,0,1,109.192126,122.331971
1571,0,0,35.701005,-5.248663
1572,0,0,60.130243,122.751675
1573,0,0,144.940165,114.765179
1574,0,1,51.462175,82.033068
1575,0,0,261.035526,181.509032
1576,0,0,114.56445,72.520497
1577,0,1,142.49052,148.45029
1578,0,0,167.726544,75.267227
1579,0,0,70.976911,129.684372
1580,0,0,47.945829,25.069429
1581,0,1,117.937642,73.006245
1582,0,0,150.605642,129.811855
1583,0,1,60.478628,48.108979
1584,0,0,86.612999,80.198736
1585,0,1,64.428415,36.187307000000004
1586,0,1,85.45369,86.558371
1587,0,0,38.049012,52.848838
1588,0,1,92.224691,125.377812
1589,0,1,101.609819,125.737386
1590,0,0,148.9106,122.631276
1591,0,0,73.255465,91.108722
1592,0,0,80.953311,6.8177
1593,0,0,71.578966,75.12586
1594,0,0,55.717837,39.680916
1595,0,1,72.007478,94.258823
1596,0,0,99.16024,4.589206
1597,0,0,152.084201,109.078464
1598,0,1,21.42299,32.1485
1599,0,1,120.388397,126.571121
1600,0,1,9.699021,2.027906
1601,0,0,75.038248,40.234887
1602,0,0,64.331659,28.147423
1603,0,0,157.84089,125.775236
1604,0,0,25.881005,16.458411
1605,0,1,116.096024,75.550904
1606,0,0,123.409672,97.74138
1607,0,1,61.001973,74.153046
1608,0,1,79.502419,91.198111
1609,0,1,41.96776,30.584989
1610,0,0,138.584998,124.955541
1611,0,0,69.297194,101.334754
1612,0,0,108.562144,94.481236
1613,0,1,104.098816,85.076179
1614,0,1,44.029881,35.919472
1615,0,0,84.060618,10.896971
1616,0,1,58.888826,84.098122
1617,0,0,110.372723,103.053893
1618,0,0,102.044273,81.853532
1619,0,0,224.586223,160.028833
1620,0,1,38.748876,58.659658
1621,0,0,90.031832,85.813952
1622,0,0,214.420748,109.153539
1623,0,0,62.408616,7.38988
1624,0,0,120.250964,60.261404
1625,0,1,155.469897,135.038556
1626,0,0,49.898788,31.423242
1627,0,1,70.817447,16.561007
1628,0,1,156.094171,114.544562
1629,0,1,157.265996,76.470813
1630,0,1,84.725488,82.751434
1631,0,1,41.987104,-7.73523
1632,0,0,40.907813,34.837234
1633,0,1,71.592686,56.848612
1634,0,0,17.65701,63.692172
1635,0,1,122.343192,77.622687
1636,0,1,147.939877,93.378767
1637,0,0,107.827681,87.411968
1638,0,0,120.702042,110.322768
1639,0,0,116.433091,94.199558
1640,0,0,93.510722,77.497776
1641,0,0,47.845076,57.811974
1642,0,1,34.387287,68.51917499999999
1643,0,0,100.470878,150.843742
1644,0,1,134.114792,134.00411
1645,0,1,21.479546,53.599871
1646,0,1,190.340993,179.172384
1647,0,0,136.405368,94.274336
1648,0,0,90.992475,78.518966
1649,0,0,199.711523,185.399829
1650,0,0,49.95024,20.821632
1651,0,1,45.684046,48.512209
1652,0,0,91.730758,47.861831
1653,0,0,79.392405,16.741285
1654,0,1,74.806214,35.084812
1655,0,1,22.78298,32.425309
1656,0,0,109.762068,91.129532
1657,0,0,118.623773,84.114985
1658,0,1,159.118242,128.485293
1659,0,1,72.527821,45.391302
1660,0,0,128.731806,113.084815
1661,0,1,57.417107,82.670248
1662,0,0,73.410966,65.969717
1663,0,0,108.717732,94.248827
1664,0,0,48.581252,58.775372
1665,0,0,205.312605,121.288224
1666,0,1,62.346612,76.759832
1667,0,1,73.5483,73.927495
1668,0,1,101.640727,86.039957
1669,0,1,91.282639,97.144735
1670,0,1,132.131496,99.732671
1671,0,0,249.534743,174.517564
1672,0,1,83.983946,90.669011
1673,0,0,98.902224,65.974297
1674,0,0,158.35665,93.331221
1675,0,0,79.786685,23.294728
1676,0,0,56.546143,61.708366
1677,0,1,50.134958,14.924432
1678,0,1,115.575086,88.299733
1679,0,0,54.600314,33.958273
1680,0,0,80.638743,104.439771
1681,0,0,43.765065,60.614395
1682,0,1,71.373198,30.25003
1683,0,1,44.755394,21.264122
1684,0,0,92.630763,86.526416
1685,0,0,205.581518,137.11659
1686,0,0,50.672626,44.753847
1687,0,0,103.680136,104.200806
1688,0,0,55.966051,86.471476
1689,0,1,18.874142,55.730941
1690,0,0,51.194073,30.167915
1691,0,0,89.632213,48.601614
1692,0,0,54.322947,-3.01718
1693,0,0,41.308349,28.101942
1694,0,0,111.601212,74.123578
1695,0,0,69.627681,71.753173
1696,0,0,324.245022,211.295348
1697,0,0,45.008228,57.062269
1698,0,1,94.18211,94.108904
1699,0,1,163.278346,76.935449
1700,0,1,167.337067,184.773377
1701,0,0,107.267591,101.056864
1702,0,0,93.061902,96.021793
1703,0,1,63.226007,68.575248
1704,0,1,100.351577,8.341252
1705,0,0,120.347553,86.089246
1706,0,1,173.157199,80.296944
1707,0,1,90.668569,82.299094
1708,0,1,39.847728,19.486547
1709,0,0,97.974064,68.543182
1710,0,1,153.988814,94.5256
1711,0,0,236.337429,157.229239
1712,0,0,95.598362,100.684623
1713,0,0,89.456369,66.784707
1714,0,1,169.549431,147.387373
1715,0,1,124.199838,84.139309
1716,0,1,30.136838,10.965967
1717,0,0,122.455606,63.982328
1718,0,1,107.559837,126.216111
1719,0,0,28.428119,44.682256
1720,0,0,74.905819,102.809876
1721,0,1,100.664092,52.413722
1722,0,1,123.782491,73.436683
1723,0,0,64.175112,49.019631
1724,0,1,96.387035,58.74388
1725,0,1,55.51992,55.570276
1726,0,1,216.423113,143.024798
1727,0,1,99.169791,12.402479
1728,0,0,91.627155,121.387806
1729,0,1,83.366151,29.017421
1730,0,1,202.288134,127.272782
1731,0,0,194.320206,177.614523
1732,0,0,33.094739,90.968411
1733,0,0,21.347217,21.542594
1734,0,1,76.468918,79.745459
1735,0,1,88.722239,118.393431
1736,0,0,136.282124,111.191201
1737,0,1,44.329639,-10.289244
1738,0,1,26.322643,20.990484000000002
1739,0,0,168.942853,151.201295
1740,0,0,136.393514,92.997548
1741,0,0,125.348898,55.293393
1742,0,0,149.60461,161.567879
1743,0,1,108.473147,91.370687
1744,0,0,161.033661,168.162582
1745,0,0,65.9024,69.576208
1746,0,1,41.787257,144.981614
1747,0,1,123.145244,99.888184
1748,0,1,80.01272,31.952747
1749,0,1,129.174062,124.178751
1750,0,1,52.918485,32.533427
1751,0,1,176.354685,117.681587
1752,0,1,149.363336,90.578994
1753,0,0,167.477672,127.440747
1754,0,1,64.19644,45.65754
1755,0,1,76.709107,77.514765
1756,0,1,183.99393,128.313324
1757,0,0,25.284081,30.960314
1758,0,1,86.949474,101.419838
1759,0,0,177.204635,147.053467
1760,0,1,116.667554,84.310584
1761,0,0,93.679832,90.372985
1762,0,0,25.211022,74.665778
1763,0,0,198.237575,122.091855
1764,0,0,62.171612,93.69373
1765,0,1,27.788647,66.565065
1766,0,0,190.198071,163.433074
1767,0,1,83.013498,72.199696
1768,0,1,197.514234,202.068155
1769,0,1,80.567228,109.93948
1770,0,1,59.149531,97.612228
1771,0,1,146.658811,120.774005
1772,0,0,88.918971,84.848373
1773,0,1,170.032736,119.954725
1774,0,1,88.314702,78.840554
1775,0,1,80.970506,28.244468
1776,0,0,58.143601,101.425768
1777,0,1,60.611975,79.202014
1778,0,0,162.57123,123.575429
1779,0,1,99.939393,110.427365
1780,0,0,70.600869,60.538465
1781,0,1,166.988397,116.778856
1782,0,1,49.066644,67.629442
1783,0,1,74.162983,88.360385
1784,0,0,70.109614,110.301225
1785,0,0,153.337586,123.915466
1786,0,1,95.115664,57.977431
1787,0,1,78.095163,26.639123
1788,0,0,150.836048,92.731401
1789,0,0,110.517764,150.862901
1790,0,0,78.121356,92.869176
1791,0,1,70.061721,86.33698
1792,0,0,45.41923,38.46152
1793,0,0,74.400431,31.223194
1794,0,0,43.197538,10.851142
1795,0,1,124.443117,131.170451
1796,0,1,172.609307,136.381235
1797,0,1,45.629983,86.81966
1798,0,0,92.831091,94.530185
1799,0,1,122.117782,140.096967
1800,0,0,154.844687,108.54036
1801,0,1,86.191342,12.527631
1802,0,1,90.93398,36.09612
1803,0,0,54.79939,40.271522
1804,0,1,48.954426,49.498726
1805,0,0,56.950348,84.371072
1806,0,0,148.053649,144.460157
1807,0,1,252.020922,170.735311
1808,0,0,115.318808,76.086612
1809,0,1,88.706984,86.705037
1810,0,1,59.063608,99.694152
1811,0,0,50.740919,63.377572
1812,0,0,22.979054,29.41884
1813,0,1,49.76982,132.703566
1814,0,0,86.12362,53.688781
1815,0,1,48.853745,12.738393
1816,0,0,98.217275,45.740286
1817,0,0,41.486452,34.534654
1818,0,1,70.216018,68.136269
1819,0,0,104.926373,97.199342
1820,0,1,34.335625,69.951785
1821,0,1,79.37614,71.390237
1822,0,1,68.65829,8.108656
1823,0,0,95.773036,72.383883
1824,0,0,44.042235,55.819957
1825,0,0,90.396509,31.251645
1826,0,1,46.310434,58.857729
1827,0,0,40.477598,79.444143
1828,0,0,58.669831,61.314488
1829,0,0,181.924129,120.955167
1830,0,1,94.819817,69.436863
1831,0,1,135.714692,60.901354
1832,0,1,100.93628,53.235492
1833,0,1,77.83673,70.779517
1834,0,1,144.175526,155.836254
1835,0,0,66.027185,30.158852
1836,0,0,65.444928,60.367572
1837,0,0,9.955316,-1.731556
1838,0,0,61.059704,85.796454
1839,0,0,73.951406,76.055135
1840,0,1,125.990246,89.769628
1841,0,0,70.286009,64.59016
1842,0,0,201.574469,146.016932
1843,0,0,76.866429,108.889983
1844,0,1,42.98435,-2.592746
1845,0,1,140.410523,137.923045
1846,0,0,90.806234,88.542073
1847,0,0,123.919276,168.410667
1848,0,0,168.252164,123.630067
1849,0,1,86.77281,85.618836
1850,0,1,98.768614,86.60875
1851,0,0,122.720251,97.713564
1852,0,1,88.411698,55.43576
1853,0,1,124.701937,95.559323
1854,0,1,51.410641,53.827952
1855,0,0,97.150581,23.201442
1856,0,1,118.883874,105.425944
1857,0,0,115.909076,109.778843
1858,0,1,58.804864,37.600766
1859,0,0,38.178183,21.626007
1860,0,0,64.04329,13.218156
1861,0,0,91.12779,72.17927
1862,0,0,83.292506,67.689576
1863,0,0,109.736756,52.640318
1864,0,1,81.627398,85.907996
1865,0,1,161.587569,111.05647
1866,0,1,67.674272,20.686132999999998
1867,0,0,56.630077,98.862996
1868,0,1,129.411884,114.596322
1869,0,1,51.792946,67.09266199999999
1870,0,1,50.849196,88.64841
1871,0,1,73.732525,85.265212
1872,0,1,119.959271,64.632172
1873,0,0,102.052341,108.16675
1874,0,1,89.093985,122.937251
1875,0,1,28.011191,67.863873
1876,0,0,128.609892,26.556588
1877,0,1,68.078246,107.054077
1878,0,1,143.469806,79.787507
1879,0,1,47.674294,57.594059
1880,0,1,172.987974,94.719211
1881,0,0,159.87949,112.770864
1882,0,0,77.964164,69.399058
1883,0,1,100.26727,28.984429
1884,0,0,95.167506,74.876537
1885,0,0,93.514719,86.562157
1886,0,0,147.842649,65.864651
1887,0,0,89.963233,52.803344
1888,0,0,52.307789,68.149348
1889,0,0,257.993514,126.316127
1890,0,1,215.43892,138.819068
1891,0,1,212.460845,150.719117
1892,0,0,70.587284,32.313047
1893,0,0,105.746216,46.763568
1894,0,1,74.619979,66.770296
1895,0,0,136.840353,135.373595
1896,0,0,47.354033,19.420912
1897,0,1,117.533572,64.408549
1898,0,0,107.821211,62.829626
1899,0,0,199.138047,116.843763
1900,0,1,104.772287,147.401569
1901,0,1,42.980579,8.138105
1902,0,1,76.040709,104.654382
1903,0,1,116.316859,108.956947
1904,0,0,108.412719,115.357658
1905,0,0,42.350506,95.673038
1906,0,0,154.072713,120.48998
1907,0,1,181.807757,147.632747
1908,0,1,121.473914,131.072012
1909,0,1,100.245199,87.02347
1910,0,0,131.718407,91.040142
1911,0,0,165.908806,157.765546
1912,0,0,58.440557,58.459838
1913,0,0,175.791868,69.580425
1914,0,1,147.672155,138.893618
1915,0,1,140.448979,165.216171
1916,0,1,100.230701,69.320719
1917,0,0,55.90214,103.963383
1918,0,1,90.377585,74.646252
1919,0,1,140.362723,107.381023
1920,0,1,137.304898,111.334881
1921,0,1,61.35171,75.561323
1922,0,1,97.743319,102.310712
1923,0,0,114.024229,104.003542
1924,0,0,84.443738,68.381144
1925,0,1,85.271733,53.744377
1926,0,1,135.960768,82.607712
1927,0,0,111.352168,34.93281
1928,0,0,84.584616,60.476913
1929,0,1,207.770118,123.123486
1930,0,0,67.804578,86.759702
1931,0,0,67.973379,95.998136
1932,0,1,51.896361,112.634306
1933,0,0,119.235676,71.996528
1934,0,1,58.088735,83.625638
1935,0,1,81.082841,119.162226
1936,0,1,62.413605,80.8992
1937,0,1,100.197477,78.243653
1938,0,1,169.043219,121.904845
1939,0,1,115.910785,42.987338
1940,0,0,145.588774,79.07615
1941,0,1,36.302769,21.138739
1942,0,1,42.166006,62.038188
1943,0,1,131.625485,190.842429
1944,0,0,52.36578,98.249797
1945,0,0,113.723967,150.726814
1946,0,0,83.728645,35.679757
1947,0,0,57.064026,87.390125
1948,0,0,75.398589,9.2204
1949,0,1,194.969648,121.149663
1950,0,1,48.050879,52.661733
1951,0,0,105.922703,83.007275
1952,0,1,117.525167,90.832377
1953,0,1,205.773618,179.49098
1954,0,0,56.379342,37.698841
1955,0,1,70.093376,78.637804
1956,0,0,87.04309,115.625278
1957,0,1,9.199466,15.443618
1958,0,0,116.940836,102.898618
1959,0,0,118.41231,48.949283
1960,0,1,109.264413,59.340899
1961,0,1,133.096159,141.069818
1962,0,0,142.583271,99.850718
1963,0,0,24.195201,20.209393
1964,0,1,112.887596,99.365949
1965,0,0,85.526837,91.565925
1966,0,1,122.063121,85.15873
1967,0,1,35.806984,69.154256
1968,0,0,90.120496,144.282878
1969,0,1,49.606696,24.952422
1970,0,1,81.876864,73.928842
1971,0,1,254.469551,217.243373
1972,0,0,68.703849,28.92452
1973,0,0,59.474327,59.480675
1974,0,0,58.465104,73.871027
1975,0,1,104.083071,100.71937
1976,0,0,56.367902,48.799122
1977,0,1,131.058137,129.384881
1978,0,0,140.257934,69.47972
1979,0,0,81.343843,76.936537
1980,0,0,177.448832,144.188021
1981,0,0,138.540438,89.470933
1982,0,1,175.559893,126.168229
1983,0,0,45.576777,57.010721
1984,0,1,166.228621,71.624871
1985,0,0,87.176333,50.31123
1986,0,1,82.075408,106.391404
1987,0,1,48.815635,107.678503
1988,0,1,87.369917,88.867109
1989,0,1,48.038581,100.551154
1990,0,0,77.312355,98.504699
1991,0,0,29.759914,-4.793581
1992,0,0,166.547386,105.574691
1993,0,0,110.644595,68.549541
1994,0,0,82.586445,70.872045
1995,0,0,83.334996,42.430261
1996,0,1,78.256045,91.850664
1997,0,0,122.121716,95.045236
1998,0,1,27.263289,39.610779
1999,0,1,83.754313,97.964919
2000,0,1,55.30201,60.233806
2001,0,1,86.437607,111.235812
2002,0,0,108.877177,108.098773
2003,0,0,64.857953,42.052042
2004,0,1,145.209609,83.345277
2005,0,0,90.273077,104.399709
2006,0,1,97.219455,70.07958
2007,0,0,102.463238,66.79445
2008,0,0,145.461122,114.976397
2009,0,0,68.615448,39.153866
2010,0,0,143.783758,145.73296
2011,0,0,174.00468,112.749855
2012,0,1,71.121837,108.448836
2013,0,0,159.032704,162.296533
2014,0,0,123.662719,68.722237
2015,0,0,61.548864,48.863228
2016,0,0,153.817953,133.264636
2017,0,1,51.572445,24.274964
2018,0,0,47.5117,31.280784
2019,0,0,118.520571,86.663136
2020,0,0,26.998159,71.887966
2021,0,1,52.932533,15.201066
2022,0,0,53.059136,47.976543
2023,0,0,97.29844,61.022293
2024,0,1,88.143122,76.162615
2025,0,0,230.99713,118.597777
2026,0,0,81.88043,68.256933
2027,0,1,36.030335,43.934415
2028,0,0,150.987489,72.078971
2029,0,0,143.738365,90.246045
2030,0,0,190.377222,86.380268
2031,0,1,111.02819,113.540277
2032,0,1,96.724577,89.970615
2033,0,0,80.197688,28.327086
2034,0,1,99.499898,74.287945
2035,0,0,98.650826,120.388818
2036,0,1,120.031491,64.17599
2037,0,0,86.755929,42.676084
2038,0,1,65.730157,60.345973
2039,0,0,39.634951,70.368244
2040,0,1,150.745128,97.375045
2041,0,0,67.660183,58.31988
2042,0,1,38.929246,60.592959
2043,0,1,189.627502,163.488982
2044,0,0,124.927888,108.386263
2045,0,1,119.430968,107.391841
2046,0,1,64.687833,10.287946999999999
2047,0,0,61.047481,72.032862
2048,0,1,225.743287,213.921631
2049,0,1,64.337443,123.82308
2050,0,1,77.451987,70.776804
2051,0,0,88.200527,102.412596
2052,0,0,53.284012,63.512794
2053,0,1,129.306533,82.960685
2054,0,0,91.205692,57.329038
2055,0,0,120.029296,86.808504
2056,0,0,34.356064,57.667357
2057,0,1,120.447014,66.688681
2058,0,0,114.918251,95.536662
2059,0,1,90.063683,49.934091
2060,0,1,99.824737,79.748981
2061,0,1,96.536103,101.840402
2062,0,0,144.583293,121.559727
2063,0,0,194.992237,133.173136
2064,0,1,82.215322,54.025805
2065,0,1,139.709201,99.239521
2066,0,1,52.89879,64.285258
2067,0,0,54.229521,25.315464
2068,0,0,64.96796,14.539637
2069,0,1,137.642244,107.977289
2070,0,1,69.960346,52.70309
2071,0,1,25.462582,89.133369
2072,0,1,248.426179,224.290459
2073,0,0,163.903008,149.572425
2074,0,1,82.066802,95.146605
2075,0,0,72.91539,88.073588
2076,0,0,65.552069,62.959926
2077,0,0,58.035279,0.232238
2078,0,1,105.655793,86.690045
2079,0,0,71.395247,72.883177
2080,0,1,85.433178,59.496112
2081,0,0,106.243537,87.00314
2082,0,1,100.016742,74.019606
2083,0,1,110.991672,88.607317
2084,0,0,224.721763,179.889662
2085,0,1,91.758696,138.321473
2086,0,0,61.364652,51.325173
2087,0,1,205.5318,165.705595
2088,0,0,112.951868,126.927574
2089,0,1,57.643557,82.139837
2090,0,1,112.288198,127.017834
2091,0,0,92.866245,93.172053
2092,0,1,155.440627,109.280838
2093,0,1,103.554762,60.119044
2094,0,0,85.369865,54.281642
2095,0,0,141.791652,68.582527
2096,0,0,25.751976,20.602833
2097,0,0,213.931852,166.962521
2098,0,0,96.242243,96.856404
2099,0,0,39.817587,36.10756
2100,0,0,132.43779,79.442067
2101,0,0,98.69751,113.128707
2102,0,1,157.516096,158.899864
2103,0,1,181.531754,141.858956
2104,0,1,133.429433,136.946405
2105,0,0,99.52444,52.565601
2106,0,0,54.563587,20.76368
2107,0,0,61.190698,68.994056
2108,0,1,76.127738,90.23457
2109,0,1,92.402698,99.955653
2110,0,0,110.004687,85.172101
2111,0,1,43.600743,38.552355
2112,0,0,34.802053,59.397072
2113,0,0,127.295683,72.350747
2114,0,1,92.573807,112.374489
2115,0,0,200.713831,137.278311
2116,0,0,83.667175,77.150156
2117,0,0,31.940807,-9.736262
2118,0,0,104.636135,127.932987
2119,0,1,45.932077,92.060116
2120,0,0,93.485492,94.018905
2121,0,0,152.754425,62.437568
2122,0,1,129.979037,114.059281
2123,0,1,39.141655,56.541163
2124,0,0,51.525265,47.085807
2125,0,1,254.581725,166.369858
2126,0,0,42.01376,55.447818
2127,0,0,217.774069,141.19805
2128,0,1,150.663891,110.489127
2129,0,1,106.332095,90.441521
2130,0,0,57.775229,43.263991
2131,0,1,51.900446,57.355584
2132,0,0,145.935798,114.665611
2133,0,1,90.697196,96.408304
2134,0,0,84.19664,96.107674
2135,0,0,24.406806,30.399774
2136,0,1,141.56057,93.169295
2137,0,0,197.754432,134.275812
2138,0,1,91.866089,95.189752
2139,0,0,56.803762,86.595828
2140,0,0,100.846087,146.288105
2141,0,1,114.02166,126.958714
2142,0,0,114.267975,116.285792
2143,0,0,164.31963,162.809728
2144,0,0,55.510602,33.924558
2145,0,1,70.947644,54.974871
2146,0,1,192.595396,133.77527
2147,0,0,68.80263,37.700734
2148,0,1,120.512002,66.197892
2149,0,0,128.590766,72.768152
2150,0,0,60.98652,74.079164
2151,0,0,105.801526,102.552265
2152,0,1,186.654415,148.426229
2153,0,0,78.954336,98.149627
2154,0,1,34.444271,19.477930999999998
2155,0,0,115.695779,92.405614
2156,0,0,108.357243,62.929791
2157,0,1,71.671476,91.26017
2158,0,0,107.2754,60.525302
2159,0,1,165.645827,151.41158
2160,0,1,177.648257,97.195799
2161,0,1,146.240153,149.364394
2162,0,1,105.416513,53.048569
2163,0,1,59.224929,64.64522
2164,0,0,103.42054,141.739567
2165,0,0,263.759086,199.455245
2166,0,0,35.831325,39.196971
2167,0,1,109.408916,50.891528
2168,0,1,22.990605,37.347107
2169,0,0,104.17836,30.85309
2170,0,0,111.82895,33.740049
2171,0,0,51.848055,35.037859
2172,0,0,54.05736,68.159402
2173,0,1,57.760716,71.248676
2174,0,1,120.386221,90.025631
2175,0,0,69.830443,2.271757
2176,0,0,64.254841,21.491463
2177,0,0,54.968218,45.253196
2178,0,0,94.212832,71.497924
2179,0,0,61.030964,52.430529
2180,0,0,43.620844,32.487823
2181,0,0,102.056097,80.801502
2182,0,1,57.310904,25.289994
2183,0,0,88.180788,59.90318
2184,0,0,99.446801,32.11902
2185,0,0,43.651628,105.980707
2186,0,0,129.39001,84.449672
2187,0,0,62.715309,95.296431
2188,0,1,37.997913,8.48585
2189,0,1,148.173422,69.09781000000001
2190,0,1,32.692193,62.651617
2191,0,1,44.352428,47.973007
2192,0,0,79.570937,97.12745
2193,0,1,116.147152,51.774378
2194,0,1,83.873041,55.820556
2195,0,1,133.224919,148.862314
2196,0,1,89.289667,65.741697
2197,0,0,166.689629,107.274197
2198,0,1,83.952339,111.393778
2199,0,1,42.940022,34.567694
2200,0,1,43.385115,66.80353
2201,0,0,99.227658,34.482701
2202,0,1,147.224981,80.182734
2203,0,1,34.254496,96.128453
2204,0,0,41.713313,-16.61289
2205,0,0,44.34455,31.607984
2206,0,1,186.995795,131.03314899999998
2207,0,0,53.602802,32.251771
2208,0,0,77.01204,45.099394
2209,0,1,215.19853,149.740371
2210,0,0,29.424977,53.969675
2211,0,1,152.564207,147.193859
2212,0,1,138.252651,107.006104
2213,0,1,173.717588,138.380096
2214,0,0,36.42406,21.72299
2215,0,0,186.733284,112.457636
2216,0,1,205.26033,140.569147
2217,0,0,63.598631,82.106686
2218,0,1,45.158421,43.996536
2219,0,1,103.234259,41.330628
2220,0,1,95.045574,84.799403
2221,0,0,145.261228,132.576495
2222,0,0,118.314015,70.174069
2223,0,1,121.576868,117.926305
2224,0,1,58.965557,14.675631
2225,0,0,125.794963,85.248414
2226,0,1,140.733687,91.650253
2227,0,1,100.464637,49.784668
2228,0,0,78.111976,51.112775
2229,0,1,218.024004,132.945313
2230,0,0,191.523655,112.973322
2231,0,0,169.919981,90.440308
2232,0,0,76.408527,75.470603
2233,0,0,45.403361,54.33905
2234,0,1,67.155477,93.545083
2235,0,0,94.401542,83.473637
2236,0,1,48.047704,36.181443
2237,0,0,18.456771,33.048423
2238,0,0,88.929634,87.079497
2239,0,0,98.931086,108.994872
2240,0,0,133.276488,177.653782
2241,0,1,42.799779,69.899359
2242,0,1,100.723944,130.81389000000001
2243,0,1,116.022798,49.989541
2244,0,1,131.375204,92.421287
2245,0,1,81.76185,66.649591
2246,0,0,87.042973,85.439832
2247,0,1,125.390228,121.19534
2248,0,0,193.558441,134.068227
2249,0,0,181.618289,128.959985
2250,0,0,36.765527,39.189833
2251,0,0,64.168669,82.316014
2252,0,0,67.986336,44.835695
2253,0,1,116.76753,71.818036
2254,0,0,162.143448,91.742113
2255,0,1,77.396435,62.548703
2256,0,1,129.996676,90.435129
2257,0,0,79.305925,56.193589
2258,0,1,80.9142,83.671932
2259,0,0,84.435468,58.170848
2260,0,1,182.953018,116.229522
2261,0,0,35.419721,100.429426
2262,0,0,90.798348,55.427623
2263,0,1,172.111797,111.525372
2264,0,1,127.956695,138.805251
2265,0,1,121.969307,139.61967
2266,0,1,56.634398,52.373157
2267,0,1,54.310383,3.214108
2268,0,1,86.3352,58.783227
2269,0,1,142.559053,105.651467
2270,0,0,147.201106,163.79476
2271,0,1,117.125318,177.829703
2272,0,1,151.467808,110.133945
2273,0,0,46.418577,72.237329
2274,0,0,143.864043,112.868786
2275,0,1,70.174732,63.517108
2276,0,0,137.156812,109.956827
2277,0,1,164.7317,143.263191
2278,0,1,90.865582,53.305593
2279,0,0,153.622429,129.040552
2280,0,0,77.470422,99.952707
2281,0,1,128.622171,103.806626
2282,0,0,58.451264,2.794479
2283,0,0,122.735819,129.266247
2284,0,0,55.727144,16.094271
2285,0,1,113.087266,41.33836
2286,0,1,197.398412,153.781254
2287,0,0,115.257589,67.191954
2288,0,1,99.841304,110.710149
2289,0,1,87.772491,38.302038
2290,0,0,71.101486,82.077902
2291,0,1,185.189363,126.541523
2292,0,0,178.26272,129.081731
2293,0,0,194.933735,146.286016
2294,0,0,23.095873,76.295709
2295,0,0,84.971549,126.308737
2296,0,1,70.392028,14.842404
2297,0,0,166.256923,96.68665
2298,0,0,117.509582,24.766873
2299,0,1,65.421405,29.038251
2300,0,1,62.064237,101.313925
2301,0,1,146.841374,133.750587
2302,0,1,168.470094,107.688346
2303,0,0,28.882142,87.777617
2304,0,0,195.988386,101.318815
2305,0,0,34.82546,49.312313
2306,0,0,158.017632,89.333927
2307,0,0,148.199977,130.955861
2308,0,1,157.029259,140.235556
2309,0,0,104.650206,152.498856
2310,0,0,133.002167,86.110461
2311,0,1,53.438359,54.327435
2312,0,0,216.42375,173.088907
2313,0,1,80.329092,91.378997
2314,0,0,50.253229,82.701052
2315,0,0,33.62568,43.708287
2316,0,1,74.833604,70.755488
2317,0,1,114.783475,84.14668
2318,0,1,189.17712,123.779076
2319,0,1,104.710045,50.982172
2320,0,1,94.197467,102.014548
2321,0,0,101.430206,33.103818
2322,0,1,249.280902,152.619673
2323,0,1,51.80915,68.87044
2324,0,1,93.316451,118.897126
2325,0,0,75.784147,95.017251
2326,0,0,39.614588,26.355474
2327,0,0,130.347377,112.207152
2328,0,1,145.742929,132.324881
2329,0,1,88.837453,94.753331
2330,0,1,91.258317,47.823405
2331,0,1,46.4825,22.886749
2332,0,1,228.787074,175.651061
2333,0,0,45.32146,41.046946
2334,0,1,39.770014,124.41014
2335,0,1,50.861837,12.796967
2336,0,0,287.503083,241.897402
2337,0,0,77.499869,48.001877
2338,0,1,45.664696,78.011783
2339,0,0,130.274926,123.589501
2340,0,1,94.529389,60.103277
2341,0,1,165.100586,100.667585
2342,0,1,159.619638,103.706901
2343,0,0,212.833677,109.223891
2344,0,0,85.116595,56.150807
2345,0,0,79.920979,63.454182
2346,0,0,71.124609,69.457767
2347,0,0,77.683557,127.614289
2348,0,0,59.686676,65.235395
2349,0,1,75.321785,57.455943
2350,0,1,128.999701,125.026701
2351,0,0,116.185434,71.75711
2352,0,1,155.114325,92.349302
2353,0,0,62.351369,100.631002
2354,0,1,111.191163,77.250221
2355,0,1,104.613734,67.673929
2356,0,1,146.270535,67.919388
2357,0,0,97.704505,103.162489
2358,0,0,111.301013,58.321063
2359,0,0,92.175861,75.630267
2360,0,1,81.052002,69.117594
2361,0,1,107.651751,83.77782
2362,0,1,127.241685,44.088373
2363,0,1,202.199356,164.199204
2364,0,1,170.118378,85.3112
2365,0,1,204.056351,118.029214
2366,0,1,68.074861,54.773939
2367,0,1,52.735906,91.759876
2368,0,0,162.489502,67.076164
2369,0,0,91.984426,27.011323
2370,0,0,72.05731,41.106089
2371,0,1,87.752061,95.392471
2372,0,0,151.693535,170.586892
2373,0,1,76.373991,113.553355
2374,0,1,71.228016,93.009133
2375,0,0,74.477536,88.620995
2376,0,1,32.219767,50.302809
2377,0,0,181.056894,54.411812
2378,0,1,47.784317,97.296644
2379,0,1,138.103187,115.709935
2380,0,1,24.433029,79.751507
2381,0,0,102.547195,82.666974
2382,0,1,109.970249,54.60244
2383,0,1,271.930345,155.983527
2384,0,0,29.371045,44.554626
2385,0,1,77.895104,100.25967
2386,0,1,122.752273,93.75418
2387,0,1,201.859607,168.675082
2388,0,1,98.451793,89.27704
2389,0,1,55.870979,39.327458
2390,0,1,51.262863,90.151426
2391,0,0,91.425784,18.496855
2392,0,1,59.28791,110.911314
2393,0,0,163.301328,75.514436
2394,0,0,107.747345,110.162299
2395,0,1,61.493214,54.263058
2396,0,1,70.699361,100.876101
2397,0,0,137.261171,82.80388
2398,0,1,47.799361,16.760496
2399,0,1,129.964327,104.215654
2400,0,1,69.55857,118.694216
2401,0,1,127.611883,164.552898
2402,0,0,199.647095,157.411206
2403,0,1,81.780654,46.349204
2404,0,1,91.612264,108.977885
2405,0,0,26.519723,110.171094
2406,0,0,64.318013,67.456628
2407,0,1,131.368197,70.618469
2408,0,1,101.920462,107.916144
2409,0,0,74.558263,110.291673
2410,0,0,79.489597,11.272933
2411,0,1,47.167918,82.266511
2412,0,1,50.027944,62.788633
2413,0,1,120.154009,93.074115
2414,0,0,28.195521,53.185145
2415,0,0,62.625194,62.015288
2416,0,0,50.179491,39.581432
2417,0,0,185.1533,109.188513
2418,0,0,53.604181,41.171998
2419,0,0,49.117131,62.849156
2420,0,1,46.14074,100.471243
2421,0,1,85.296874,76.126707
2422,0,1,109.749073,139.920106
2423,0,1,131.13907,126.270589
2424,0,0,107.100048,135.941485
2425,0,0,133.336767,131.533874
2426,0,1,94.376327,62.115781
2427,0,0,102.468246,90.903724
2428,0,1,157.261205,137.109516
2429,0,1,49.591274,37.288198
2430,0,0,29.680838,-7.630437
2431,0,0,220.041026,160.389695
2432,0,0,218.62159,108.679486
2433,0,0,73.489092,80.562201
2434,0,0,155.423363,69.674082
2435,0,0,91.138651,70.691012
2436,0,0,51.843859,40.816424
2437,0,0,130.638946,112.546457
2438,0,1,202.646136,122.384408
2439,0,1,83.311652,46.768165
2440,0,0,41.625922,37.174424
2441,0,1,85.482215,110.271849
2442,0,1,43.0281,49.120341
2443,0,1,144.223109,148.551113
2444,0,0,116.050902,128.901418
2445,0,1,94.523236,79.688371
2446,0,1,154.493563,100.086202
2447,0,0,43.245903,20.482606
2448,0,0,68.190349,31.022158
2449,0,0,137.353507,103.539727
2450,0,1,129.809845,153.804543
2451,0,0,81.955617,118.624796
2452,0,0,58.626977,-0.958155
2453,0,0,27.691681,20.910918
2454,0,1,42.65129,33.459162
2455,0,0,22.945912,56.631328
2456,0,1,150.94112,133.890435
2457,0,1,83.551378,74.783978
2458,0,0,104.834671,60.031937
2459,0,0,72.498345,47.6788
2460,0,1,85.091962,74.595766
2461,0,1,192.20519,143.325352
2462,0,1,94.296638,85.037976
2463,0,0,68.41571,-10.74718
2464,0,1,39.752171,58.163553
2465,0,0,132.155049,114.153908
2466,0,1,87.916294,49.357809
2467,0,1,56.940189,50.080093
2468,0,1,105.58762,91.648123
2469,0,0,71.502173,12.05328
2470,0,1,40.541557,7.465593
2471,0,0,63.124298,86.086442
2472,0,1,77.204392,36.801522
2473,0,1,55.015269,21.252539
2474,0,1,92.792132,65.43626900000001
2475,0,1,168.634429,157.677893
2476,0,1,139.427244,88.053176
2477,0,0,141.188585,41.00626
2478,0,0,50.14805,40.722363
2479,0,0,101.144549,66.049713
2480,0,0,76.762633,64.713864
2481,0,0,197.995703,147.002954
2482,0,1,62.256395,60.287582
2483,0,1,78.33464,62.635234
2484,0,0,117.280534,109.443434
2485,0,0,83.149424,28.633403
2486,0,1,26.560376,41.271601
2487,0,0,107.392345,105.60082
2488,0,1,174.323991,105.079843
2489,0,1,141.541179,68.472212
2490,0,1,66.219836,85.159634
2491,0,0,233.430257,157.74642
2492,0,0,78.044256,44.582204
2493,0,1,187.058267,145.616045
2494,0,1,135.659149,121.499469
2495,0,1,27.253845,50.351561
2496,0,0,20.851447,59.942458
2497,0,0,85.102842,101.681984
2498,0,0,124.151109,90.07798
2499,0,0,48.129337,28.489963
2500,0,0,48.04187,64.993228
2501,0,0,104.909756,115.366223
2502,0,1,144.449213,108.185361
2503,0,1,49.758688,80.507072
2504,0,0,79.031556,98.42865
2505,0,1,84.175148,86.681882
2506,0,0,133.687485,73.96315
2507,0,0,33.093304,14.381896
2508,0,0,63.386937,55.430449
2509,0,0,93.382956,93.949671
2510,0,0,110.252015,78.792416
2511,0,1,85.85639,46.706113
2512,0,1,83.799678,95.656124
2513,0,0,79.437088,99.782866
2514,0,1,110.059295,148.459024
2515,0,1,66.62625,121.20486
2516,0,0,51.493425,44.808826
2517,0,1,13.273493,19.277579
2518,0,0,41.8697,47.453575
2519,0,1,157.640873,166.599842
2520,0,1,45.517897,16.633401
2521,0,1,74.224912,67.105106
2522,0,1,149.844997,110.961862
2523,0,0,119.259796,93.69145
2524,0,0,129.773073,76.61668
2525,0,0,107.887176,105.825227
2526,0,1,208.716734,170.812496
2527,0,1,108.807314,99.127844
2528,0,1,71.621864,70.925468
2529,0,0,104.262678,72.507015
2530,0,1,200.966282,150.77771
2531,0,0,82.695871,60.820268
2532,0,0,219.596368,110.221636
2533,0,1,88.988781,61.041354
2534,0,0,62.170435,99.601207
2535,0,1,15.877428,-7.083437999999999
2536,0,1,109.248041,62.635899
2537,0,1,46.578789,15.135116
2538,0,1,83.925722,33.695811
2539,0,0,111.16774,13.098724
2540,0,1,88.636271,55.514275
2541,0,0,107.850855,94.349087
2542,0,1,115.651564,124.980946
2543,0,0,54.561201,61.159349
2544,0,1,52.217312,36.475921
2545,0,0,58.946054,26.876823
2546,0,0,34.416354,32.792794
2547,0,1,62.160406,60.491598
2548,0,0,95.000874,50.245857
2549,0,0,157.444659,96.524478
2550,0,0,88.169866,70.458664
2551,0,0,51.298693,23.636397
2552,0,1,60.300227,82.793044
2553,0,0,96.312454,141.423023
2554,0,1,44.472565,7.58341
2555,0,0,97.890367,119.675755
2556,0,0,95.370604,84.294042
2557,0,0,121.738442,78.187991
2558,0,1,119.843683,123.426652
2559,0,1,371.227909,191.897403
2560,0,1,78.035718,46.735369
2561,0,1,51.609347,46.093798
2562,0,1,123.474611,109.551236
2563,0,1,68.033532,55.291701
2564,0,0,55.981008,32.166052
2565,0,1,51.528817,52.554502
2566,0,0,69.853371,72.936254
2567,0,0,163.758338,170.089582
2568,0,1,17.629268,39.663354
2569,0,1,135.809031,96.829906
2570,0,1,106.97895,91.615946
2571,0,0,127.580902,123.028185
2572,0,1,66.668924,67.832511
2573,0,1,63.170323,41.461144
2574,0,0,73.153561,24.909001
2575,0,1,108.904772,143.350464
2576,0,0,37.733809,22.482776
2577,0,1,71.125827,83.349485
2578,0,1,65.361221,86.035919
2579,0,1,48.728432,79.210221
2580,0,0,109.297117,52.441892
2581,0,0,124.418948,93.625625
2582,0,0,82.951282,108.270449
2583,0,1,111.097072,96.509382
2584,0,1,97.92956,109.05337
2585,0,1,69.877799,62.715075
2586,0,0,59.12488,29.029351
2587,0,0,132.354822,88.17516
2588,0,1,14.560119,61.672535
2589,0,1,91.89899,40.898972
2590,0,0,80.504831,73.120783
2591,0,0,87.571226,120.564816
2592,0,1,95.148276,66.06754000000001
2593,0,0,100.120366,54.786933
2594,0,0,198.815309,191.673539
2595,0,1,108.401193,47.219146
2596,0,1,180.227613,198.072965
2597,0,1,224.045789,164.313353
2598,0,1,91.396969,81.31599
2599,0,0,47.538109,67.845419
2600,0,0,43.335705,36.130026
2601,0,1,65.208323,122.739934
2602,0,1,36.628913,20.509045999999998
2603,0,0,95.927174,60.437329
2604,0,1,99.925403,66.695934
2605,0,0,42.8818,56.958384
2606,0,1,36.595752,57.732806
2607,0,1,114.749779,42.474825
2608,0,1,113.556469,116.74964
2609,0,0,103.28914,112.215689
2610,0,0,123.798775,76.568589
2611,0,1,210.54921,133.31978700000002
2612,0,1,120.377866,84.5369
2613,0,0,188.099073,83.164254
2614,0,1,96.249665,124.147605
2615,0,1,145.799692,80.672646
2616,0,1,121.635079,115.105714
2617,0,0,99.211191,65.213928
2618,0,0,59.513167,28.795586
2619,0,0,30.439131,34.15723
2620,0,1,126.363096,80.900545
2621,0,0,111.432905,67.244519
2622,0,1,116.936911,107.46083
2623,0,0,77.840778,38.54653
2624,0,1,95.867424,101.472146
2625,0,1,126.834584,113.693592
2626,0,1,110.36465,77.812661
2627,0,0,75.434304,62.307415
2628,0,1,27.02732,68.307625
2629,0,0,139.985001,145.04546
2630,0,1,58.666294,67.616562
2631,0,0,68.536902,99.801337
2632,0,1,99.306298,157.614222
2633,0,0,52.741291,4.283143
2634,0,1,82.648367,90.312743
2635,0,1,39.821902,65.17349
2636,0,1,132.595897,112.402117
2637,0,1,86.803917,128.69236899999999
2638,0,1,61.002543,50.414237
2639,0,1,72.731185,97.92961
2640,0,1,81.442023,106.26618
2641,0,0,127.585561,77.425958
2642,0,1,87.346722,67.899396
2643,0,1,189.251357,112.653194
2644,0,1,54.832915,45.631284
2645,0,1,28.408284,27.020381
2646,0,0,128.715735,129.027603
2647,0,1,34.039261,54.828028
2648,0,0,66.927676,80.075017
2649,0,1,80.290985,56.703989
2650,0,0,119.050256,44.774974
2651,0,1,86.078926,64.353956
2652,0,0,117.06158,61.462294
2653,0,0,133.845114,120.08603
2654,0,0,188.782137,138.324193
2655,0,1,147.721051,87.20091
2656,0,0,96.508095,98.362534
2657,0,1,63.592549,13.057614000000001
2658,0,1,93.705016,84.897127
2659,0,0,54.538095,61.801438
2660,0,1,36.807614,78.769143
2661,0,1,88.714177,29.124572
2662,0,0,58.120718,5.882403
2663,0,0,40.752377,2.521989
2664,0,0,122.471624,55.28572
2665,0,0,161.287252,113.230132
2666,0,1,134.346176,129.671407
2667,0,0,72.973547,5.861206
2668,0,0,89.018248,95.83817
2669,0,1,209.995179,157.667208
2670,0,0,119.062299,87.678653
2671,0,0,24.024593,45.023496
2672,0,1,75.600993,106.188368
2673,0,1,101.97418,108.413545
2674,0,0,89.576423,86.867968
2675,0,0,156.862652,98.333661
2676,0,0,123.912385,144.09645
2677,0,0,94.618892,37.335291
2678,0,1,130.197831,137.362635
2679,0,1,81.161974,53.456416
2680,0,0,147.060453,114.316279
2681,0,1,38.480505,32.012197
2682,0,1,86.199863,74.536466
2683,0,0,99.707562,85.641856
2684,0,1,145.394331,136.987244
2685,0,0,117.085556,118.091233
2686,0,1,97.936724,63.051504
2687,0,1,75.984778,78.272106
2688,0,1,91.373088,20.675839
2689,0,0,40.400951,64.904955
2690,0,1,238.809435,166.41908
2691,0,1,51.314758,64.14820399999999
2692,0,0,25.775838,39.4332
2693,0,0,125.32462,113.362062
2694,0,1,103.038483,20.496757000000002
2695,0,1,166.428214,101.249034
2696,0,0,99.297306,71.618961
2697,0,0,139.469321,106.880817
2698,0,0,189.656389,104.929316
2699,0,1,38.788553,47.786421
2700,0,1,53.372329,113.338778
2701,0,0,117.368083,136.470383
2702,0,1,42.58048,33.75383
2703,0,0,122.237418,116.173063
2704,0,1,126.104489,88.846154
2705,0,0,57.84061,82.32674
2706,0,1,74.555919,26.119503
2707,0,1,154.767685,127.259553
2708,0,1,39.340328,96.815427
2709,0,0,52.903525,53.859496
2710,0,1,115.328322,79.944459
2711,0,1,88.665794,84.970029
2712,0,1,108.891636,106.258484
2713,0,1,27.750239,32.518555
2714,0,0,68.12299,-0.308182
2715,0,0,48.391278,18.61342
2716,0,1,40.833079,7.83482
2717,0,1,102.533703,62.345794
2718,0,1,87.22538,80.827794
2719,0,0,77.295685,68.510982
2720,0,0,163.395408,97.353931
2721,0,0,77.554087,91.796156
2722,0,1,62.530363,95.248066
2723,0,0,87.040252,-5.169239
2724,0,1,80.757401,104.893161
2725,0,1,86.528851,150.214132
2726,0,1,65.965599,8.516396
2727,0,0,161.357253,175.009815
2728,0,0,81.450688,75.39482
2729,0,0,48.983177,56.237676
2730,0,0,101.647593,112.619627
2731,0,1,104.705745,142.191585
2732,0,0,76.048852,109.544884
2733,0,0,74.07688,73.294835
2734,0,0,93.682648,73.54405
2735,0,0,71.784785,45.133941
2736,0,1,48.678993,69.451655
2737,0,1,46.850406,70.424638
2738,0,0,142.643664,89.364166
2739,0,0,54.825248,121.972283
2740,0,0,62.261116,92.244518
2741,0,0,70.025308,87.728081
2742,0,1,117.552522,81.705104
2743,0,0,127.311185,107.668842
2744,0,1,49.586604,23.045474
2745,0,0,48.157058,26.453413
2746,0,1,187.592259,120.540531
2747,0,0,54.08076,71.795847
2748,0,0,94.964322,49.497024
2749,0,0,111.303405,36.19677
2750,0,0,187.165846,162.201937
2751,0,0,64.870503,69.096731
2752,0,1,99.428021,101.808662
2753,0,1,96.07859,78.567397
2754,0,1,28.923941,47.181402
2755,0,0,64.136595,10.732943
2756,0,1,61.87928,53.301464
2757,0,1,31.154111,-1.0061939999999998
2758,0,1,90.502133,43.289016
2759,0,1,87.989032,67.74620999999999
2760,0,0,108.192103,132.96433
2761,0,1,171.459311,137.604707
2762,0,1,24.189794,86.170864
2763,0,1,118.225172,115.352563
2764,0,1,123.703464,53.011297
2765,0,0,68.993096,8.076797
2766,0,1,38.867186,56.606048
2767,0,1,89.414705,90.535263
2768,0,1,63.129543,50.919491
2769,0,1,253.815038,219.273222
2770,0,1,120.169634,97.596465
2771,0,0,141.910288,75.022485
2772,0,0,71.684547,54.688877
2773,0,1,34.195606,28.533186
2774,0,1,113.453846,151.215918
2775,0,1,83.106687,107.255116
2776,0,1,76.768426,52.919994
2777,0,0,38.026148,75.668092
2778,0,0,91.997951,87.361059
2779,0,1,39.804842,59.679041
2780,0,0,272.510886,195.848544
2781,0,0,117.624766,47.714125
2782,0,1,90.207654,27.220607
2783,0,1,106.006042,88.235715
2784,0,1,142.037629,145.939946
2785,0,0,28.078858,30.152027
2786,0,1,87.369812,79.841626
2787,0,1,59.502578,102.155873
2788,0,1,88.552377,108.390531
2789,0,1,73.945026,117.398791
2790,0,0,113.878126,136.037405
2791,0,1,31.088161,43.115804
2792,0,0,135.148892,104.820989
2793,0,1,92.078467,62.075891
2794,0,1,117.531666,25.407607
2795,0,0,218.263966,149.869493
2796,0,1,65.317748,95.923066
2797,0,0,234.368876,172.977474
2798,0,0,22.002996,16.876568
2799,0,0,54.080973,71.464725
2800,0,1,112.286573,24.312456
2801,0,1,64.87282,23.044167
2802,0,0,104.43346,64.910915
2803,0,1,93.663817,68.86992599999999
2804,0,1,150.187541,111.288811
2805,0,0,28.651094,74.34898
2806,0,1,99.157807,101.785148
2807,0,1,89.791515,110.833284
2808,0,1,101.080857,107.15819
2809,0,1,147.942854,136.986339
2810,0,0,105.998878,81.431057
2811,0,1,74.09487,28.310448
2812,0,1,73.779637,39.998607
2813,0,1,105.037438,50.966948
2814,0,0,159.981189,94.551978
2815,0,1,38.297934,48.407954
2816,0,0,186.715089,98.416548
2817,0,0,93.202596,72.908452
2818,0,0,75.629083,98.458369
2819,0,1,66.688711,43.082948
2820,0,0,76.814638,81.264855
2821,0,1,119.179237,96.525767
2822,0,1,117.987589,109.614839
2823,0,0,78.946567,93.086973
2824,0,1,58.14615,98.778286
2825,0,0,64.732916,33.807716
2826,0,0,129.727982,120.073298
2827,0,0,129.763046,134.601707
2828,0,1,68.454239,126.375428
2829,0,0,68.386875,83.505732
2830,0,1,119.931681,129.921062
2831,0,0,132.246878,149.105216
2832,0,0,56.931146,84.113063
2833,0,0,68.280113,54.973214
2834,0,0,114.57821,128.222656
2835,0,1,41.119219,34.462743
2836,0,1,90.193382,95.804372
2837,0,1,71.626216,107.291036
2838,0,1,142.821618,75.264444
2839,0,0,41.226573,86.771443
2840,0,1,60.178806,71.256884
2841,0,0,76.185897,125.12753
2842,0,1,32.047536,33.135221
2843,0,0,21.512054,80.307386
2844,0,1,108.470704,67.09593799999999
2845,0,0,68.210345,78.105766
2846,0,1,136.022064,52.451203
2847,0,0,131.164393,105.908775
2848,0,1,71.884288,76.162891
2849,0,1,66.1851,45.835601
2850,0,1,209.699775,162.20345
2851,0,1,42.316514,44.89777
2852,0,1,35.26043,73.666386
2853,0,1,77.723257,119.299856
2854,0,1,139.027367,131.533886
2855,0,1,134.083235,113.479162
2856,0,1,86.399308,56.912122
2857,0,1,149.104842,129.09407099999999
2858,0,0,72.934506,65.583731
2859,0,0,102.981245,92.469327
2860,0,1,26.9164,58.1295
2861,0,0,285.807836,273.853636
2862,0,0,42.39707,11.383278
2863,0,0,89.033779,96.870715
2864,0,1,79.071098,42.486317
2865,0,1,84.327406,115.985987
2866,0,1,132.925546,96.859802
2867,0,0,138.48631,87.959107
2868,0,1,118.532843,143.780621
2869,0,1,166.724023,76.64151
2870,0,0,87.221076,95.147903
2871,0,0,13.290346,64.936887
2872,0,0,91.712904,61.925044
2873,0,1,146.291703,104.183308
2874,0,0,39.611177,59.514701
2875,0,0,123.493354,141.398892
2876,0,1,102.964705,92.983751
2877,0,1,121.478942,110.273754
2878,0,0,132.33371,100.786129
2879,0,0,60.816437,12.810764
2880,0,0,24.267491,14.953429
2881,0,0,173.701517,105.098399
2882,0,0,19.782938,54.401904
2883,0,0,102.19867,103.783841
2884,0,1,183.020178,155.905902
2885,0,0,126.891456,90.540625
2886,0,1,26.23031,51.893456
2887,0,0,67.219147,31.825202
2888,0,1,136.564065,124.007444
2889,0,1,109.780337,81.395189
2890,0,0,60.06405,62.537438
2891,0,1,91.636223,72.659342
2892,0,0,67.848242,2.313499
2893,0,0,66.664419,39.234298
2894,0,1,150.237768,151.34025
2895,0,1,73.832921,64.710501
2896,0,0,74.86795,68.593362
2897,0,0,103.3008,89.132007
2898,0,1,54.524628,56.698939
2899,0,0,176.603442,143.983689
2900,0,0,139.075251,123.320031
2901,0,1,95.912683,156.974025
2902,0,0,125.679214,139.33141
2903,0,1,78.035282,110.827238
2904,0,1,52.505154,26.880487
2905,0,1,26.716346,71.385126
2906,0,1,50.982803,70.729311
2907,0,1,98.701172,30.690728
2908,0,0,118.644576,112.651789
2909,0,0,83.182101,138.31116
2910,0,1,70.680998,49.179362
2911,0,1,134.040733,92.805423
2912,0,0,52.607488,48.689539
2913,0,1,85.326435,143.813793
2914,0,1,71.595528,40.124981
2915,0,0,33.377944,10.869865
2916,0,0,61.674068,66.831769
2917,0,1,49.8458,63.041617
2918,0,1,102.332348,45.817576
2919,0,1,138.526586,155.506977
2920,0,0,37.016104,59.299068
2921,0,1,66.035023,52.462443
2922,0,1,149.054248,118.631001
2923,0,1,91.018518,91.91913
2924,0,0,222.444585,199.193993
2925,0,1,121.103912,76.272143
2926,0,0,63.284006,39.559484
2927,0,1,51.70388,75.604302
2928,0,0,129.827924,78.383758
2929,0,0,194.463313,83.932243
2930,0,0,56.545936,27.222579
2931,0,0,155.232409,103.738328
2932,0,1,166.311272,130.868716
2933,0,0,99.080244,112.960176
2934,0,1,56.13231,19.423349
2935,0,1,102.568275,44.846474
2936,0,1,48.204914,50.634012
2937,0,1,142.387058,51.829434
2938,0,1,161.131906,97.661501
2939,0,1,149.877483,182.085617
2940,0,0,49.122599,55.806826
2941,0,0,191.323468,111.482314
2942,0,1,53.328562,70.164285
2943,0,0,45.662786,70.334022
2944,0,0,95.699439,36.131423
2945,0,1,100.551744,58.441217
2946,0,1,90.17346,100.115061
2947,0,1,75.228213,54.023299
2948,0,0,59.16424,37.712444
2949,0,1,54.512308,34.455372
2950,0,1,138.439404,143.690397
2951,0,0,133.574917,71.112243
2952,0,0,100.138393,52.308574
2953,0,1,93.841359,108.654013
2954,0,0,82.027118,64.459231
2955,0,0,115.32767,100.52814
2956,0,0,106.659518,65.552856
2957,0,0,77.81059,34.675232
2958,0,0,192.072068,146.418511
2959,0,0,246.536528,171.625189
2960,0,0,78.435694,57.202281
2961,0,0,29.791275,53.876099
2962,0,1,154.561026,146.691268
2963,0,0,39.94538,54.875322
2964,0,1,32.548889,49.674515
2965,0,0,88.916702,69.979189
2966,0,1,285.798165,217.667174
2967,0,1,231.873196,154.55806
2968,0,1,222.20365,215.696535
2969,0,0,89.481939,86.87093
2970,0,0,73.265009,102.234161
2971,0,1,159.769031,57.252187
2972,0,0,59.62465,104.705777
2973,0,0,58.14583,80.216814
2974,0,0,116.338265,102.595473
2975,0,0,91.048146,62.028902
2976,0,1,40.620421,60.326615
2977,0,1,49.155147,39.719089
2978,0,1,103.103056,62.23114
2979,0,1,52.252737,57.193036
2980,0,1,45.841517,60.516123
2981,0,1,46.373023,10.772597000000001
2982,0,1,161.553276,155.228349
2983,0,0,93.978652,75.309573
2984,0,0,51.697961,40.408839
2985,0,1,181.917846,109.947202
2986,0,1,84.195583,63.115846
2987,0,1,90.109682,54.658153
2988,0,0,121.818241,32.020277
2989,0,1,189.11438,121.384714
2990,0,0,75.160362,25.194271
2991,0,1,47.527469,28.904728
2992,0,0,77.319609,88.116506
2993,0,1,71.475711,98.929667
2994,0,0,64.180392,58.178351
2995,0,0,35.282151,2.392108
2996,0,0,23.587865,2.808583
2997,0,1,87.735208,5.670847
2998,0,0,55.230731,86.361649
2999,0,1,39.524356,58.176016
3000,0,1,65.421109,57.037582
3001,1,1,109.607667,118.461992
3002,1,0,74.701204,81.452515
3003,1,1,188.555553,142.800705
3004,1,0,226.834835,104.650835
3005,1,1,125.677535,236.342083
3006,1,1,171.473477,199.351258
3007,1,1,89.312397,79.139374
3008,1,0,47.892379,142.313909
3009,1,1,81.854401,92.421815
3010,1,0,152.450196,160.614888
3011,1,1,202.044547,221.339583
3012,1,0,93.738261,162.463788
3013,1,1,192.462213,137.678677
3014,1,1,41.978716,82.138721
3015,1,0,221.691258,155.659451
3016,1,1,172.947856,101.344136
3017,1,1,96.043333,112.518417
3018,1,1,234.710126,188.040484
3019,1,1,119.742095,72.914144
3020,1,0,98.109672,144.184621
3021,1,0,73.220694,73.469601
3022,1,1,220.470964,288.439353
3023,1,0,26.600236,63.969645
3024,1,0,103.013325,80.626284
3025,1,0,104.86396,112.046887
3026,1,1,97.158643,141.131806
3027,1,0,180.041996,127.569577
3028,1,0,176.890043,57.997339
3029,1,0,94.510481,78.278865
3030,1,0,113.154806,121.158411
3031,1,1,46.814203,46.403396
3032,1,0,89.548051,23.621775
3033,1,1,281.225946,154.400421
3034,1,1,165.460099,174.304264
3035,1,1,126.84743,158.443247
3036,1,1,125.029784,115.682485
3037,1,0,137.299822,70.144521
3038,1,0,202.011755,147.510058
3039,1,1,327.188106,282.149793
3040,1,0,125.15955,92.813835
3041,1,1,89.799661,94.608995
3042,1,0,106.952296,74.109836
3043,1,0,94.74144,60.259925
3044,1,0,132.614234,128.071387
3045,1,1,30.37085,18.045699
3046,1,0,32.691155,26.122361
3047,1,0,87.875597,183.14449
3048,1,1,72.786359,48.23924
3049,1,0,249.010035,126.847451
3050,1,1,100.568818,115.475179
3051,1,0,46.179114,42.754272
3052,1,0,86.222462,69.222683
3053,1,1,166.016062,139.328671
3054,1,0,82.940501,137.237871
3055,1,0,146.215587,145.690623
3056,1,0,224.577621,197.324041
3057,1,1,41.632631,-17.440261
3058,1,0,67.436325,80.75401
3059,1,1,51.257984,76.756725
3060,1,0,145.984192,159.922305
3061,1,1,283.070907,274.007581
3062,1,1,115.817193,135.637957
3063,1,1,155.048309,72.6863
3064,1,1,78.505623,81.362606
3065,1,0,117.515681,115.109181
3066,1,0,187.343591,173.047478
3067,1,0,136.333925,81.484847
3068,1,1,359.039624,254.661231
3069,1,0,232.45934,151.252926
3070,1,1,90.960038,164.24176
3071,1,1,122.522196,69.227424
3072,1,0,259.300471,143.395995
3073,1,0,234.828174,274.537269
3074,1,0,66.896825,145.248573
3075,1,1,320.451121,239.215556
3076,1,1,29.725198,53.336531
3077,1,1,174.901838,182.679198
3078,1,0,111.770648,173.736202
3079,1,1,196.823039,160.332997
3080,1,0,177.76556,146.210812
3081,1,1,97.355323,98.620769
3082,1,1,149.39969,172.665426
3083,1,0,214.253752,208.052409
3084,1,1,106.310682,143.267462
3085,1,0,139.952502,139.095429
3086,1,1,170.560919,233.467541
3087,1,1,159.871594,124.034108
3088,1,0,32.259953,-10.291452
3089,1,1,99.352722,170.561072
3090,1,1,136.229474,87.946583
3091,1,0,214.527654,108.056004
3092,1,1,121.843993,147.750038
3093,1,1,123.374804,40.409095
3094,1,0,32.457218,96.871123
3095,1,1,238.370789,227.180991
3096,1,1,115.718312,60.975521
3097,1,0,85.843592,89.612623
3098,1,1,98.128833,118.749169
3099,1,0,164.156828,172.190149
3100,1,1,236.377097,234.147449
3101,1,0,225.578802,169.894742
3102,1,0,89.086078,87.111587
3103,1,0,187.047776,176.558098
3104,1,1,133.401012,152.185845
3105,1,1,128.521769,134.363294
3106,1,1,222.397079,160.959615
3107,1,0,170.358706,90.107957
3108,1,0,200.206787,237.480669
3109,1,0,78.320066,126.510002
3110,1,0,221.395289,187.854594
3111,1,1,80.788191,69.03921
3112,1,0,240.8703,214.981676
3113,1,0,158.721386,154.556907
3114,1,0,97.00034,149.570611
3115,1,1,109.057997,110.218168
3116,1,1,125.390789,105.103368
3117,1,0,28.962719,115.579926
3118,1,0,183.383202,154.216802
3119,1,0,116.900262,157.849766
3120,1,0,192.747862,174.977694
3121,1,1,28.100043,45.76233
3122,1,1,111.638884,181.885488
3123,1,1,88.025633,92.414164
3124,1,0,290.31821,284.999004
3125,1,0,131.101487,185.186499
3126,1,1,210.489421,185.501005
3127,1,1,221.451741,197.763477
3128,1,1,133.448132,115.157322
3129,1,1,291.488145,247.386295
3130,1,1,106.485955,124.975762
3131,1,1,231.251881,241.115009
3132,1,1,78.589657,76.536034
3133,1,1,201.59144,218.414022
3134,1,0,100.644779,118.596286
3135,1,1,37.672918,46.944474
3136,1,0,64.833241,51.298629
3137,1,1,228.529298,192.414811
3138,1,1,70.938768,83.623948
3139,1,0,190.764327,116.075679
3140,1,0,110.893005,196.774339
3141,1,0,157.269897,85.076746
3142,1,1,154.738543,153.86193
3143,1,1,41.324774,62.99638
3144,1,1,127.341126,143.502591
3145,1,0,121.06052,163.466161
3146,1,0,244.886444,206.356996
3147,1,0,268.079868,149.003271
3148,1,1,46.140083,133.513752
3149,1,0,123.553335,109.949053
3150,1,1,80.936256,130.577657
3151,1,0,191.277261,172.619599
3152,1,0,157.204713,113.18232
3153,1,0,65.09752,60.62995
3154,1,0,150.168511,183.310477
3155,1,1,205.244047,134.123452
3156,1,0,240.604271,210.684796
3157,1,1,198.054905,113.76115
3158,1,0,43.586534,87.240151
3159,1,1,130.030609,32.246873
3160,1,1,176.578415,51.807172
3161,1,1,135.088099,129.44468899999998
3162,1,1,96.253724,88.039199
3163,1,0,66.938683,93.388841
3164,1,0,76.563678,79.737917
3165,1,0,65.647874,105.700206
3166,1,1,170.961322,173.332821
3167,1,0,169.887925,98.45547
3168,1,0,149.232408,136.766101
3169,1,0,284.430217,170.824872
3170,1,1,189.713654,111.932554
3171,1,1,88.028182,76.788615
3172,1,0,194.575336,97.903231
3173,1,1,120.011739,133.267166
3174,1,1,197.973212,171.11886
3175,1,0,71.840276,105.837513
3176,1,1,113.89884,182.826812
3177,1,1,148.815409,117.690785
3178,1,0,36.852599,30.787049
3179,1,1,139.654233,198.635395
3180,1,1,135.046434,142.78382
3181,1,0,202.654426,253.367359
3182,1,1,173.826877,190.996798
3183,1,0,244.128256,162.871869
3184,1,1,63.702417,129.782678
3185,1,0,163.001591,170.209706
3186,1,0,246.333524,253.35243
3187,1,0,96.074624,106.558898
3188,1,1,206.651695,163.875252
3189,1,0,110.305705,137.548216
3190,1,1,118.34346,98.128673
3191,1,0,205.981184,154.102057
3192,1,0,200.447202,176.007683
3193,1,1,132.698308,151.735518
3194,1,1,313.790939,271.430181
3195,1,1,49.484813,63.330117
3196,1,0,130.86039,40.278058
3197,1,1,254.107541,296.094595
3198,1,1,106.394452,128.51542
3199,1,0,44.019975,236.257445
3200,1,0,113.802597,80.966517
3201,1,0,81.058569,100.04607
3202,1,0,176.621596,183.703903
3203,1,1,97.042207,88.483858
3204,1,0,118.61044,115.549847
3205,1,0,195.156484,103.664236
3206,1,1,57.654214,93.653493
3207,1,1,103.396187,73.403413
3208,1,0,386.117358,224.933123
3209,1,0,78.513653,136.112624
3210,1,0,72.333808,113.818059
3211,1,0,52.144138,91.661949
3212,1,0,111.275955,141.093931
3213,1,0,132.864074,168.560721
3214,1,0,118.004156,92.986584
3215,1,0,94.381719,202.830714
3216,1,0,178.318558,122.412483
3217,1,1,109.545884,102.087521
3218,1,1,93.930644,96.500979
3219,1,1,145.840671,90.957189
3220,1,0,510.979139,394.757407
3221,1,0,160.068677,162.054363
3222,1,0,167.20892,141.514871
3223,1,0,258.78648,245.177199
3224,1,0,168.268348,53.732427
3225,1,0,58.168949,116.710211
3226,1,0,99.522951,69.360098
3227,1,0,42.53146,21.030736
3228,1,0,115.114239,16.668799
3229,1,1,159.051157,148.113948
3230,1,1,226.285255,183.683756
3231,1,0,165.390981,106.346768
3232,1,1,154.607462,148.842465
3233,1,1,110.993735,168.666182
3234,1,0,218.189989,132.443259
3235,1,0,79.510271,132.054715
3236,1,1,39.871439,149.131771
3237,1,0,60.559591,84.142672
3238,1,0,170.346615,166.265049
3239,1,0,46.432983,34.946563
3240,1,0,155.299321,192.943425
3241,1,1,302.956596,221.634918
3242,1,1,100.962504,103.595719
3243,1,1,193.486335,139.483965
3244,1,1,141.36841,168.360849
3245,1,0,214.5401,138.131318
3246,1,0,175.342247,163.425108
3247,1,0,153.226373,132.967349
3248,1,0,143.676197,84.836979
3249,1,0,202.028916,120.361181
3250,1,1,47.789291,67.560727
3251,1,1,97.074647,106.706184
3252,1,0,83.281745,66.899195
3253,1,1,280.267301,176.633244
3254,1,1,107.732744,149.419868
3255,1,0,56.24262,116.637096
3256,1,0,127.932103,180.679675
3257,1,1,203.235048,174.968861
3258,1,0,290.864296,212.959183
3259,1,1,137.169944,128.925162
3260,1,1,53.780623,137.342095
3261,1,1,162.653541,124.47754
3262,1,0,97.880662,99.996666
3263,1,1,123.608295,162.047772
3264,1,1,241.346402,217.566643
3265,1,1,76.653793,137.391606
3266,1,1,30.321998,49.117327
3267,1,0,104.927576,159.485037
3268,1,1,179.646488,101.900455
3269,1,0,151.763496,148.608015
3270,1,0,155.97628,151.562323
3271,1,0,112.419378,123.51428
3272,1,1,189.759757,261.769335
3273,1,1,162.694724,169.822186
3274,1,0,147.31508,130.569408
3275,1,1,176.30924,164.058341
3276,1,1,135.049473,127.455561
3277,1,1,100.974928,126.432147
3278,1,1,157.911261,87.509917
3279,1,1,116.418732,136.020813
3280,1,0,152.131973,202.093146
3281,1,0,107.89348,-4.256291
3282,1,1,169.742361,116.000256
3283,1,1,219.469622,179.596082
3284,1,1,15.927569,100.055446
3285,1,0,221.65021,170.27363
3286,1,1,77.857337,139.228389
3287,1,1,185.067319,237.064625
3288,1,0,193.991018,141.434553
3289,1,1,82.329298,91.055418
3290,1,0,513.936767,348.230955
3291,1,0,199.220904,188.684155
3292,1,0,160.470371,109.119144
3293,1,0,86.171881,98.555999
3294,1,0,62.790469,25.714951
3295,1,1,242.595493,164.549473
3296,1,0,140.399672,117.206212
3297,1,1,106.402332,116.939838
3298,1,0,125.39471,191.512769
3299,1,0,71.927563,61.267094
3300,1,0,197.02524,174.00262
3301,1,1,71.080087,64.347753
3302,1,1,209.775657,260.29666399999996
3303,1,1,332.249088,169.20892
3304,1,1,102.277382,110.352501
3305,1,0,75.99581,88.980365
3306,1,0,127.090499,76.518329
3307,1,0,64.649747,162.467067
3308,1,1,101.462966,145.267653
3309,1,0,185.448442,187.740239
3310,1,1,178.311427,132.114814
3311,1,0,239.378783,144.258792
3312,1,1,130.047309,46.346899
3313,1,1,212.885988,157.649503
3314,1,0,149.105309,139.603884
3315,1,0,162.78636,175.953163
3316,1,0,358.736425,213.718967
3317,1,0,152.535115,101.689606
3318,1,0,150.109423,112.080079
3319,1,1,101.935114,179.25355
3320,1,0,208.664026,207.045557
3321,1,0,247.079126,160.22592
3322,1,0,113.96988,90.439975
3323,1,1,136.472793,132.98458499999998
3324,1,1,325.108373,259.443224
3325,1,0,53.437388,82.62054
3326,1,1,94.439843,152.036895
3327,1,0,89.330021,138.490199
3328,1,0,122.822467,124.463731
3329,1,1,102.21697,104.39206
3330,1,0,146.567926,160.380646
3331,1,1,73.479194,82.270639
3332,1,0,249.330046,167.791944
3333,1,1,79.080593,104.226118
3334,1,1,78.196243,72.08075500000001
3335,1,1,44.254077,70.03594
3336,1,0,105.357162,60.44471
3337,1,0,139.107945,155.10848
3338,1,1,298.510867,237.124753
3339,1,1,200.684839,173.369368
3340,1,1,106.319232,142.110432
3341,1,0,131.621654,144.343077
3342,1,1,133.377329,27.984791
3343,1,1,46.194472,95.225992
3344,1,0,165.40883,147.330756
3345,1,0,101.071286,117.844778
3346,1,1,83.369828,110.949436
3347,1,0,260.379238,197.508841
3348,1,1,105.982359,196.829823
3349,1,1,32.648159,67.66994
3350,1,0,167.833791,142.623037
3351,1,1,162.990111,126.45588
3352,1,1,104.305664,55.133454
3353,1,0,160.749649,142.048905
3354,1,0,171.899727,111.230216
3355,1,0,101.536918,83.801251
3356,1,0,140.276392,116.679712
3357,1,0,87.853701,120.556577
3358,1,0,196.808977,135.873424
3359,1,1,100.991625,113.763187
3360,1,1,130.177303,107.705094
3361,1,0,206.495998,140.194064
3362,1,1,138.468365,221.482501
3363,1,1,282.91893,233.629901
3364,1,1,90.136654,103.072129
3365,1,0,107.31732,144.854484
3366,1,0,110.894668,106.772026
3367,1,1,200.792172,143.64762
3368,1,1,199.471889,186.698739
3369,1,0,91.749434,175.198045
3370,1,1,133.660446,138.448072
3371,1,0,183.422787,141.422841
3372,1,1,87.644634,79.001466
3373,1,0,129.63304,90.227695
3374,1,0,113.558557,69.39001
3375,1,0,129.831023,109.754162
3376,1,0,135.24558,125.501089
3377,1,0,166.432577,144.769554
3378,1,0,316.044011,223.528404
3379,1,1,152.507718,146.802984
3380,1,0,94.725878,59.585576
3381,1,0,105.189427,86.933933
3382,1,1,137.955109,179.644655
3383,1,1,92.825262,115.341443
3384,1,0,191.508369,133.119593
3385,1,0,133.301967,128.360447
3386,1,1,216.172102,235.202492
3387,1,0,84.592752,116.398037
3388,1,1,132.869908,79.304207
3389,1,1,88.35706,184.793166
3390,1,1,206.907961,192.223277
3391,1,1,136.342145,116.510022
3392,1,1,258.301057,221.497452
3393,1,0,42.903631,171.227904
3394,1,1,87.54333,74.448565
3395,1,1,75.176007,51.089938
3396,1,1,203.533674,150.56284
3397,1,0,149.477497,152.923106
3398,1,0,133.126785,159.884502
3399,1,1,117.701594,136.965887
3400,1,1,184.273463,191.977827
3401,1,0,99.138339,30.648658
3402,1,0,171.483207,85.80712
3403,1,1,106.566746,65.690544
3404,1,1,285.211884,246.754416
3405,1,0,64.952851,51.966284
3406,1,0,104.685888,59.124857
3407,1,0,369.433294,194.848202
3408,1,0,282.591229,248.533202
3409,1,1,150.47014,190.761879
3410,1,0,244.123807,213.947644
3411,1,1,173.096039,155.003682
3412,1,1,224.711113,213.337501
3413,1,0,40.804924,67.280813
3414,1,1,173.778411,143.701812
3415,1,1,65.782234,62.539343
3416,1,0,154.762511,119.539259
3417,1,0,185.729378,188.720681
3418,1,0,181.88648,76.588776
3419,1,0,183.10865,186.046853
3420,1,1,161.459343,185.946334
3421,1,0,141.733518,141.287501
3422,1,1,204.434919,140.803836
3423,1,0,117.538092,89.207908
3424,1,0,139.816117,98.134461
3425,1,1,180.414273,95.986606
3426,1,0,128.738733,61.270359
3427,1,1,211.38433,215.601185
3428,1,1,43.475675,62.209654
3429,1,1,169.540591,145.530635
3430,1,0,210.362773,149.614612
3431,1,1,113.215044,110.390882
3432,1,1,143.097061,185.425182
3433,1,1,107.321047,134.242469
3434,1,0,228.625245,268.730548
3435,1,1,68.817549,87.641921
3436,1,1,171.875752,224.629787
3437,1,1,149.744776,167.860577
3438,1,1,261.293489,252.089503
3439,1,0,43.321233,69.331765
3440,1,1,119.587474,129.188084
3441,1,0,147.110241,94.874024
3442,1,0,83.181001,120.730647
3443,1,0,145.175993,110.448494
3444,1,1,242.990344,262.826911
3445,1,0,301.708326,307.404392
3446,1,1,209.610996,256.47089
3447,1,0,276.520157,205.799354
3448,1,0,31.943854,45.18602
3449,1,0,119.936956,181.026271
3450,1,1,124.265698,181.552561
3451,1,0,79.735341,114.026693
3452,1,0,218.671036,176.491493
3453,1,0,117.206629,111.841314
3454,1,1,205.635448,204.866607
3455,1,0,94.419035,53.208582
3456,1,1,114.306732,149.743855
3457,1,0,203.045059,179.6143
3458,1,1,170.426882,125.298626
3459,1,0,236.787382,211.60063
3460,1,1,211.224101,94.312881
3461,1,0,108.224768,144.939716
3462,1,0,112.295159,100.332448
3463,1,1,125.867218,62.464023
3464,1,1,158.181354,219.613204
3465,1,1,80.294247,191.779487
3466,1,1,113.378873,192.855265
3467,1,1,135.639501,137.20345600000002
3468,1,1,130.66944,134.74708800000002
3469,1,1,82.155889,95.608501
3470,1,0,155.310934,163.257495
3471,1,1,87.710902,81.371025
3472,1,0,139.161888,167.536261
3473,1,1,123.368,111.519914
3474,1,0,112.367163,126.551532
3475,1,0,158.106471,141.321741
3476,1,1,129.28062,195.165172
3477,1,1,118.165884,142.169468
3478,1,0,145.376124,130.198711
3479,1,0,155.025448,109.142299
3480,1,1,149.587495,62.243296
3481,1,0,80.377887,103.637153
3482,1,1,162.426041,163.885298
3483,1,0,236.472709,212.143826
3484,1,0,109.189432,106.196591
3485,1,0,102.258643,148.313048
3486,1,0,114.772877,41.167371
3487,1,1,59.177954,140.0918
3488,1,0,121.13194,74.829965
3489,1,0,134.497133,59.06948
3490,1,1,84.140907,104.923116
3491,1,0,232.290926,132.364762
3492,1,0,259.435101,217.379387
3493,1,0,198.764655,216.657305
3494,1,1,119.24382,157.058906
3495,1,0,98.789451,112.937
3496,1,1,174.729864,195.601102
3497,1,0,173.652562,191.801223
3498,1,0,230.497066,235.455081
3499,1,0,423.084077,224.69098
3500,1,0,110.105884,198.139355
3501,1,0,176.916916,172.435996
3502,1,1,88.064144,104.11936
3503,1,1,83.094105,72.747994
3504,1,1,95.098734,112.886204
3505,1,0,111.076023,138.698866
3506,1,1,58.987955,64.650781
3507,1,1,33.927251,95.646092
3508,1,1,84.808644,250.69803
3509,1,0,105.521366,145.258876
3510,1,1,330.752455,256.070775
3511,1,1,151.67191,191.476211
3512,1,1,155.939123,138.879409
3513,1,1,78.152547,144.128046
3514,1,1,182.878935,147.182936
3515,1,0,106.12458,105.157877
3516,1,0,73.702416,81.578608
3517,1,1,40.396374,159.548127
3518,1,0,135.890663,157.053297
3519,1,0,144.235164,198.626247
3520,1,1,103.986622,90.820596
3521,1,1,88.617199,36.345956
3522,1,1,123.371097,180.524402
3523,1,1,127.169953,149.883415
3524,1,1,98.650114,84.795339
3525,1,1,22.783546,89.753961
3526,1,1,80.918744,87.885152
3527,1,0,175.749202,140.177724
3528,1,0,179.258803,96.483259
3529,1,1,99.136865,172.963081
3530,1,1,91.158227,99.034568
3531,1,0,165.010712,159.291259
3532,1,1,181.896108,135.525293
3533,1,1,80.293752,31.324205
3534,1,1,216.831076,185.586883
3535,1,1,53.295667,82.33393
3536,1,1,256.922067,233.62718
3537,1,0,156.496355,160.135032
3538,1,1,265.777167,199.554056
3539,1,0,118.340673,116.514305
3540,1,1,202.301747,190.0567
3541,1,1,183.928356,240.934142
3542,1,1,169.654157,154.409344
3543,1,1,102.096144,109.503868
3544,1,1,113.972806,145.698673
3545,1,0,50.227549,47.289932
3546,1,0,141.121551,102.646333
3547,1,0,133.366745,97.918944
3548,1,1,161.426702,127.546416
3549,1,0,70.040216,196.471245
3550,1,1,129.268992,79.503161
3551,1,1,102.718073,119.150378
3552,1,0,185.504156,198.146796
3553,1,0,180.29845,115.789711
3554,1,1,157.964368,126.582437
3555,1,1,59.183355,171.020542
3556,1,0,50.828229,-2.630643
3557,1,0,95.22408,129.374549
3558,1,1,131.531868,50.342841
3559,1,0,87.720133,60.658424
3560,1,0,134.894737,133.2559
3561,1,1,324.420049,284.423389
3562,1,1,68.615136,66.667948
3563,1,0,141.917287,110.196008
3564,1,1,234.826149,199.833471
3565,1,1,268.856205,182.825455
3566,1,1,121.574761,155.521938
3567,1,1,110.709703,132.367754
3568,1,1,156.283508,114.690137
3569,1,1,194.390467,257.643603
3570,1,1,187.014453,182.661097
3571,1,0,220.711869,195.363358
3572,1,0,159.999594,163.749332
3573,1,0,91.428409,125.25429
3574,1,0,70.07964,102.832537
3575,1,1,342.814362,204.312061
3576,1,0,189.011517,163.796975
3577,1,0,161.639234,162.715007
3578,1,0,161.384208,233.564698
3579,1,1,153.864349,113.511327
3580,1,1,98.547768,133.10999800000002
3581,1,0,146.773153,133.902409
3582,1,0,64.139902,117.684596
3583,1,1,200.765164,198.478198
3584,1,0,141.561178,112.849585
3585,1,0,51.093107,95.20557
3586,1,1,133.75525,150.440995
3587,1,0,146.441284,178.61379
3588,1,1,272.300338,200.169665
3589,1,0,239.939618,193.227699
3590,1,1,99.777635,124.699755
3591,1,1,46.17207,55.500974
3592,1,0,198.373141,119.69583
3593,1,1,77.604251,96.756559
3594,1,1,84.460637,37.561863
3595,1,0,129.545258,216.407636
3596,1,0,183.685054,158.703439
3597,1,1,132.683722,159.753373
3598,1,0,98.132117,142.844658
3599,1,0,154.351086,142.907332
3600,1,0,76.647648,134.69397
3601,1,0,133.547985,138.484023
3602,1,0,111.294629,126.128987
3603,1,1,157.382052,178.745882
3604,1,0,65.925957,86.499909
3605,1,1,200.050715,133.765644
3606,1,1,94.261105,112.314515
3607,1,1,173.409376,148.890898
3608,1,1,80.752581,21.623820000000002
3609,1,1,205.744624,240.593226
3610,1,0,224.961703,126.759073
3611,1,0,67.829375,94.454145
3612,1,0,82.925825,133.477187
3613,1,0,104.880155,73.608385
3614,1,1,69.9038,125.115518
3615,1,0,31.239503,11.039662
3616,1,0,164.947983,188.588248
3617,1,1,209.599236,143.385366
3618,1,0,75.266239,89.988869
3619,1,0,231.153084,167.701972
3620,1,0,73.90389,85.24535
3621,1,0,24.741413,12.483135
3622,1,0,131.34895,186.945459
3623,1,0,114.633046,123.323965
3624,1,0,92.420855,54.072965
3625,1,0,57.865304,134.756634
3626,1,1,166.778428,193.860092
3627,1,1,90.826497,112.932361
3628,1,0,370.624579,278.818572
3629,1,1,107.746744,97.799551
3630,1,1,186.000574,172.12591
3631,1,0,138.923753,167.107711
3632,1,1,71.734154,42.064421
3633,1,0,110.331401,83.196712
3634,1,1,272.422083,187.985959
3635,1,0,144.066908,144.044522
3636,1,0,62.375893,55.52637
3637,1,0,71.182097,183.929138
3638,1,0,127.88717,125.196928
3639,1,1,187.010813,163.467249
3640,1,0,103.085766,99.637802
3641,1,1,64.705279,152.565986
3642,1,1,48.185097,66.507056
3643,1,1,145.934873,110.036191
3644,1,0,78.596674,59.253987
3645,1,0,66.497903,26.134931
3646,1,0,126.959215,200.368355
3647,1,0,62.307051,72.923629
3648,1,0,50.5846,40.079804
3649,1,1,163.98008,179.540068
3650,1,0,90.729572,138.350355
3651,1,1,180.676764,148.814481
3652,1,0,198.724841,172.288208
3653,1,0,152.516203,161.589438
3654,1,1,179.437299,158.489411
3655,1,0,179.763196,147.607538
3656,1,1,380.921258,276.756971
3657,1,1,236.198505,175.025117
3658,1,0,164.309067,93.262046
3659,1,0,37.821141,102.618193
3660,1,0,91.412875,135.648674
3661,1,1,192.413057,186.937234
3662,1,0,107.408035,133.538737
3663,1,1,193.922468,169.894905
3664,1,0,120.138765,140.51261
3665,1,1,83.33265,41.335983999999996
3666,1,1,48.616488,48.323557
3667,1,0,379.247008,206.664064
3668,1,0,103.188286,75.413716
3669,1,0,44.160749,32.059218
3670,1,1,95.362938,140.263666
3671,1,1,119.684839,149.136188
3672,1,1,216.211677,170.807376
3673,1,0,66.098315,119.907294
3674,1,0,273.827096,218.941304
3675,1,0,89.856229,61.942642
3676,1,1,64.055536,40.765464
3677,1,1,124.866553,115.730841
3678,1,1,40.693583,92.906684
3679,1,1,60.766399,63.399133
3680,1,1,123.030471,65.69272000000001
3681,1,1,123.248912,123.271768
3682,1,0,150.863157,145.05802
3683,1,0,223.681704,208.300917
3684,1,1,137.632314,149.669142
3685,1,0,160.087207,67.985268
3686,1,1,97.698076,108.384735
3687,1,1,25.514767,59.654788
3688,1,0,200.790361,181.102411
3689,1,1,119.569723,157.684361
3690,1,0,94.86678,60.475102
3691,1,1,95.22549,67.45011
3692,1,0,261.06398,145.175127
3693,1,1,42.409176,137.795323
3694,1,1,132.149859,53.469848
3695,1,0,105.469853,86.629365
3696,1,1,35.967431,125.951174
3697,1,1,36.116836,29.238383
3698,1,0,141.833975,111.074422
3699,1,0,118.003364,167.179571
3700,1,0,182.386248,108.07264
3701,1,1,207.398728,148.019866
3702,1,1,101.499204,191.983454
3703,1,0,212.329242,127.624663
3704,1,1,163.92338,214.239693
3705,1,1,73.801848,118.658436
3706,1,0,110.330511,88.825351
3707,1,1,111.478193,207.280922
3708,1,0,384.341751,326.377809
3709,1,0,50.712031,183.632518
3710,1,1,165.495134,176.243503
3711,1,0,308.451706,290.025529
3712,1,0,150.495875,199.888251
3713,1,0,91.019265,109.86386
3714,1,0,290.097195,258.61461
3715,1,1,100.859844,158.279671
3716,1,0,178.320885,183.554101
3717,1,1,186.311012,218.110372
3718,1,0,150.832414,99.043701
3719,1,1,169.651542,149.779959
3720,1,1,65.350236,77.942101
3721,1,0,221.960901,156.455169
3722,1,0,141.737033,137.306077
3723,1,0,51.174087,90.551333
3724,1,1,114.829397,160.209639
3725,1,0,214.840633,183.553896
3726,1,0,86.333434,101.202772
3727,1,0,88.200381,22.080576
3728,1,1,92.765793,23.119757
3729,1,0,131.012862,130.116179
3730,1,0,102.077975,153.190799
3731,1,0,74.964439,131.067887
3732,1,0,120.045031,126.497029
3733,1,0,177.332844,223.082177
3734,1,1,117.221527,227.646066
3735,1,0,98.345941,162.883711
3736,1,0,61.611482,49.959447
3737,1,1,149.861445,184.077264
3738,1,0,64.540659,37.131178
3739,1,1,124.265916,136.10666600000002
3740,1,1,103.835251,40.645686999999995
3741,1,1,31.192202,45.725937
3742,1,1,180.981421,188.941037
3743,1,1,99.548043,84.263647
3744,1,0,329.928127,213.624263
3745,1,0,153.685912,51.677063
3746,1,0,269.809798,194.97345
3747,1,1,162.379431,191.692864
3748,1,0,132.77703,142.375882
3749,1,0,154.034489,211.888812
3750,1,1,115.263409,161.839532
3751,1,1,150.566716,150.944045
3752,1,0,47.002992,134.174002
3753,1,0,89.566917,129.581224
3754,1,1,4.956385,13.448791
3755,1,0,258.381665,206.373017
3756,1,0,184.869679,161.59961
3757,1,0,124.288079,89.956028
3758,1,1,260.597207,146.628721
3759,1,0,120.595408,84.204318
3760,1,0,121.455307,120.155436
3761,1,1,78.809401,116.330672
3762,1,0,130.085712,67.773435
3763,1,0,89.756359,45.757675
3764,1,1,98.16516,77.575017
3765,1,0,130.589819,169.012166
3766,1,1,104.625698,138.083563
3767,1,1,34.00476,132.023524
3768,1,0,136.207157,132.861015
3769,1,1,82.198547,26.040895
3770,1,1,126.135937,144.581457
3771,1,1,46.994015,72.63277
3772,1,1,297.058839,306.915481
3773,1,1,109.081451,57.1937
3774,1,1,178.640824,138.608912
3775,1,1,80.705543,40.416982000000004
3776,1,0,97.362227,128.947421
3777,1,1,141.06158,182.37819
3778,1,0,86.795205,70.360107
3779,1,1,148.651263,143.785291
3780,1,0,204.27172,152.343136
3781,1,1,149.006092,130.64870000000002
3782,1,0,65.128694,40.961506
3783,1,0,66.737669,74.086915
3784,1,1,188.979154,151.968315
3785,1,1,118.301972,182.976827
3786,1,0,227.890558,168.195238
3787,1,1,102.723867,51.441284
3788,1,1,81.073828,29.396073
3789,1,1,101.320094,11.952971
3790,1,1,41.169667,80.594284
3791,1,1,161.33233,181.023438
3792,1,1,99.299947,125.106383
3793,1,1,112.233583,39.556232
3794,1,1,101.011701,91.739225
3795,1,1,127.608585,119.464186
3796,1,1,48.264199,56.349919
3797,1,0,81.601727,136.4582
3798,1,1,54.703191,77.016792
3799,1,1,78.610524,52.80955
3800,1,0,106.879506,16.812961
3801,1,1,208.690674,189.111664
3802,1,0,146.79946,94.312375
3803,1,0,99.507319,107.473708
3804,1,0,112.80079,46.18881
3805,1,1,73.864458,72.343027
3806,1,0,245.192017,192.571473
3807,1,0,77.704874,59.892931
3808,1,0,83.762521,102.684145
3809,1,0,155.332623,104.826901
3810,1,1,93.374812,185.627396
3811,1,1,238.95121,202.868966
3812,1,1,122.995916,127.335443
3813,1,1,48.118429,34.648101
3814,1,1,119.993192,153.490236
3815,1,1,248.146518,247.885985
3816,1,0,82.605728,53.194382
3817,1,0,150.489697,179.752013
3818,1,0,142.760492,170.284265
3819,1,0,282.473245,257.452599
3820,1,1,266.52163,252.491553
3821,1,1,256.12181,211.2867
3822,1,0,191.128411,116.320891
3823,1,1,174.663931,128.86446899999999
3824,1,1,188.289525,177.033024
3825,1,1,164.523841,233.194823
3826,1,1,147.032173,94.737829
3827,1,0,91.053056,48.99075
3828,1,0,123.559679,142.265204
3829,1,0,187.701193,150.886674
3830,1,1,265.816964,184.475371
3831,1,0,142.830064,178.977229
3832,1,1,207.703218,128.31485800000002
3833,1,1,149.969959,169.292462
3834,1,0,278.296263,174.022491
3835,1,1,40.142575,77.799641
3836,1,0,273.207489,178.945117
3837,1,0,135.147631,74.436601
3838,1,0,70.038607,70.002055
3839,1,1,211.203902,241.648736
3840,1,0,261.566363,208.801367
3841,1,1,127.924223,125.531799
3842,1,1,123.683676,122.102842
3843,1,0,116.408648,119.659767
3844,1,0,44.597835,87.803919
3845,1,0,86.513783,140.573769
3846,1,0,297.349938,227.119052
3847,1,0,209.093937,170.427833
3848,1,1,62.508926,81.131978
3849,1,0,61.845024,36.707309
3850,1,0,152.367866,169.718021
3851,1,1,53.351159,53.839212
3852,1,0,89.351704,27.293251
3853,1,1,206.429055,199.216225
3854,1,0,101.762732,46.083314
3855,1,1,139.247067,110.368637
3856,1,1,18.221543,89.904379
3857,1,1,70.932283,144.568678
3858,1,0,122.383246,99.607069
3859,1,1,93.716956,101.828913
3860,1,0,86.808038,43.517843
3861,1,1,95.460833,178.504625
3862,1,0,79.278057,121.497925
3863,1,1,105.166933,157.479644
3864,1,1,133.980455,186.393036
3865,1,0,151.716482,12.546843
3866,1,0,61.785203,49.881821
3867,1,1,137.415558,146.599526
3868,1,0,34.751608,113.332841
3869,1,1,200.067692,155.310244
3870,1,1,157.408638,113.602447
3871,1,0,143.380843,140.453777
3872,1,1,170.237256,145.132546
3873,1,1,105.760247,143.709248
3874,1,1,191.197528,110.976211
3875,1,1,113.642952,54.63318
3876,1,1,134.492811,187.869975
3877,1,0,137.554812,164.005708
3878,1,0,113.441681,99.792947
3879,1,0,41.19155,140.059604
3880,1,0,118.628334,137.596894
3881,1,1,166.27914,221.323507
3882,1,1,88.340223,94.22078
3883,1,0,142.087775,177.559711
3884,1,1,250.111119,262.97439299999996
3885,1,1,103.438308,159.561126
3886,1,0,104.535624,94.075703
3887,1,0,95.957996,66.940262
3888,1,1,116.577349,189.115024
3889,1,1,137.942771,112.750859
3890,1,0,129.812332,65.864674
3891,1,1,206.161256,206.143156
3892,1,1,208.056463,230.535453
3893,1,1,239.186709,176.760535
3894,1,0,318.426754,262.451725
3895,1,1,136.801389,124.217498
3896,1,1,182.281759,172.794156
3897,1,0,217.097616,138.360479
3898,1,0,143.673024,135.758245
3899,1,1,337.992276,240.009189
3900,1,1,51.12579,130.536968
3901,1,1,149.560243,170.274721
3902,1,0,231.007611,106.535538
3903,1,1,302.147096,249.867085
3904,1,1,279.668819,252.237455
3905,1,0,194.733996,167.079662
3906,1,1,131.403905,195.748672
3907,1,0,180.454404,193.033852
3908,1,1,155.564897,127.606756
3909,1,0,112.569809,94.251357
3910,1,1,105.035964,119.476664
3911,1,1,42.260369,92.92257
3912,1,0,160.382221,120.840226
3913,1,1,93.895855,121.457854
3914,1,0,178.460489,232.28411
3915,1,0,243.703064,153.347095
3916,1,1,234.753557,188.911869
3917,1,1,191.2648,171.031714
3918,1,0,266.385875,188.840972
3919,1,0,76.039206,94.783405
3920,1,0,277.792901,203.891264
3921,1,0,257.21435,275.65893
3922,1,1,55.472301,124.64904
3923,1,1,149.333235,183.933765
3924,1,0,56.550474,41.720703
3925,1,1,68.414431,32.361417
3926,1,0,78.979133,125.135497
3927,1,1,57.760048,74.949454
3928,1,1,107.061878,141.703213
3929,1,1,42.111855,163.647319
3930,1,1,82.475574,21.381864
3931,1,0,172.002149,142.730291
3932,1,0,139.960139,162.468263
3933,1,0,259.491713,175.217129
3934,1,0,107.972404,108.990142
3935,1,0,121.823003,92.341144
3936,1,0,202.86501,205.118996
3937,1,0,70.586822,98.819561
3938,1,0,146.166431,170.86802
3939,1,0,161.94374,32.914787
3940,1,1,107.157551,159.524996
3941,1,0,280.916513,144.684311
3942,1,0,344.485853,199.881789
3943,1,0,152.630124,85.260826
3944,1,1,128.975321,100.096818
3945,1,1,182.648786,177.515829
3946,1,0,44.319107,22.172362
3947,1,1,80.966296,125.550647
3948,1,1,103.253397,81.880179
3949,1,1,68.558342,98.597776
3950,1,0,119.142385,73.390972
3951,1,1,171.497274,130.805181
3952,1,0,62.113067,12.628589
3953,1,0,44.927258,125.050052
3954,1,0,39.518718,8.57529
3955,1,0,197.359472,214.307923
3956,1,0,196.121621,178.891117
3957,1,1,87.635426,55.741791
3958,1,1,140.691261,171.675196
3959,1,1,223.48549,135.794093
3960,1,0,211.697029,236.059287
3961,1,1,162.975609,102.600925
3962,1,0,52.393475,96.180612
3963,1,1,112.701883,87.516974
3964,1,0,105.249612,52.908972
3965,1,0,82.644336,42.507673
3966,1,0,30.321139,91.375975
3967,1,0,112.966944,140.104104
3968,1,1,132.43368,124.944292
3969,1,0,178.073297,90.76085
3970,1,0,78.312949,87.236678
3971,1,0,180.06854,178.532464
3972,1,1,58.667854,78.300714
3973,1,1,48.256124,118.045156
3974,1,1,184.260794,190.0169
3975,1,1,106.679752,118.935543
3976,1,1,142.194476,184.319355
3977,1,1,85.112527,114.327802
3978,1,0,106.078057,132.663664
3979,1,1,47.976333,33.831443
3980,1,1,64.674317,76.990884
3981,1,1,143.606874,143.249543
3982,1,1,103.547633,98.532915
3983,1,0,142.65669,170.495717
3984,1,1,109.622476,142.71333
3985,1,0,216.398812,170.646387
3986,1,0,72.946737,51.235876
3987,1,0,155.819491,83.010096
3988,1,1,72.546078,129.19286
3989,1,1,141.489758,117.944845
3990,1,0,84.855962,128.446392
3991,1,1,79.401931,81.63619
3992,1,1,21.00356,39.156093
3993,1,0,90.441072,177.898287
3994,1,0,101.343459,142.959569
3995,1,0,119.640453,155.257262
3996,1,1,82.390927,54.896539
3997,1,1,75.826482,79.693659
3998,1,0,81.581764,107.237999
3999,1,0,121.637769,148.94228
4000,1,1,33.888159,55.042151
4001,1,0,109.781354,59.179322
4002,1,0,181.944435,141.981001
4003,1,1,39.171284,69.971368
4004,1,1,155.300193,136.305702
4005,1,0,54.016836,23.593364
4006,1,0,128.760219,161.902376
4007,1,0,159.042003,184.939779
4008,1,1,53.218012,151.329506
4009,1,1,136.8338,140.833602
4010,1,1,180.429982,165.738622
4011,1,0,81.651364,85.657656
4012,1,0,220.317212,151.192861
4013,1,0,228.082432,243.00577
4014,1,0,244.849096,216.202576
4015,1,0,226.373134,277.542074
4016,1,0,279.353312,226.208794
4017,1,0,113.262317,100.673745
4018,1,1,199.641749,197.414446
4019,1,0,257.966925,206.242203
4020,1,1,41.088318,65.886618
4021,1,1,124.483143,207.675906
4022,1,1,80.955031,120.78835
4023,1,1,146.677915,112.232927
4024,1,1,121.786168,79.40981
4025,1,1,108.652246,170.805885
4026,1,0,203.88918,153.61712
4027,1,1,155.121743,160.866296
4028,1,1,88.016262,147.785628
4029,1,1,164.322294,126.372222
4030,1,1,65.637279,120.772001
4031,1,1,96.955901,54.349675
4032,1,0,126.203392,122.230555
4033,1,1,122.876475,31.451121
4034,1,0,88.926663,89.90406
4035,1,1,59.162767,40.298647
4036,1,1,265.821815,228.785891
4037,1,1,287.154409,202.297133
4038,1,1,117.470934,165.822883
4039,1,1,184.814407,142.606112
4040,1,1,28.709237,47.209808
4041,1,0,127.435293,17.305199
4042,1,1,92.72663,96.796661
4043,1,0,121.414075,119.284611
4044,1,0,159.110455,197.998063
4045,1,0,286.918748,211.338822
4046,1,0,92.54818,86.94489
4047,1,1,111.473857,125.726098
4048,1,1,110.921724,77.290483
4049,1,0,72.079919,120.232177
4050,1,1,171.37016,182.360742
4051,1,0,374.650649,206.590391
4052,1,1,61.161316,51.08806
4053,1,1,123.347668,132.371334
4054,1,0,107.339489,94.914321
4055,1,1,45.637354,86.018821
4056,1,0,100.757552,173.951621
4057,1,1,168.835937,116.098016
4058,1,0,114.075252,132.285922
4059,1,0,149.970727,86.495921
4060,1,0,105.630186,54.954227
4061,1,1,152.289448,134.81225899999998
4062,1,1,108.887221,74.569251
4063,1,1,103.522596,84.482664
4064,1,1,144.287502,100.14558
4065,1,1,196.34447,146.131476
4066,1,0,190.910679,180.589552
4067,1,1,98.359009,106.324474
4068,1,0,64.514215,69.546612
4069,1,0,116.425875,203.810243
4070,1,0,122.547881,188.284071
4071,1,1,337.011716,215.530606
4072,1,0,44.781203,85.801445
4073,1,1,93.860854,137.40412800000001
4074,1,1,191.255582,131.739004
4075,1,0,111.321411,71.61429
4076,1,0,81.894187,72.514333
4077,1,1,269.918668,236.616174
4078,1,0,146.157995,95.377823
4079,1,1,165.097625,176.431652
4080,1,1,178.286627,213.278096
4081,1,0,200.422089,181.9703
4082,1,1,216.536716,230.521414
4083,1,0,133.095726,176.229693
4084,1,1,149.330848,226.247638
4085,1,0,94.654142,93.126819
4086,1,1,175.891233,199.082446
4087,1,0,113.201855,78.865745
4088,1,1,117.321909,222.945883
4089,1,1,126.819426,114.722973
4090,1,1,96.604299,130.149181
4091,1,1,110.717731,134.292872
4092,1,1,292.951234,204.056042
4093,1,1,168.339805,127.882691
4094,1,1,127.976401,114.84659
4095,1,0,216.677693,124.578382
4096,1,1,256.651495,161.851975
4097,1,0,111.456031,62.836709
4098,1,1,148.912985,202.340458
4099,1,1,339.186357,197.155691
4100,1,0,119.565546,79.973732
4101,1,1,37.096224,123.18647
4102,1,0,95.417362,143.488952
4103,1,1,99.039838,131.882328
4104,1,1,58.01246,111.217628
4105,1,0,242.58784,239.646588
4106,1,0,47.501337,95.063265
4107,1,1,92.123972,115.381117
4108,1,0,155.488823,105.439617
4109,1,1,68.379063,35.330298
4110,1,1,289.558717,156.813772
4111,1,1,211.265251,210.640267
4112,1,0,129.323657,145.673057
4113,1,0,141.834319,96.338223
4114,1,1,208.428963,154.388311
4115,1,0,102.497583,120.460378
4116,1,1,226.377068,189.687238
4117,1,0,65.244352,137.057061
4118,1,0,121.207499,84.679292
4119,1,1,58.099883,113.407475
4120,1,1,205.303138,126.433425
4121,1,0,168.183673,114.204291
4122,1,0,200.970773,106.675966
4123,1,1,115.648634,118.591815
4124,1,1,161.316086,189.727745
4125,1,0,239.689204,165.522769
4126,1,1,184.320737,237.81371
4127,1,0,45.928913,61.103476
4128,1,0,138.730669,166.465849
4129,1,0,158.782422,107.039646
4130,1,1,226.032546,186.512262
4131,1,1,55.814861,99.693103
4132,1,0,231.28539,186.379436
4133,1,0,167.097077,124.131772
4134,1,1,81.780398,58.60416
4135,1,0,154.417896,141.501784
4136,1,1,119.293009,127.167605
4137,1,1,359.13143,255.726285
4138,1,1,85.938923,191.955929
4139,1,0,69.545675,67.443314
4140,1,1,256.429679,204.282897
4141,1,0,91.553114,127.429204
4142,1,0,122.071164,104.037408
4143,1,1,156.508591,177.490711
4144,1,0,184.975437,120.415912
4145,1,1,62.551273,18.919629
4146,1,0,34.009199,3.477642
4147,1,0,57.933866,51.727646
4148,1,0,184.162963,126.548136
4149,1,0,177.943313,144.077807
4150,1,1,235.218894,219.726309
4151,1,0,138.051756,147.098685
4152,1,0,154.928119,112.006966
4153,1,0,85.113433,55.594549
4154,1,0,75.734166,111.965241
4155,1,1,113.330201,84.88873
4156,1,1,151.086296,201.679233
4157,1,1,185.222834,95.078612
4158,1,1,64.304934,11.756226
4159,1,0,78.467921,111.740876
4160,1,1,177.970832,178.866862
4161,1,1,48.58012,150.859062
4162,1,0,72.822326,108.804311
4163,1,0,104.23019,68.250833
4164,1,0,61.433802,26.850177
4165,1,1,70.573345,89.647635
4166,1,1,89.625707,108.879576
4167,1,1,60.054976,72.418251
4168,1,0,143.040433,103.480489
4169,1,1,262.739322,213.848191
4170,1,0,23.80739,34.652334
4171,1,0,198.526221,107.52189
4172,1,1,188.700165,182.737317
4173,1,0,171.687368,186.175007
4174,1,0,185.911559,111.375159
4175,1,1,187.133185,147.458625
4176,1,0,108.732221,84.68427
4177,1,0,273.900758,187.036298
4178,1,0,136.165784,146.896827
4179,1,1,89.037133,89.46884
4180,1,1,50.643553,68.18991700000001
4181,1,1,311.686615,258.55942
4182,1,1,59.775296,75.315155
4183,1,1,135.819854,135.737216
4184,1,1,232.111466,178.055666
4185,1,0,61.103874,105.916935
4186,1,1,67.734141,78.657636
4187,1,0,61.116646,108.911342
4188,1,0,123.764233,128.550479
4189,1,0,177.899464,161.87975
4190,1,0,217.573044,194.233923
4191,1,1,42.905367,139.234671
4192,1,0,128.932001,105.175382
4193,1,1,103.184989,96.493301
4194,1,0,104.046033,158.077606
4195,1,0,194.37554,100.543558
4196,1,1,119.349754,67.443907
4197,1,1,196.903304,160.830957
4198,1,0,221.0828,275.927906
4199,1,1,62.735647,89.615034
4200,1,1,327.903705,270.630299
4201,1,0,30.393547,-19.52397
4202,1,1,37.478027,98.681647
4203,1,0,91.713227,75.077117
4204,1,1,124.214701,146.536745
4205,1,0,184.481089,170.321703
4206,1,0,102.876554,82.765668
4207,1,1,70.783773,79.268662
4208,1,0,65.737227,142.72972
4209,1,0,283.313281,190.610803
4210,1,0,138.960441,195.724928
4211,1,0,92.3161,114.323602
4212,1,1,82.550577,30.742294
4213,1,0,69.991252,73.910346
4214,1,1,57.460121,88.377227
4215,1,0,52.035302,103.182944
4216,1,1,101.866906,141.3836
4217,1,1,198.100175,217.341398
4218,1,1,66.956062,114.012387
4219,1,0,89.207603,81.596488
4220,1,1,101.734049,130.807794
4221,1,1,205.766973,184.716048
4222,1,1,159.852674,159.944694
4223,1,1,261.072226,190.813487
4224,1,1,101.561027,169.174795
4225,1,1,184.924361,135.97133100000002
4226,1,0,292.81864,279.767181
4227,1,0,231.340801,122.291257
4228,1,1,156.145662,144.413139
4229,1,0,194.740491,169.652706
4230,1,1,204.024953,144.389938
4231,1,1,90.305812,113.866133
4232,1,0,80.544533,23.6253
4233,1,0,155.601229,191.384422
4234,1,1,124.234371,60.901538
4235,1,0,120.298583,138.422715
4236,1,1,92.439308,93.122858
4237,1,0,104.157443,152.207201
4238,1,1,259.926907,142.395543
4239,1,0,141.015843,133.26989
4240,1,1,87.202819,157.218223
4241,1,0,44.815794,42.378618
4242,1,0,134.786136,164.999618
4243,1,0,52.902046,59.617372
4244,1,0,71.150486,166.904508
4245,1,1,144.968038,194.65319
4246,1,0,127.763297,150.063251
4247,1,0,75.158838,87.720766
4248,1,1,80.558599,82.440676
4249,1,1,79.819756,119.264699
4250,1,0,116.937953,108.645336
4251,1,0,231.575855,173.143215
4252,1,0,149.139666,144.037593
4253,1,1,188.547552,137.215345
4254,1,0,141.397648,143.410634
4255,1,0,108.088901,115.485965
4256,1,1,141.495025,171.982497
4257,1,0,129.754782,172.754189
4258,1,0,118.770436,117.713363
4259,1,0,89.173198,112.241797
4260,1,1,257.446243,175.410874
4261,1,1,80.138313,88.057503
4262,1,0,206.645215,128.331872
4263,1,0,156.365218,126.666092
4264,1,0,59.960778,33.032845
4265,1,1,108.532818,85.87513
4266,1,1,102.272353,166.176878
4267,1,0,100.117762,123.449847
4268,1,1,120.718812,181.905885
4269,1,1,123.855719,123.897476
4270,1,0,148.791615,128.170792
4271,1,1,86.540734,101.439792
4272,1,0,188.405551,128.835762
4273,1,1,67.83965,111.146681
4274,1,1,189.505376,78.24466
4275,1,1,219.779077,171.879179
4276,1,1,189.357359,123.060918
4277,1,1,86.075639,77.490317
4278,1,0,85.386594,88.408055
4279,1,1,65.94575,121.098892
4280,1,0,108.119998,112.459318
4281,1,0,142.331529,106.33738
4282,1,0,41.815448,125.391768
4283,1,0,280.605364,219.501239
4284,1,1,138.710827,126.880687
4285,1,0,129.557787,127.491577
4286,1,0,102.517554,113.696922
4287,1,1,71.836058,69.38001
4288,1,1,172.939063,212.259025
4289,1,0,62.85546,78.252125
4290,1,0,165.871897,172.377824
4291,1,0,96.286574,71.792942
4292,1,0,213.581106,135.412475
4293,1,0,133.91967,104.165789
4294,1,0,113.385194,103.853512
4295,1,0,182.034385,137.916721
4296,1,0,117.453882,137.402519
4297,1,0,139.183135,197.836483
4298,1,1,93.72597,108.268781
4299,1,0,171.207575,164.733645
4300,1,1,32.625414,99.057454
4301,1,0,112.988755,80.789182
4302,1,0,87.75424,139.165069
4303,1,1,187.42796,173.717892
4304,1,0,39.611478,89.854332
4305,1,1,195.174729,142.745371
4306,1,0,141.494767,109.288139
4307,1,0,75.105746,154.476277
4308,1,1,73.98829,106.079725
4309,1,0,93.459297,76.312713
4310,1,0,153.708873,88.596023
4311,1,1,100.072039,99.741085
4312,1,0,102.857283,85.375119
4313,1,0,47.875432,89.689323
4314,1,0,96.234299,115.498717
4315,1,1,118.309239,148.438554
4316,1,0,277.989009,272.039835
4317,1,1,173.213076,149.453758
4318,1,0,65.504291,-21.092595
4319,1,1,174.87038,167.161224
4320,1,0,230.619391,159.928075
4321,1,1,141.297842,177.482682
4322,1,0,186.953903,149.917088
4323,1,1,192.156707,212.194928
4324,1,0,90.877489,75.817587
4325,1,0,219.578176,120.134694
4326,1,1,117.18112,84.226019
4327,1,0,118.562986,109.31649
4328,1,0,77.954531,83.802946
4329,1,1,124.361164,101.486127
4330,1,0,68.590483,28.447089
4331,1,1,74.546715,173.720709
4332,1,1,112.636413,76.660647
4333,1,1,94.373111,116.485021
4334,1,0,83.68244,70.568598
4335,1,1,103.402825,115.14705
4336,1,0,239.305434,234.118904
4337,1,1,91.406479,141.413943
4338,1,0,83.847907,119.352371
4339,1,0,303.1786,236.162627
4340,1,0,170.648603,148.049711
4341,1,1,113.820087,120.449413
4342,1,0,150.125712,157.688416
4343,1,0,106.225403,48.784386
4344,1,1,226.544286,147.353268
4345,1,1,34.355975,137.12883499999998
4346,1,0,88.733014,110.984033
4347,1,0,84.118405,119.999396
4348,1,0,153.828384,132.321368
4349,1,1,79.638296,113.046363
4350,1,1,247.774928,235.32298
4351,1,0,80.302037,96.872541
4352,1,0,161.580035,113.90055
4353,1,1,149.333538,139.076389
4354,1,1,245.875227,202.897055
4355,1,0,91.202896,22.412329
4356,1,1,47.941768,99.485116
4357,1,1,97.99909,113.185124
4358,1,0,269.166847,201.671613
4359,1,0,13.22176,73.779483
4360,1,0,173.289927,133.939202
4361,1,1,180.445165,190.939427
4362,1,1,66.031823,99.061267
4363,1,0,64.929414,69.861072
4364,1,0,123.881609,118.960892
4365,1,0,111.832865,167.865772
4366,1,0,164.752648,171.941422
4367,1,0,85.832051,141.296612
4368,1,1,136.576124,147.511833
4369,1,1,164.863147,79.318509
4370,1,1,119.830208,119.852819
4371,1,0,179.712963,108.159123
4372,1,1,213.4552,157.616515
4373,1,0,118.301004,79.945283
4374,1,1,47.527544,121.397323
4375,1,1,158.601786,189.237032
4376,1,1,251.662624,190.110544
4377,1,1,125.893744,165.512025
4378,1,0,59.908947,40.772666
4379,1,1,110.393027,170.909832
4380,1,1,242.561066,273.984025
4381,1,0,246.440028,170.180678
4382,1,0,166.448288,131.778017
4383,1,0,66.735396,104.924649
4384,1,0,105.359536,91.584937
4385,1,1,132.129208,127.534454
4386,1,0,69.782715,29.04293
4387,1,0,233.394213,208.965931
4388,1,0,76.95021,95.877504
4389,1,1,179.018862,226.491798
4390,1,0,141.037282,134.01447
4391,1,0,73.925808,79.057134
4392,1,0,273.181512,207.038822
4393,1,0,383.215417,238.884698
4394,1,0,112.172546,29.776328
4395,1,0,65.275153,144.649063
4396,1,1,154.072723,62.97752
4397,1,0,140.178966,130.788762
4398,1,1,50.849471,140.865146
4399,1,1,133.08752,108.899138
4400,1,1,134.237807,117.987493
4401,1,1,127.628414,128.799888
4402,1,1,242.849561,228.772178
4403,1,0,239.310143,214.829093
4404,1,0,179.458407,164.248095
4405,1,0,171.858431,109.023952
4406,1,1,128.226296,153.177004
4407,1,0,96.86635,88.928523
4408,1,0,80.607572,62.963747
4409,1,0,61.593433,111.159579
4410,1,0,20.405796,107.72867
4411,1,0,129.469154,167.57179
4412,1,1,95.192714,112.265331
4413,1,1,52.277763,86.738411
4414,1,0,129.457972,149.597837
4415,1,1,59.965414,116.814934
4416,1,0,111.977194,144.582376
4417,1,1,8.506151,35.316326000000004
4418,1,0,113.690348,28.874821
4419,1,1,47.612937,66.945752
4420,1,1,145.26851,91.880148
4421,1,1,136.118999,98.79293
4422,1,1,71.243128,81.165167
4423,1,0,174.516317,100.81609
4424,1,0,168.740076,115.023357
4425,1,0,98.253625,168.033333
4426,1,1,175.015554,80.520326
4427,1,0,88.993789,57.190355
4428,1,0,219.543014,170.299195
4429,1,1,137.299603,82.854154
4430,1,0,83.795285,169.874352
4431,1,1,206.363417,216.779693
4432,1,1,285.069945,179.582247
4433,1,0,213.547271,123.840561
4434,1,1,92.095096,171.05232
4435,1,0,63.018669,55.705397
4436,1,1,69.636212,36.902432000000005
4437,1,1,143.763986,200.740869
4438,1,0,151.223563,138.575305
4439,1,0,86.115213,161.612145
4440,1,0,69.169649,141.031741
4441,1,0,224.964774,150.33288
4442,1,0,120.403098,85.131723
4443,1,1,115.895653,101.272624
4444,1,1,86.295672,122.275081
4445,1,0,226.026824,201.694306
4446,1,1,50.46157,116.757395
4447,1,0,62.774039,81.714172
4448,1,0,177.717913,124.927043
4449,1,1,100.28343,167.603395
4450,1,1,208.941743,174.96684
4451,1,1,148.755112,116.376548
4452,1,1,78.258149,111.64397
4453,1,1,30.44873,34.360588
4454,1,0,185.687572,260.344658
4455,1,1,165.22445,123.742153
4456,1,0,139.813589,149.287392
4457,1,1,94.922681,82.79595
4458,1,0,120.323466,163.070328
4459,1,0,200.132989,152.066724
4460,1,0,68.579138,119.566877
4461,1,0,104.79167,133.01389
4462,1,0,200.579589,195.742864
4463,1,0,253.870991,120.951375
4464,1,1,125.718113,132.378531
4465,1,0,75.007635,159.323223
4466,1,0,50.821592,42.860863
4467,1,0,151.316204,166.740303
4468,1,1,283.744666,184.197045
4469,1,1,178.448443,156.990903
4470,1,0,169.060372,60.108829
4471,1,1,183.865215,117.040858
4472,1,1,214.548655,194.556989
4473,1,0,122.583959,113.918281
4474,1,0,191.013598,144.875146
4475,1,1,130.881552,142.046812
4476,1,1,210.63641,129.945759
4477,1,1,122.18076,167.487828
4478,1,1,187.478089,224.884487
4479,1,0,148.107039,135.12233
4480,1,0,114.765691,89.211272
4481,1,0,71.411667,137.239491
4482,1,1,100.169502,100.718152
4483,1,0,248.150365,191.906672
4484,1,1,82.653653,92.205939
4485,1,0,141.182918,103.229065
4486,1,1,80.049997,108.753679
4487,1,0,82.629746,80.09821
4488,1,0,124.648392,144.590103
4489,1,0,79.32779,65.943779
4490,1,1,199.172476,190.671899
4491,1,0,319.947281,244.717378
4492,1,1,215.940454,206.547459
4493,1,1,107.369545,166.804849
4494,1,0,96.006278,92.525284
4495,1,1,121.700611,174.239725
4496,1,1,115.707468,68.991815
4497,1,1,215.500595,133.547254
4498,1,1,178.778101,187.652332
4499,1,1,117.822868,79.647363
4500,1,1,273.538543,173.777229
4501,1,0,195.804793,132.393791
4502,1,1,301.585297,247.346164
4503,1,1,103.620118,74.774166
4504,1,0,82.955711,58.338048
4505,1,1,88.906015,153.240827
4506,1,0,222.859031,145.122609
4507,1,1,240.723042,189.670679
4508,1,1,185.038642,165.563861
4509,1,0,104.484866,80.648371
4510,1,1,155.22292,153.01881
4511,1,0,278.719408,202.528365
4512,1,0,126.923342,105.572927
4513,1,0,34.882055,86.787501
4514,1,1,128.757592,135.672009
4515,1,1,144.981733,215.846405
4516,1,1,217.516103,201.817595
4517,1,0,118.056944,129.391621
4518,1,0,134.96889,121.288944
4519,1,0,78.983266,125.223637
4520,1,0,146.704686,84.281869
4521,1,0,213.605997,251.896913
4522,1,0,135.195428,154.672799
4523,1,1,87.529963,134.07269
4524,1,0,406.661836,300.348564
4525,1,0,212.546538,140.085637
4526,1,0,288.246857,205.607255
4527,1,0,95.64932,129.623273
4528,1,0,96.482295,96.055277
4529,1,1,78.212686,88.586319
4530,1,0,243.666185,102.052205
4531,1,1,263.825933,272.902691
4532,1,0,121.769834,101.100197
4533,1,0,76.734577,129.365273
4534,1,1,171.485629,150.693397
4535,1,0,137.32654,74.29298
4536,1,1,44.473587,80.244928
4537,1,0,188.015205,176.633196
4538,1,0,105.876939,93.085322
4539,1,1,117.830211,87.115409
4540,1,0,151.610644,164.332728
4541,1,1,188.884747,124.876557
4542,1,1,96.860488,171.72735
4543,1,1,109.797458,84.358083
4544,1,0,48.637324,183.205291
4545,1,0,142.104343,94.628201
4546,1,0,194.515369,146.421094
4547,1,0,132.576949,219.434612
4548,1,0,155.937838,125.01381
4549,1,1,93.378228,53.997266
4550,1,0,149.626091,99.947653
4551,1,0,172.565015,190.336011
4552,1,0,121.325798,158.648376
4553,1,0,272.497289,197.243904
4554,1,0,102.268894,158.160886
4555,1,0,118.289903,127.373031
4556,1,0,48.277555,114.596136
4557,1,1,90.881129,180.096674
4558,1,1,285.758243,235.600405
4559,1,1,67.112428,147.168327
4560,1,1,172.976011,90.205831
4561,1,1,60.880586,145.886708
4562,1,0,43.912181,46.25421
4563,1,0,66.96427,66.869062
4564,1,0,38.033653,89.96998
4565,1,0,91.595592,123.484549
4566,1,1,68.254916,158.5715
4567,1,1,363.70127,174.389282
4568,1,1,71.245921,57.367965
4569,1,1,167.621969,95.663189
4570,1,1,221.508968,171.868195
4571,1,1,171.267297,88.491624
4572,1,1,148.295178,138.488282
4573,1,1,83.0353,103.046025
4574,1,1,139.772806,196.943933
4575,1,1,115.645827,143.999861
4576,1,1,164.116768,125.998681
4577,1,0,33.916113,50.289402
4578,1,0,99.356265,76.156169
4579,1,0,143.514446,158.336786
4580,1,0,106.526955,114.135641
4581,1,0,162.892897,146.502392
4582,1,1,150.08458,121.297238
4583,1,1,160.599597,226.695277
4584,1,1,143.76436,189.998234
4585,1,1,59.421868,96.983478
4586,1,0,243.653652,255.534712
4587,1,0,231.322265,239.145338
4588,1,1,91.42498,206.471704
4589,1,1,221.827734,205.967106
4590,1,0,239.903647,152.074349
4591,1,1,159.111687,177.834583
4592,1,1,168.488514,191.537876
4593,1,1,160.6821,134.818575
4594,1,0,123.166346,69.647656
4595,1,0,124.094754,106.186364
4596,1,0,219.04312,105.868054
4597,1,1,66.91373,112.77248
4598,1,0,71.459752,99.358139
4599,1,1,371.679877,239.238659
4600,1,1,76.805053,155.867478
4601,1,1,176.316875,153.011739
4602,1,0,155.602046,124.55618
4603,1,0,126.652644,80.775358
4604,1,0,180.73875,130.411769
4605,1,1,282.863516,239.87564
4606,1,0,169.40476,197.200746
4607,1,1,232.239062,232.643494
4608,1,0,164.990762,152.377329
4609,1,0,53.016854,92.40627
4610,1,1,186.46417,132.49170900000001
4611,1,1,141.897722,171.088974
4612,1,1,95.231526,179.092321
4613,1,1,167.903556,182.707217
4614,1,1,118.73745,145.714026
4615,1,1,142.389914,145.553885
4616,1,1,204.378656,182.111176
4617,1,0,72.181752,146.605158
4618,1,1,80.470039,20.130449
4619,1,1,108.669916,54.573392
4620,1,0,59.04093,117.359542
4621,1,1,127.483875,126.7538
4622,1,0,60.042856,114.994645
4623,1,1,158.133826,160.836567
4624,1,1,175.661255,157.655686
4625,1,1,116.587822,54.788429
4626,1,0,285.027657,245.620731
4627,1,1,237.402492,191.783055
4628,1,1,88.010161,133.43397
4629,1,0,59.021247,88.934046
4630,1,1,99.041425,44.283346
4631,1,0,170.538538,167.068475
4632,1,0,143.094813,98.263204
4633,1,0,156.409608,95.342707
4634,1,1,176.649118,184.727769
4635,1,1,91.322492,203.424444
4636,1,0,134.698996,119.940112
4637,1,0,81.035192,33.508156
4638,1,0,165.429417,158.574696
4639,1,0,239.737543,227.575908
4640,1,0,64.964566,136.562238
4641,1,1,120.906871,56.849502
4642,1,1,141.432348,89.055203
4643,1,1,137.058519,113.218645
4644,1,1,100.866905,177.661119
4645,1,1,123.349757,113.318521
4646,1,1,78.684889,93.17892
4647,1,0,98.104811,66.965829
4648,1,1,154.047314,130.410743
4649,1,0,103.422808,73.386836
4650,1,1,163.454751,84.669022
4651,1,1,280.975723,161.532368
4652,1,1,72.54715,66.449081
4653,1,0,178.867384,174.452802
4654,1,0,172.23052,205.379467
4655,1,1,105.525717,138.222271
4656,1,0,173.81973,147.960364
4657,1,1,132.239621,73.449495
4658,1,0,189.806132,58.058195
4659,1,0,141.151104,124.974185
4660,1,0,72.572189,88.233913
4661,1,0,192.074606,183.240987
4662,1,1,105.242992,120.568561
4663,1,1,49.970715,32.704572
4664,1,0,116.498085,126.10422
4665,1,0,176.0951,149.225592
4666,1,0,176.296451,227.438477
4667,1,1,33.210907,33.468468
4668,1,1,225.554638,138.454362
4669,1,1,106.439522,161.726
4670,1,0,69.488707,50.683603
4671,1,0,118.919404,78.328568
4672,1,1,48.647972,61.048973
4673,1,1,175.022558,184.054481
4674,1,0,169.920738,133.510966
4675,1,1,93.319094,85.170889
4676,1,1,158.299439,187.116108
4677,1,1,125.104684,137.240382
4678,1,0,66.474123,89.863417
4679,1,0,114.741065,44.674176
4680,1,0,114.764974,110.249812
4681,1,1,87.188278,111.165603
4682,1,1,298.510946,258.616677
4683,1,1,306.188642,211.158476
4684,1,1,97.161181,78.511866
4685,1,0,165.261111,140.944847
4686,1,0,116.30471,114.198774
4687,1,1,114.92612,127.997732
4688,1,1,46.962602,112.380821
4689,1,1,37.51808,70.57703000000001
4690,1,1,110.381713,149.183376
4691,1,0,147.042063,76.4238
4692,1,0,241.360526,175.443929
4693,1,1,96.783614,27.016083
4694,1,1,149.86305,164.513924
4695,1,1,135.858849,178.707795
4696,1,0,80.143581,69.174431
4697,1,1,69.020054,93.953
4698,1,0,199.67674,140.248067
4699,1,0,161.684543,138.468374
4700,1,0,253.761804,181.81425
4701,1,0,150.470624,79.51432
4702,1,0,51.001975,74.469753
4703,1,1,174.685154,205.287179
4704,1,1,101.685874,123.877926
4705,1,1,58.611472,110.127776
4706,1,1,21.50113,88.314614
4707,1,0,286.237805,223.055671
4708,1,1,200.53692,212.284989
4709,1,1,107.315967,143.143019
4710,1,1,203.472042,206.166367
4711,1,0,78.389913,52.944256
4712,1,1,120.496113,120.63132
4713,1,1,126.409569,83.023103
4714,1,1,163.971187,126.008488
4715,1,1,37.639201,60.98188
4716,1,0,197.73923,201.578966
4717,1,0,196.614879,199.49871
4718,1,1,68.879989,144.43519
4719,1,0,103.528905,111.197961
4720,1,1,211.91128,197.594042
4721,1,1,141.268632,75.928782
4722,1,1,71.29963,145.5866
4723,1,0,115.840911,71.175531
4724,1,1,206.29344,100.449082
4725,1,1,21.244535,130.172562
4726,1,0,103.29682,-25.999028
4727,1,1,57.830464,36.13162
4728,1,1,63.678079,108.711578
4729,1,1,98.807225,135.15949
4730,1,0,100.238363,177.567861
4731,1,1,226.747924,227.981872
4732,1,1,238.408688,160.753014
4733,1,1,122.026047,97.668864
4734,1,1,87.194426,139.554861
4735,1,0,181.53038,201.768451
4736,1,1,168.278659,117.994568
4737,1,0,230.668906,138.863239
4738,1,1,149.319355,100.650016
4739,1,1,76.167282,94.79381
4740,1,0,205.828477,201.027161
4741,1,0,315.093766,263.984924
4742,1,0,87.309389,19.999576
4743,1,0,92.515026,56.310284
4744,1,0,110.048169,155.642173
4745,1,1,40.422296,122.857161
4746,1,1,76.955007,44.634089
4747,1,0,216.072934,206.82875
4748,1,0,205.301433,190.402217
4749,1,1,124.640351,71.281341
4750,1,0,116.509588,114.480156
4751,1,0,101.588963,123.076449
4752,1,1,67.258102,222.061901
4753,1,0,174.56485,155.921315
4754,1,1,234.579389,179.266832
4755,1,0,200.314821,184.941797
4756,1,0,294.807383,286.967901
4757,1,1,136.38029,147.546877
4758,1,1,51.922869,121.456485
4759,1,1,135.692821,87.679981
4760,1,0,168.362957,128.085391
4761,1,1,54.096825,84.290938
4762,1,1,101.701993,186.013753
4763,1,1,91.882935,67.095872
4764,1,1,90.480204,177.589277
4765,1,1,110.920552,157.834424
4766,1,1,169.174346,159.618017
4767,1,0,64.215194,96.123703
4768,1,1,98.44341,75.655506
4769,1,0,69.873663,2.220221
4770,1,1,245.965603,190.827324
4771,1,1,189.331426,206.753553
4772,1,0,140.6683,164.502005
4773,1,0,98.087557,50.66205
4774,1,1,95.186578,168.423667
4775,1,0,72.423868,125.079971
4776,1,0,124.655512,127.899886
4777,1,1,129.936092,186.441069
4778,1,1,51.643592,115.544307
4779,1,0,113.090085,159.403099
4780,1,1,47.503563,134.746736
4781,1,1,219.68526,183.834105
4782,1,0,242.315054,197.32876
4783,1,1,163.694129,105.309012
4784,1,1,106.380556,125.674745
4785,1,1,160.70016,179.903357
4786,1,0,48.254215,-10.248086
4787,1,0,159.818915,179.258317
4788,1,1,78.258902,49.455578
4789,1,0,79.749983,88.476351
4790,1,1,101.863166,106.300526
4791,1,1,234.468701,183.384446
4792,1,1,207.229076,124.954592
4793,1,0,154.666194,119.097359
4794,1,0,116.966218,14.469656
4795,1,0,49.322995,89.570403
4796,1,1,102.334924,80.672039
4797,1,0,94.642347,101.529549
4798,1,0,68.414809,24.775982
4799,1,0,108.347408,142.450912
4800,1,1,113.849959,101.910788
4801,1,1,106.779419,137.047932
4802,1,0,113.075393,195.017095
4803,1,1,127.738038,119.370437
4804,1,0,144.68997,103.7771
4805,1,1,82.237389,40.028253
4806,1,1,67.797652,113.011833
4807,1,1,185.660874,152.570989
4808,1,1,141.90528,73.547967
4809,1,0,84.766148,20.404309
4810,1,0,293.619345,221.012125
4811,1,0,51.003324,106.585229
4812,1,0,180.020343,162.140869
4813,1,1,151.932002,121.124445
4814,1,0,97.690942,145.763659
4815,1,1,96.534609,100.88539
4816,1,1,154.023141,153.913061
4817,1,1,74.870315,92.927087
4818,1,1,215.576564,254.207188
4819,1,0,126.517965,132.333392
4820,1,1,148.939891,145.170941
4821,1,0,57.928916,119.781573
4822,1,0,104.24558,69.664957
4823,1,1,86.751822,140.960217
4824,1,1,160.185102,137.628306
4825,1,0,105.340692,144.876416
4826,1,0,80.474541,122.810113
4827,1,1,187.774504,175.030696
4828,1,1,49.37914,107.134157
4829,1,1,212.110117,163.175823
4830,1,0,115.759618,126.299103
4831,1,1,24.497673,32.739903
4832,1,1,112.41442,132.62419599999998
4833,1,0,58.953007,93.675674
4834,1,0,164.509977,117.127135
4835,1,0,178.231342,198.067307
4836,1,1,30.034811,96.520134
4837,1,1,85.723474,59.810691
4838,1,0,77.008572,102.720421
4839,1,0,135.835856,167.59917
4840,1,0,175.369058,107.002476
4841,1,0,170.837447,226.441555
4842,1,1,208.522974,160.460005
4843,1,1,164.275169,79.289774
4844,1,0,71.692754,77.60768
4845,1,0,60.564199,-12.981119
4846,1,0,73.037651,64.875005
4847,1,0,167.20125,189.615236
4848,1,1,354.268204,335.489409
4849,1,1,64.248309,7.587695
4850,1,0,113.102326,130.561193
4851,1,0,74.391115,108.252375
4852,1,1,141.258929,167.822301
4853,1,0,120.345757,115.441716
4854,1,1,112.47944,110.850991
4855,1,0,147.3486,138.786836
4856,1,1,148.643805,148.272258
4857,1,0,70.783741,66.458423
4858,1,1,95.605247,139.328153
4859,1,1,132.817838,155.325386
4860,1,1,139.841494,130.32891999999998
4861,1,0,128.171374,181.067174
4862,1,1,89.164021,126.892247
4863,1,1,300.571861,209.006943
4864,1,0,70.419467,0.382426
4865,1,0,110.695346,102.646663
4866,1,1,186.71519,162.012223
4867,1,0,117.488723,135.321005
4868,1,0,68.977011,79.599719
4869,1,0,174.516197,195.309375
4870,1,0,149.392903,89.270793
4871,1,0,214.811415,188.01613
4872,1,0,53.781366,69.447543
4873,1,0,74.150022,119.118465
4874,1,0,162.85961,128.672965
4875,1,0,173.426647,167.235476
4876,1,0,104.270139,71.814141
4877,1,0,175.273477,133.765882
4878,1,0,158.323923,158.520591
4879,1,0,94.53168,103.88701
4880,1,1,147.537811,70.114747
4881,1,1,96.055996,92.064353
4882,1,0,58.015332,68.571175
4883,1,1,131.310547,232.245733
4884,1,0,63.150272,81.660093
4885,1,0,132.203887,133.449299
4886,1,0,264.100186,175.145713
4887,1,0,124.936915,118.414571
4888,1,1,57.582432,81.194097
4889,1,0,64.046677,42.163451
4890,1,1,198.627929,165.517738
4891,1,0,166.777228,111.528569
4892,1,1,319.021912,319.751507
4893,1,0,174.87343,143.763716
4894,1,0,257.302488,276.367738
4895,1,0,146.188119,150.848791
4896,1,1,130.149347,232.93206
4897,1,1,142.180006,146.991132
4898,1,0,233.612855,87.586617
4899,1,0,202.543439,136.09787
4900,1,0,99.769265,111.237847
4901,1,0,58.587795,108.941112
4902,1,0,167.677187,165.55775
4903,1,1,80.77127,44.01252
4904,1,1,72.81257,93.156631
4905,1,0,142.375523,50.620098
4906,1,1,71.560659,118.566002
4907,1,1,161.448583,53.789014
4908,1,0,174.040522,129.154189
4909,1,0,61.147754,19.322674
4910,1,1,55.071066,129.234102
4911,1,1,103.020645,93.722472
4912,1,0,158.048475,148.008547
4913,1,1,40.219552,116.931007
4914,1,0,57.119657,59.725938
4915,1,1,160.327516,134.79400800000002
4916,1,0,125.055293,113.672632
4917,1,1,145.749422,102.613734
4918,1,1,191.751045,161.140562
4919,1,1,240.406134,200.453205
4920,1,1,145.971974,127.027593
4921,1,0,132.729165,175.423683
4922,1,1,122.486313,131.05105
4923,1,1,130.2527,102.833254
4924,1,0,132.641782,143.589769
4925,1,0,242.878339,207.495231
4926,1,1,165.368401,104.045304
4927,1,1,213.391381,199.262875
4928,1,1,97.717586,90.636708
4929,1,1,153.361635,109.046717
4930,1,0,93.66821,52.357992
4931,1,0,132.954057,63.384802
4932,1,0,125.945761,152.388528
4933,1,1,135.964344,211.668426
4934,1,1,69.151282,80.095147
4935,1,0,77.722316,142.295718
4936,1,0,155.857703,94.319686
4937,1,0,96.593694,76.530936
4938,1,0,241.46232,221.667474
4939,1,1,132.767276,151.819829
4940,1,0,113.25675,158.152711
4941,1,1,95.239672,94.51523
4942,1,1,80.527683,152.20953
4943,1,1,127.557578,193.118299
4944,1,0,154.778128,129.738703
4945,1,1,177.272919,170.290885
4946,1,1,136.484907,104.45052
4947,1,1,144.752243,191.52946
4948,1,1,196.612513,185.767424
4949,1,0,250.601068,170.460526
4950,1,1,92.090604,74.856242
4951,1,1,101.075658,109.446804
4952,1,0,183.402562,171.583041
4953,1,1,97.927835,64.27176
4954,1,1,107.891143,139.247557
4955,1,1,113.6277,163.16712
4956,1,0,138.632442,134.692154
4957,1,1,86.104424,107.928727
4958,1,1,100.586734,65.26751999999999
4959,1,1,181.236559,194.919995
4960,1,0,181.76402,87.35871
4961,1,1,21.932113,46.328728
4962,1,0,278.060475,246.420698
4963,1,0,180.21138,122.693176
4964,1,0,148.765687,159.110467
4965,1,1,191.255711,184.078691
4966,1,0,85.032501,93.464538
4967,1,0,112.18505,74.107471
4968,1,1,36.572418,75.955432
4969,1,1,104.463817,185.29795
4970,1,0,167.296004,181.934462
4971,1,1,143.584317,160.345357
4972,1,0,62.551286,116.612803
4973,1,1,67.773846,100.860976
4974,1,0,176.188046,164.425825
4975,1,0,53.986488,53.922318
4976,1,0,136.117078,134.902396
4977,1,0,115.297782,81.756039
4978,1,1,31.878356,98.100145
4979,1,0,299.661131,227.050099
4980,1,0,218.269178,153.326197
4981,1,1,96.094013,91.389811
4982,1,1,92.132669,68.25339
4983,1,1,170.537302,119.62908
4984,1,0,121.15049,175.109869
4985,1,1,104.565666,83.806606
4986,1,0,52.803437,81.967867
4987,1,1,77.496243,98.106668
4988,1,1,200.23117,178.970729
4989,1,1,242.037549,219.024467
4990,1,0,96.339642,16.644731
4991,1,1,104.952859,115.830989
4992,1,1,70.566944,118.974601
4993,1,1,203.713768,153.523864
4994,1,1,107.75831,158.803281
4995,1,1,128.613998,145.85082
4996,1,0,196.509302,163.786057
4997,1,0,29.659488,92.250545
4998,1,1,102.865145,207.1999
4999,1,1,89.471628,144.229609
5000,1,1,90.981599,112.861888
5001,1,1,122.977065,142.378461
5002,1,0,238.076587,173.693148
5003,1,0,105.403379,56.968496
5004,1,0,149.645395,141.166154
5005,1,0,122.22208,178.497673
5006,1,1,140.872341,137.450412
5007,1,0,118.361757,86.476478
5008,1,1,138.939096,118.521859
5009,1,0,114.989369,133.535469
5010,1,1,129.666452,74.055749
5011,1,0,32.826025,42.407941
5012,1,1,115.444887,198.855792
5013,1,0,213.432653,195.305006
5014,1,1,102.930129,185.952482
5015,1,1,332.827785,274.268428
5016,1,1,123.180819,123.466226
5017,1,1,90.660377,111.80074
5018,1,1,173.598982,200.851365
5019,1,1,111.936033,202.826494
5020,1,1,208.368642,143.147027
5021,1,1,242.930239,292.990751
5022,1,1,188.67155,169.682705
5023,1,0,121.746244,64.427196
5024,1,0,191.677979,138.568909
5025,1,1,71.549079,128.589281
5026,1,1,79.230106,101.891773
5027,1,1,119.831177,170.872286
5028,1,0,84.917984,115.031339
5029,1,1,94.844009,97.892488
5030,1,1,169.882394,136.506428
5031,1,0,134.598519,138.676392
5032,1,0,126.263385,172.862897
5033,1,0,120.832772,142.071461
5034,1,0,276.887518,217.249006
5035,1,0,121.565213,224.023084
5036,1,0,114.744951,131.840498
5037,1,1,62.140018,134.641606
5038,1,0,165.97954,162.321947
5039,1,1,250.646893,176.397352
5040,1,0,54.389706,100.76188
5041,1,0,113.759021,164.283117
5042,1,1,136.869392,105.163713
5043,1,0,271.526058,247.155202
5044,1,0,199.50988,159.683629
5045,1,0,176.717627,156.910155
5046,1,0,115.045083,101.207202
5047,1,1,322.987261,310.268278
5048,1,0,180.81783,157.569336
5049,1,1,243.162464,193.681873
5050,1,0,215.570917,161.174065
5051,1,0,30.719036,14.922292
5052,1,0,88.907085,124.111113
5053,1,0,88.154013,150.025575
5054,1,1,108.923328,159.338957
5055,1,0,47.36937,46.55907
5056,1,0,172.640322,153.023324
5057,1,0,67.997009,57.207535
5058,1,1,244.197844,241.264985
5059,1,1,50.02485,103.599144
5060,1,0,113.88135,106.02966
5061,1,0,68.906799,143.230695
5062,1,0,40.461153,45.131357
5063,1,0,104.123483,69.19599
5064,1,1,171.882861,127.585212
5065,1,1,73.556595,87.474873
5066,1,1,109.733109,137.924612
5067,1,1,159.847535,125.315345
5068,1,0,106.380291,233.721095
5069,1,1,60.964263,66.86677499999999
5070,1,0,151.855434,157.848298
5071,1,0,91.254445,47.030297
5072,1,1,82.163669,107.081872
5073,1,0,76.437096,-9.342969
5074,1,0,143.799582,104.920882
5075,1,1,138.219307,151.081802
5076,1,1,107.72501,225.286357
5077,1,0,107.905675,109.737615
5078,1,1,66.253481,119.3557
5079,1,1,131.856843,114.267837
5080,1,1,73.932724,58.542607
5081,1,0,185.152554,151.469709
5082,1,0,150.410892,108.188184
5083,1,1,86.158051,138.427559
5084,1,0,69.977893,80.640925
5085,1,1,101.39932,117.999496
5086,1,0,79.449033,81.620821
5087,1,0,105.905414,94.689437
5088,1,0,113.153197,151.286429
5089,1,0,213.547415,113.147013
5090,1,1,94.373865,145.509758
5091,1,0,122.261896,109.686823
5092,1,1,77.14173,103.160018
5093,1,0,88.759717,101.333478
5094,1,1,125.944972,175.867386
5095,1,1,109.245474,158.918357
5096,1,1,156.971697,170.214994
5097,1,0,102.216734,146.238843
5098,1,0,120.16843,138.002406
5099,1,1,96.936402,163.185929
5100,1,1,97.137062,151.028827
5101,1,1,92.452427,97.274238
5102,1,0,85.192842,67.108263
5103,1,1,79.013431,148.387194
5104,1,0,197.248602,138.922162
5105,1,0,171.313064,101.510177
5106,1,0,87.392334,6.607454
5107,1,0,82.160244,42.514802
5108,1,1,174.077045,113.139362
5109,1,1,147.775435,149.538391
5110,1,1,102.503536,65.903099
5111,1,0,70.677876,93.606574
5112,1,1,162.069814,200.634366
5113,1,1,126.17229,105.40046
5114,1,0,28.0013,26.129914
5115,1,1,165.232794,93.067661
5116,1,0,38.295344,62.074896
5117,1,0,206.986893,135.654442
5118,1,0,222.888007,103.181489
5119,1,1,246.487995,229.95901
5120,1,0,159.850774,186.077657
5121,1,0,171.650048,233.901276
5122,1,1,126.445171,113.982986
5123,1,0,53.608067,57.510988
5124,1,1,147.123384,175.160837
5125,1,1,96.222328,66.52870300000001
5126,1,1,167.068271,160.749011
5127,1,1,135.324656,131.771242
5128,1,0,85.222351,64.035026
5129,1,0,144.959726,82.283023
5130,1,1,137.76718,183.912629
5131,1,0,42.380489,99.237653
5132,1,0,37.352184,90.229886
5133,1,1,90.13294,111.695425
5134,1,1,130.742242,89.210419
5135,1,1,166.739393,238.861451
5136,1,1,147.408632,179.467026
5137,1,0,64.967542,86.331284
5138,1,1,100.762648,78.902767
5139,1,0,64.125622,74.713329
5140,1,1,125.415133,82.234444
5141,1,0,53.427003,69.007537
5142,1,1,68.232143,117.187119
5143,1,1,186.304489,100.556144
5144,1,1,66.262603,86.040974
5145,1,0,202.055065,109.582822
5146,1,1,201.656965,161.762245
5147,1,1,139.844768,133.929212
5148,1,0,235.497342,218.630653
5149,1,0,234.290761,234.727175
5150,1,1,201.74318,209.222974
5151,1,1,142.166924,115.852192
5152,1,0,98.549563,120.244452
5153,1,1,117.215367,92.35003
5154,1,0,49.699019,98.523418
5155,1,0,163.908001,114.087282
5156,1,1,172.58133,195.629243
5157,1,1,54.087682,119.074153
5158,1,0,195.981556,169.508443
5159,1,1,123.994945,89.124268
5160,1,1,216.936636,157.728964
5161,1,0,157.161631,173.380987
5162,1,0,114.878024,149.484484
5163,1,1,76.84971,50.710564
5164,1,0,56.958413,38.355959
5165,1,0,154.020747,141.23164
5166,1,0,55.084126,40.282075
5167,1,1,147.12527,131.43152700000002
5168,1,1,123.399263,117.319796
5169,1,0,146.018276,126.74933
5170,1,0,132.762926,107.423986
5171,1,1,88.292448,111.341092
5172,1,1,140.766337,106.546057
5173,1,0,148.978441,156.919984
5174,1,1,135.595275,182.450944
5175,1,1,114.782352,55.324714
5176,1,1,156.166733,129.420488
5177,1,1,87.971482,204.380657
5178,1,1,175.387887,160.447165
5179,1,1,135.349858,207.438805
5180,1,0,47.004322,73.698801
5181,1,0,122.975975,72.469515
5182,1,0,210.499285,195.63671
5183,1,0,133.269258,96.749088
5184,1,1,90.838321,81.597357
5185,1,0,110.974672,68.835801
5186,1,1,244.120166,210.658923
5187,1,1,241.96031,244.06986
5188,1,1,350.142615,268.799676
5189,1,1,212.51464,139.244636
5190,1,1,71.121338,45.541893
5191,1,1,157.694374,162.093179
5192,1,0,75.524456,2.300655
5193,1,0,190.440943,163.462959
5194,1,1,135.421752,147.798892
5195,1,1,229.876483,172.340418
5196,1,0,185.598804,198.620925
5197,1,0,127.980008,110.24089
5198,1,1,212.088796,205.886523
5199,1,0,163.557738,216.907214
5200,1,0,44.562713,80.907653
5201,1,1,57.856147,148.725762
5202,1,1,155.998768,163.969101
5203,1,1,95.671895,22.231403
5204,1,1,155.332437,172.477272
5205,1,1,87.188708,52.93343
5206,1,1,131.799052,169.448543
5207,1,1,113.432854,42.002609
5208,1,1,63.507646,96.077631
5209,1,1,105.184785,135.252982
5210,1,1,86.393922,70.84098399999999
5211,1,1,413.06436,338.442219
5212,1,1,86.717133,118.898093
5213,1,1,292.759431,179.012424
5214,1,0,199.902159,150.18925
5215,1,0,259.631115,243.62958
5216,1,1,155.254663,166.861309
5217,1,1,98.922598,120.50089
5218,1,1,33.96248,50.230149
5219,1,1,173.142034,150.753369
5220,1,0,81.197101,71.386854
5221,1,1,338.992602,239.298141
5222,1,1,331.536059,282.364098
5223,1,1,56.283225,80.273805
5224,1,1,148.83558,152.058749
5225,1,0,291.225982,195.04811
5226,1,0,124.758392,159.827551
5227,1,0,107.182034,142.335984
5228,1,0,63.422662,88.444175
5229,1,1,106.142012,164.241491
5230,1,0,63.599075,22.822471
5231,1,0,91.787541,90.485446
5232,1,1,130.449722,135.78364
5233,1,0,175.693014,118.204048
5234,1,0,463.14953,341.9733
5235,1,1,188.133594,182.360588
5236,1,0,10.862421,3.508049
5237,1,1,163.672406,201.848794
5238,1,0,86.443314,34.752558
5239,1,1,52.699589,77.816229
5240,1,1,172.173808,153.131609
5241,1,1,182.103257,145.647996
5242,1,1,198.923569,164.5363
5243,1,1,178.786145,90.745744
5244,1,1,17.699642,87.852767
5245,1,0,81.366256,97.175954
5246,1,1,234.344489,198.941898
5247,1,0,110.640937,134.041435
5248,1,1,195.070928,125.496101
5249,1,0,44.998547,107.16171
5250,1,0,46.004627,106.413915
5251,1,1,55.752909,58.539251
5252,1,0,147.124668,104.988359
5253,1,0,26.529485,69.02967
5254,1,1,92.780562,75.860178
5255,1,0,66.298224,122.090181
5256,1,0,260.007563,158.679141
5257,1,0,169.972178,188.603992
5258,1,0,84.216479,115.147336
5259,1,1,108.910837,137.772722
5260,1,1,133.877875,203.904037
5261,1,0,226.513393,133.07893
5262,1,0,32.805147,103.756069
5263,1,1,140.368951,102.848904
5264,1,1,54.430595,84.661448
5265,1,0,126.978332,83.237668
5266,1,0,90.07629,126.209335
5267,1,0,124.349601,157.452511
5268,1,0,78.606248,40.301782
5269,1,1,75.774185,118.598125
5270,1,1,78.222678,150.081806
5271,1,0,251.348998,135.422417
5272,1,0,167.365385,176.564762
5273,1,0,85.962824,99.98186
5274,1,1,315.756564,219.651291
5275,1,1,78.001442,85.050805
5276,1,1,125.155279,158.245944
5277,1,0,203.154289,196.411461
5278,1,0,42.629853,108.210356
5279,1,0,238.624693,113.454662
5280,1,1,64.268378,123.776519
5281,1,1,146.351891,146.558958
5282,1,1,125.16812,190.406486
5283,1,0,40.701017,-6.986797
5284,1,0,82.529846,85.332024
5285,1,0,91.469624,143.357231
5286,1,1,112.970616,112.778014
5287,1,0,165.010916,63.633521
5288,1,0,184.021364,188.428518
5289,1,1,177.653196,158.945303
5290,1,0,71.019216,127.704457
5291,1,0,131.062053,138.898451
5292,1,0,129.546873,107.376156
5293,1,1,181.528805,157.310676
5294,1,1,113.399064,164.069751
5295,1,1,99.963481,84.234204
5296,1,1,143.409148,177.37638
5297,1,0,139.038845,45.225124
5298,1,1,43.856509,64.03097700000001
5299,1,0,125.036841,176.822562
5300,1,0,269.475239,232.921145
5301,1,1,85.052272,175.899819
5302,1,1,133.976801,140.123237
5303,1,1,49.63714,46.070408
5304,1,1,107.349008,204.09046
5305,1,1,67.423791,112.979952
5306,1,0,111.324721,38.72216
5307,1,1,62.709792,86.012882
5308,1,0,185.591335,146.015435
5309,1,1,60.085315,67.388507
5310,1,0,111.169183,52.517182
5311,1,1,183.383423,134.48954700000002
5312,1,0,64.961749,68.674357
5313,1,0,190.039807,123.460056
5314,1,0,183.295562,165.398155
5315,1,1,179.330604,174.099514
5316,1,1,64.118165,120.427132
5317,1,0,148.695712,91.901018
5318,1,0,97.004687,75.42579
5319,1,1,264.705926,192.110672
5320,1,0,111.807062,133.643416
5321,1,1,122.254561,56.509471
5322,1,1,96.215419,51.080765
5323,1,1,169.640865,131.415251
5324,1,0,204.118959,138.760802
5325,1,1,131.032815,120.992604
5326,1,1,180.7486,90.292149
5327,1,1,58.685441,53.615318
5328,1,1,188.414092,140.46857
5329,1,1,82.447937,183.395369
5330,1,0,127.580811,67.794577
5331,1,0,109.381978,130.637682
5332,1,1,51.444342,93.38475
5333,1,1,100.630136,88.849433
5334,1,1,252.322238,184.904488
5335,1,0,41.779741,92.94334
5336,1,0,121.059778,129.023902
5337,1,0,121.478607,47.052882
5338,1,1,168.490231,174.451848
5339,1,0,104.331785,102.143249
5340,1,1,103.67318,228.676625
5341,1,1,74.147853,38.046135
5342,1,0,176.262734,130.459553
5343,1,1,200.499037,171.75561
5344,1,0,161.339606,166.555632
5345,1,1,126.855011,71.269225
5346,1,1,98.501373,79.841248
5347,1,1,166.349615,153.878031
5348,1,1,289.70791,276.068485
5349,1,0,146.262724,67.249241
5350,1,1,36.431117,134.984321
5351,1,0,212.25533,162.360561
5352,1,1,100.037023,92.249416
5353,1,1,229.289297,149.546279
5354,1,1,210.866732,164.42253
5355,1,0,146.690158,162.543898
5356,1,0,98.430584,50.806812
5357,1,0,120.030085,113.429819
5358,1,1,274.086414,215.390376
5359,1,1,332.423938,193.327235
5360,1,1,100.321129,83.216599
5361,1,0,90.496297,92.25955
5362,1,1,102.88235,91.874992
5363,1,0,192.652075,126.756043
5364,1,1,35.483747,26.976733
5365,1,0,99.314471,84.485382
5366,1,0,271.651828,189.907396
5367,1,1,97.396363,88.635535
5368,1,1,54.846254,80.793077
5369,1,0,158.670821,138.216503
5370,1,0,140.520845,165.320498
5371,1,1,122.204155,134.760303
5372,1,1,85.327317,63.861516
5373,1,0,273.401687,217.209975
5374,1,0,109.821228,88.194621
5375,1,1,64.120098,130.690079
5376,1,0,58.96507,71.60481
5377,1,0,140.109923,158.428038
5378,1,1,191.047072,166.452586
5379,1,1,172.717779,159.706586
5380,1,0,320.391123,300.512473
5381,1,0,69.579763,126.843387
5382,1,0,113.092692,205.749628
5383,1,0,24.556706,86.620325
5384,1,0,225.396095,161.035024
5385,1,1,170.270847,126.956237
5386,1,0,125.573293,60.379816
5387,1,1,229.493149,203.057192
5388,1,0,63.268642,63.817795
5389,1,1,91.399525,102.652741
5390,1,1,72.594207,138.390067
5391,1,1,106.534364,87.703104
5392,1,1,29.191746,106.491019
5393,1,1,217.58869,212.815324
5394,1,1,80.029928,-1.5289830000000002
5395,1,1,63.983981,83.50068
5396,1,1,168.616266,158.690178
5397,1,1,217.96473,109.99273
5398,1,0,88.914605,103.658734
5399,1,0,133.023449,134.787861
5400,1,1,160.736218,174.97341
5401,1,0,135.18773,127.165727
5402,1,0,124.357053,115.203544
5403,1,0,187.134547,144.597585
5404,1,0,52.088336,52.667024
5405,1,0,119.83224,168.716934
5406,1,0,30.313652,-10.066102
5407,1,0,255.474845,235.875164
5408,1,1,145.944656,103.499115
5409,1,0,87.963168,88.608221
5410,1,1,359.263509,265.554353
5411,1,1,258.844686,225.392738
5412,1,0,57.670386,66.358367
5413,1,1,277.857024,257.764
5414,1,0,308.751718,184.427721
5415,1,0,181.405585,112.728219
5416,1,1,41.617491,102.449943
5417,1,0,126.951055,111.539422
5418,1,0,140.634575,158.381344
5419,1,1,161.219989,164.667633
5420,1,1,101.821089,180.005013
5421,1,0,53.60051,-12.146735
5422,1,1,54.040134,65.130854
5423,1,1,120.383205,225.751539
5424,1,0,56.470264,161.996528
5425,1,0,74.324933,68.181275
5426,1,1,233.420227,217.293379
5427,1,0,222.304689,143.296358
5428,1,1,113.797778,92.179037
5429,1,1,123.931494,57.470835
5430,1,0,176.104763,91.789396
5431,1,1,265.405991,251.840106
5432,1,1,91.581062,51.620349
5433,1,0,75.379125,145.838719
5434,1,1,92.735192,129.874572
5435,1,0,115.376393,169.871859
5436,1,0,159.513099,157.440896
5437,1,0,191.592245,172.815259
5438,1,0,57.758548,25.137661
5439,1,1,139.101874,163.775988
5440,1,1,146.98424,125.676807
5441,1,1,153.171494,95.783172
5442,1,0,122.018541,93.181531
5443,1,1,118.173181,68.339781
5444,1,1,191.925794,196.112491
5445,1,0,203.128355,153.100524
5446,1,1,77.194596,101.520831
5447,1,0,101.728413,76.493847
5448,1,1,146.660982,153.550791
5449,1,1,89.210103,64.21795
5450,1,0,35.77993,74.592017
5451,1,0,109.106134,84.32016
5452,1,1,121.187623,81.617104
5453,1,0,244.742364,131.44659
5454,1,1,74.011439,161.419383
5455,1,1,133.355173,153.215503
5456,1,1,278.677175,219.367377
5457,1,1,63.348773,95.337304
5458,1,0,80.602501,151.82072
5459,1,1,72.337719,146.020491
5460,1,1,140.488668,151.14741
5461,1,1,228.381526,177.889266
5462,1,1,105.618273,132.191197
5463,1,1,47.968929,77.786944
5464,1,1,123.210063,152.199309
5465,1,1,144.457477,201.987375
5466,1,0,169.977501,104.019159
5467,1,0,74.97492,189.145364
5468,1,1,86.639692,125.825784
5469,1,1,127.817671,201.252493
5470,1,1,161.665883,190.674943
5471,1,1,141.888541,180.818927
5472,1,1,199.409748,228.875117
5473,1,0,183.113147,130.410233
5474,1,1,280.520269,233.187255
5475,1,1,246.958243,224.161352
5476,1,0,59.327218,70.538384
5477,1,1,186.578454,230.218599
5478,1,0,80.454594,106.422923
5479,1,0,124.545386,123.255639
5480,1,1,62.662298,67.36878200000001
5481,1,1,162.412829,186.337536
5482,1,0,145.966153,166.646195
5483,1,1,204.076313,163.419994
5484,1,1,263.26032,189.926326
5485,1,0,197.194253,164.633164
5486,1,1,116.621334,122.156455
5487,1,1,162.718613,200.18606
5488,1,0,192.995092,196.190318
5489,1,0,176.112584,184.419882
5490,1,1,115.324894,188.545572
5491,1,1,68.768488,92.215294
5492,1,0,264.61486,134.035328
5493,1,1,116.966014,83.728119
5494,1,1,54.856872,95.514376
5495,1,0,106.761606,76.525065
5496,1,0,201.805649,231.974126
5497,1,1,290.118301,249.994554
5498,1,0,107.175752,40.904046
5499,1,0,140.441717,101.554814
5500,1,1,76.109574,104.403984
5501,1,0,124.796992,59.004303
5502,1,1,73.918009,110.939815
5503,1,0,158.53941,143.726076
5504,1,0,57.951052,72.099153
5505,1,0,154.996958,122.607363
5506,1,1,267.156595,167.033197
5507,1,1,121.235769,143.317879
5508,1,0,54.634328,128.559577
5509,1,0,43.021452,25.919215
5510,1,0,54.789904,70.376361
5511,1,0,124.597264,158.693534
5512,1,0,154.189331,113.474737
5513,1,1,223.137607,167.482274
5514,1,1,105.202711,135.211473
5515,1,1,131.223361,103.06798
5516,1,0,128.575123,160.497413
5517,1,1,122.939975,90.214352
5518,1,0,187.488984,229.949572
5519,1,0,60.66424,65.004208
5520,1,0,233.016634,164.836042
5521,1,0,32.988037,68.146123
5522,1,1,108.791904,56.812157
5523,1,0,179.092528,179.981055
5524,1,1,95.427878,119.635378
5525,1,0,100.092196,88.892463
5526,1,1,104.345434,93.229423
5527,1,1,79.271059,56.914721
5528,1,0,60.669465,10.806841
5529,1,0,63.116979,77.960907
5530,1,0,361.009517,204.359874
5531,1,1,218.417606,239.533519
5532,1,0,80.59562,87.688115
5533,1,0,49.96985,51.005877
5534,1,1,66.660909,62.314809
5535,1,0,58.557119,72.016907
5536,1,0,118.013336,129.445494
5537,1,0,177.183181,209.459852
5538,1,1,291.67362,163.7609
5539,1,1,115.581317,123.591878
5540,1,0,123.652385,144.737022
5541,1,0,167.821071,114.38477
5542,1,0,168.220088,152.160308
5543,1,0,193.186638,125.053672
5544,1,1,96.827701,117.875207
5545,1,1,230.586835,238.348395
5546,1,0,133.824881,145.251785
5547,1,1,215.552727,190.487053
5548,1,1,195.909084,297.07621
5549,1,0,209.924226,166.923669
5550,1,1,139.237483,101.397569
5551,1,1,122.689806,189.064124
5552,1,1,56.078231,90.948533
5553,1,1,74.354019,91.709261
5554,1,0,133.893918,89.131254
5555,1,1,149.274026,147.358708
5556,1,0,84.798917,112.571966
5557,1,1,303.520429,250.68208
5558,1,0,158.940994,171.479359
5559,1,0,156.9053,198.422417
5560,1,0,198.273382,177.117645
5561,1,0,201.451471,174.728463
5562,1,1,120.884892,123.247356
5563,1,0,188.011946,80.56036
5564,1,0,84.470326,111.433401
5565,1,1,118.683258,38.199746000000005
5566,1,0,35.805274,140.695092
5567,1,1,75.478323,133.031801
5568,1,0,115.680572,106.736687
5569,1,0,227.717787,183.467737
5570,1,1,123.58995,152.197929
5571,1,1,22.090741,32.372941999999995
5572,1,0,219.216868,113.767294
5573,1,1,86.701221,51.380802
5574,1,0,123.724279,135.787313
5575,1,0,175.654374,152.827001
5576,1,1,120.967987,130.310588
5577,1,0,181.173972,124.441532
5578,1,0,243.867264,192.684153
5579,1,0,220.915685,221.018589
5580,1,0,192.532583,169.982428
5581,1,0,31.228014,89.127359
5582,1,0,94.619346,123.777738
5583,1,0,89.684289,58.692136
5584,1,1,245.886372,195.644831
5585,1,0,188.686751,95.750183
5586,1,0,54.481525,36.405715
5587,1,0,113.077309,131.872915
5588,1,0,83.670759,82.700937
5589,1,0,201.003061,176.020834
5590,1,0,152.406299,197.295681
5591,1,0,193.957639,187.518801
5592,1,0,109.585797,73.570147
5593,1,1,70.789782,90.011044
5594,1,0,94.719196,93.300511
5595,1,1,89.274097,118.143638
5596,1,0,80.024084,80.104722
5597,1,0,225.749279,150.056417
5598,1,0,98.394266,114.086416
5599,1,0,170.44518,148.253613
5600,1,0,96.636313,34.81166
5601,1,0,133.113331,130.493204
5602,1,1,81.032511,40.375597
5603,1,0,50.695346,107.024268
5604,1,0,78.85868,112.456424
5605,1,0,150.99979,165.904853
5606,1,1,94.466634,163.252079
5607,1,1,154.131477,129.35817
5608,1,1,165.916365,121.606407
5609,1,0,65.394148,138.573144
5610,1,1,225.318698,125.612014
5611,1,1,167.700423,40.877876
5612,1,0,249.789451,207.215636
5613,1,0,210.620001,136.99817
5614,1,0,158.155092,114.025337
5615,1,1,119.472577,171.857672
5616,1,1,118.518018,100.652918
5617,1,1,118.986715,111.500643
5618,1,0,154.235996,117.603936
5619,1,1,86.935628,-7.388708000000001
5620,1,0,249.800636,149.565526
5621,1,0,85.823577,104.426488
5622,1,0,95.849052,86.085683
5623,1,1,192.274086,186.802706
5624,1,0,112.178558,108.569284
5625,1,0,127.599206,162.88585
5626,1,0,109.372103,87.688546
5627,1,1,85.066121,87.294147
5628,1,0,91.866338,167.705854
5629,1,0,147.916622,150.195395
5630,1,1,153.100176,119.790181
5631,1,0,124.593333,65.067194
5632,1,1,76.492124,14.341146
5633,1,0,88.335843,84.538894
5634,1,0,68.020753,-7.10036
5635,1,0,144.391966,205.509694
5636,1,0,175.095134,124.088948
5637,1,1,367.902355,345.629038
5638,1,1,98.721167,136.04520200000002
5639,1,1,82.138239,22.884422999999998
5640,1,1,157.731312,195.777675
5641,1,0,303.516043,300.767033
5642,1,1,169.667877,143.531912
5643,1,1,209.670914,150.789668
5644,1,1,68.401815,140.034364
5645,1,1,379.945447,272.331008
5646,1,0,77.768271,115.141092
5647,1,1,146.93969,119.904101
5648,1,0,53.057701,113.826168
5649,1,1,83.690172,65.068149
5650,1,1,200.586834,151.870442
5651,1,1,87.568499,73.361918
5652,1,0,320.031481,234.418228
5653,1,0,143.320591,143.404637
5654,1,1,104.234895,168.424257
5655,1,0,154.222704,152.219234
5656,1,0,171.737471,167.303758
5657,1,1,175.671546,117.593115
5658,1,0,135.484025,149.617307
5659,1,0,66.486556,92.25319
5660,1,1,367.714571,262.489101
5661,1,1,190.109756,74.018805
5662,1,1,243.730788,210.559811
5663,1,1,121.031046,197.321179
5664,1,0,274.586681,154.517207
5665,1,1,66.744973,112.002817
5666,1,0,251.145437,170.289781
5667,1,1,82.269733,90.371687
5668,1,1,220.102922,176.999885
5669,1,0,255.325557,174.578578
5670,1,1,225.188296,138.96413
5671,1,0,112.194649,90.086975
5672,1,1,64.912125,86.200615
5673,1,0,66.627931,85.929182
5674,1,1,336.022093,213.714896
5675,1,1,52.177951,53.39057
5676,1,1,228.797141,233.60012
5677,1,0,94.043098,108.212253
5678,1,0,169.454469,132.646703
5679,1,0,139.958201,132.345628
5680,1,1,215.692701,197.911697
5681,1,1,244.254825,165.063252
5682,1,1,334.802815,205.294624
5683,1,0,137.499079,1.178659
5684,1,1,174.802859,165.400964
5685,1,1,249.955487,185.201856
5686,1,1,289.842743,228.853374
5687,1,1,117.348346,118.242462
5688,1,1,159.71304,145.136502
5689,1,1,80.790018,75.675265
5690,1,0,57.857916,66.068854
5691,1,0,207.014695,144.571829
5692,1,0,73.451393,107.655682
5693,1,1,221.485703,159.987723
5694,1,1,72.132309,54.472783
5695,1,0,109.591205,157.001027
5696,1,0,241.686775,221.040729
5697,1,0,211.09351,194.825502
5698,1,0,61.547105,31.454259
5699,1,0,106.262097,34.490778
5700,1,1,118.393078,50.511249
5701,1,0,132.27933,144.315209
5702,1,0,233.836559,216.173488
5703,1,0,36.190937,50.185873
5704,1,1,36.958948,92.079486
5705,1,1,220.315169,200.08261
5706,1,0,162.284113,174.126314
5707,1,1,75.522583,166.588793
5708,1,1,113.540688,146.552877
5709,1,1,74.092532,69.597554
5710,1,0,143.403361,119.783758
5711,1,1,80.154912,17.300043
5712,1,0,286.977094,259.780029
5713,1,0,121.516242,112.877403
5714,1,0,146.875578,132.914778
5715,1,0,130.838626,199.223073
5716,1,1,167.828457,167.010954
5717,1,0,92.030297,115.401362
5718,1,1,216.650671,170.127443
5719,1,1,199.971331,175.208795
5720,1,0,75.419362,53.047085
5721,1,1,63.783028,71.753679
5722,1,0,138.107184,194.394064
5723,1,0,65.238241,63.500237
5724,1,1,102.472429,98.672479
5725,1,1,197.583652,158.729695
5726,1,0,134.160516,119.570347
5727,1,0,157.998686,98.45175
5728,1,0,142.916816,71.166408
5729,1,1,157.586916,138.093173
5730,1,0,176.242218,126.497694
5731,1,0,173.175897,122.114736
5732,1,0,119.964234,165.920488
5733,1,1,82.738999,34.173221
5734,1,0,123.137382,129.925442
5735,1,1,101.946719,105.079874
5736,1,0,91.964613,50.070459
5737,1,0,122.605315,190.100915
5738,1,0,187.754695,212.134218
5739,1,0,125.95703,136.465009
5740,1,0,250.172764,181.703435
5741,1,0,93.07365,57.675001
5742,1,1,165.816643,89.573673
5743,1,1,150.135564,206.40509
5744,1,0,128.681789,112.507498
5745,1,1,216.418309,185.217764
5746,1,0,421.818879,310.705014
5747,1,1,76.129466,132.39560799999998
5748,1,1,36.036661,41.487168
5749,1,1,387.869813,368.292444
5750,1,1,96.098612,131.375605
5751,1,1,131.733221,159.272986
5752,1,1,87.756821,110.702472
5753,1,0,138.005345,220.529953
5754,1,1,116.531394,167.76401
5755,1,1,124.036041,104.128564
5756,1,1,106.406012,187.423458
5757,1,0,101.965814,103.348516
5758,1,1,117.328871,53.259513
5759,1,0,169.229366,175.703032
5760,1,1,180.543596,165.304004
5761,1,1,168.458239,203.091114
5762,1,0,72.829157,136.877117
5763,1,0,104.863912,146.405129
5764,1,0,225.77178,167.111593
5765,1,1,155.608091,196.103519
5766,1,1,161.503776,183.666395
5767,1,1,182.246325,156.918015
5768,1,1,146.149329,118.14927
5769,1,0,198.224969,229.055445
5770,1,0,122.21629,61.82605
5771,1,1,65.289322,125.083961
5772,1,1,163.299308,152.801937
5773,1,0,159.062842,148.654864
5774,1,0,428.703224,288.086591
5775,1,0,195.131635,126.289785
5776,1,1,88.795383,110.209684
5777,1,0,80.799722,90.502632
5778,1,0,80.821049,52.511867
5779,1,0,83.313319,80.845133
5780,1,1,141.325638,206.13502
5781,1,0,145.211988,170.458204
5782,1,1,72.514758,54.799829
5783,1,1,100.214202,86.441812
5784,1,1,98.171701,119.611026
5785,1,1,78.224961,50.392206
5786,1,1,156.268768,185.776205
5787,1,1,86.588005,69.134048
5788,1,0,76.463402,84.847993
5789,1,0,82.136529,127.23193
5790,1,0,99.520444,162.588129
5791,1,1,146.41855,109.575974
5792,1,1,78.636632,87.922002
5793,1,0,266.118458,182.697841
5794,1,1,138.343726,157.043008
5795,1,0,135.418836,118.152173
5796,1,1,96.285749,49.020941
5797,1,1,135.039991,25.021905
5798,1,1,240.922512,180.779973
5799,1,0,47.051288,78.333096
5800,1,0,262.835873,289.989376
5801,1,1,58.622745,139.191778
5802,1,0,238.38939,225.263468
5803,1,1,111.814749,120.595413
5804,1,0,106.87744,184.310006
5805,1,0,51.025828,118.420517
5806,1,0,170.297043,126.202071
5807,1,1,170.021999,168.605527
5808,1,0,37.782463,-22.657329
5809,1,0,216.167073,197.765932
5810,1,1,190.939811,161.470583
5811,1,1,42.492143,83.015413
5812,1,1,89.070934,120.864977
5813,1,0,105.929733,60.173267
5814,1,1,89.399097,54.834139
5815,1,1,183.253007,131.811948
5816,1,0,64.787045,129.744288
5817,1,1,164.536765,148.700201
5818,1,1,67.279931,27.166396
5819,1,0,266.573003,246.672851
5820,1,1,175.543569,111.966655
5821,1,0,46.384559,60.633322
5822,1,0,146.735389,147.078264
5823,1,1,120.354067,162.9629
5824,1,1,81.651669,24.936408
5825,1,1,164.799903,196.713047
5826,1,1,278.084986,211.29922
5827,1,0,99.052661,77.505541
5828,1,1,207.185216,216.034172
5829,1,1,85.7406,60.484745
5830,1,0,97.139234,54.245675
5831,1,1,146.756727,221.397129
5832,1,0,80.481669,122.547495
5833,1,1,191.236878,150.780887
5834,1,1,121.74059,181.294997
5835,1,0,91.729741,61.164962
5836,1,1,182.368974,189.710574
5837,1,0,52.572492,113.117656
5838,1,0,78.508143,73.560275
5839,1,0,151.400101,189.285775
5840,1,1,160.097162,95.625457
5841,1,0,81.022464,38.504542
5842,1,0,224.835395,183.05385
5843,1,1,202.029579,159.495598
5844,1,1,120.963748,107.517224
5845,1,0,104.335692,138.643982
5846,1,0,92.715569,80.303614
5847,1,0,76.925468,93.950663
5848,1,0,125.142261,112.721777
5849,1,1,230.985537,202.908021
5850,1,1,175.647368,128.493841
5851,1,1,112.441242,56.129471
5852,1,0,20.989094,79.650287
5853,1,0,182.618214,140.767885
5854,1,0,67.706077,121.127317
5855,1,0,245.30685,149.535864
5856,1,0,36.157699,43.470845
5857,1,1,52.530378,96.567587
5858,1,1,136.539256,131.80415299999999
5859,1,1,102.689972,62.304865
5860,1,0,116.916352,66.417241
5861,1,1,82.567496,175.720897
5862,1,1,44.675042,68.058469
5863,1,0,143.482947,180.968343
5864,1,1,188.944578,168.040373
5865,1,1,120.354952,147.529941
5866,1,0,228.517769,207.461962
5867,1,0,185.948328,194.644541
5868,1,0,166.114608,140.756695
5869,1,1,72.14233,172.147302
5870,1,1,100.300849,89.993868
5871,1,0,70.963712,34.879019
5872,1,0,109.229363,126.354472
5873,1,1,197.367412,147.320665
5874,1,1,158.066662,88.391972
5875,1,1,126.98716,93.516149
5876,1,0,145.445048,163.503041
5877,1,1,71.387503,102.974441
5878,1,1,158.528376,127.227047
5879,1,1,173.83601,185.420827
5880,1,1,475.825333,299.874134
5881,1,1,227.666175,206.550664
5882,1,1,154.929941,175.130045
5883,1,0,251.333539,185.766056
5884,1,1,287.559043,258.174714
5885,1,0,47.577522,28.328485
5886,1,0,132.435356,115.984878
5887,1,1,266.863204,258.78069
5888,1,0,82.521863,149.43048
5889,1,0,173.226477,53.53306
5890,1,0,91.188242,81.639657
5891,1,0,118.179866,103.453186
5892,1,0,264.911363,139.400653
5893,1,1,41.508552,34.411272
5894,1,1,40.313009,38.009674000000004
5895,1,1,219.092901,103.012112
5896,1,0,86.257461,58.937154
5897,1,0,101.191821,152.449261
5898,1,1,133.424954,109.026059
5899,1,1,73.653948,129.76395200000002
5900,1,1,148.1984,99.982613
5901,1,0,65.229255,48.465178
5902,1,1,83.92167,169.376973
5903,1,0,100.609827,42.636645
5904,1,1,229.760303,178.451373
5905,1,1,46.616468,38.711466
5906,1,1,98.198172,156.449949
5907,1,1,225.630313,222.364205
5908,1,0,126.454972,71.897525
5909,1,0,104.953097,90.997776
5910,1,0,225.476249,169.695382
5911,1,1,191.111536,182.782781
5912,1,0,110.117284,63.908511
5913,1,1,204.293403,204.340927
5914,1,0,139.54747,128.819471
5915,1,0,90.422741,66.290684
5916,1,1,124.050005,228.436117
5917,1,1,56.885695,-30.416904000000002
5918,1,1,164.915803,135.738176
5919,1,0,116.909172,70.375532
5920,1,0,90.052494,17.165139
5921,1,0,156.844449,131.935701
5922,1,0,139.815588,167.322269
5923,1,0,157.059872,196.446457
5924,1,0,64.749286,37.018953
5925,1,1,95.432637,108.400729
5926,1,1,128.947949,124.80291
5927,1,0,25.78136,178.09273
5928,1,0,132.606165,94.245252
5929,1,0,234.565397,182.513201
5930,1,0,144.594537,82.789058
5931,1,0,313.481544,244.097292
5932,1,1,136.653407,169.948373
5933,1,0,166.615607,83.395902
5934,1,0,90.246931,88.156742
5935,1,0,136.000141,143.768322
5936,1,1,47.764758,76.035437
5937,1,0,15.855245,92.793094
5938,1,1,53.203972,62.49573
5939,1,1,238.620261,175.080955
5940,1,1,69.55177,132.32435700000002
5941,1,1,206.741038,182.808566
5942,1,0,168.252336,59.681241
5943,1,0,160.70938,229.856105
5944,1,0,134.227891,159.491762
5945,1,0,99.747518,94.735931
5946,1,0,89.841765,184.480948
5947,1,0,90.79143,91.92935
5948,1,0,83.490223,112.736419
5949,1,0,138.888595,69.749353
5950,1,1,51.748089,108.844194
5951,1,1,154.482898,166.267777
5952,1,1,250.144683,209.239307
5953,1,0,181.266787,132.831968
5954,1,1,77.965027,126.646918
5955,1,1,157.147058,199.007355
5956,1,0,236.946254,159.715259
5957,1,0,33.851619,90.903968
5958,1,1,101.859973,112.324875
5959,1,0,54.888467,57.727169
5960,1,0,134.288288,91.687518
5961,1,1,79.646207,79.714892
5962,1,1,150.728612,161.048128
5963,1,1,80.816795,125.172184
5964,1,0,120.186892,61.035853
5965,1,1,345.811106,359.829713
5966,1,1,51.392656,66.70472000000001
5967,1,0,266.413258,182.015126
5968,1,1,45.877405,89.685414
5969,1,0,251.986889,208.992245
5970,1,1,244.464058,164.575781
5971,1,1,74.279132,143.293131
5972,1,1,22.818392,107.198321
5973,1,1,160.729433,150.902165
5974,1,1,150.763113,201.962064
5975,1,0,215.654851,302.603454
5976,1,0,104.772382,53.071057
5977,1,0,48.443267,29.428296
5978,1,1,80.726436,56.55326
5979,1,0,49.879228,97.256416
5980,1,1,188.544164,146.534105
5981,1,1,144.056561,145.036433
5982,1,0,73.316382,63.298471
5983,1,0,146.835705,71.215858
5984,1,1,65.16509,74.569136
5985,1,0,315.230125,239.913442
5986,1,1,216.837209,140.337604
5987,1,1,101.245644,102.535866
5988,1,0,224.433516,100.421959
5989,1,0,61.688153,61.520634
5990,1,1,240.990965,219.083848
5991,1,0,119.553666,53.789815
5992,1,0,213.949891,157.168248
5993,1,1,114.846861,134.145906
5994,1,0,120.886219,62.950787
5995,1,1,83.518357,140.248643
5996,1,1,106.992821,37.312245000000004
5997,1,0,180.324321,173.815683
5998,1,1,52.665303,111.381392
5999,1,0,117.86179,93.038856
6000,1,0,75.541928,70.319037
