customer_id,truth_y0,truth_effect
1,100.892018,6.0
2,26.696484,6.0
3,79.381101,6.0
4,111.376873,6.0
5,122.65489,6.0
6,39.475739,6.0
7,50.032135,6.0
8,86.34378,6.0
9,46.936524,6.0
10,95.944921,6.0
11,90.609686,6.0
12,26.93797,6.0
13,38.965421,6.0
14,111.017826,6.0
15,25.769864,6.0
16,79.436755,6.0
17,86.58895,6.0
18,57.724076,6.0
19,40.798609,6.0
20,102.806897,6.0
21,92.575249,6.0
22,85.001041,6.0
23,55.241252,6.0
24,95.132528,6.0
25,154.056831,6.0
26,88.924747,6.0
27,120.85891,6.0
28,55.658051,6.0
29,83.354964,6.0
30,35.412376,6.0
31,72.798559,6.0
32,92.120444,6.0
33,102.826541,6.0
34,49.665083,6.0
35,105.167805,6.0
36,37.454817,6.0
37,123.188954,6.0
38,57.85412,6.0
39,27.112096,6.0
40,38.669289,6.0
41,72.99233,6.0
42,104.227637,6.0
43,94.904609,6.0
44,18.042401,6.0
45,104.975585,6.0
46,64.913278,6.0
47,68.849998,6.0
48,33.926143,6.0
49,97.078754,6.0
50,131.737469,6.0
51,110.61505,6.0
52,52.382093,6.0
53,80.932096,6.0
54,163.802311,6.0
55,141.157875,6.0
56,48.338755,6.0
57,71.228583,6.0
58,88.497691,6.0
59,85.496059,6.0
60,46.893037,6.0
61,43.05613,6.0
62,50.391699,6.0
63,62.280042,6.0
64,88.313232,6.0
65,39.748291,6.0
66,110.564804,6.0
67,49.564071,6.0
68,45.214487,6.0
69,120.193439,6.0
70,10.08045,6.0
71,67.430353,6.0
72,130.156783,6.0
73,92.75432,6.0
74,-5.706725,6.0
75,51.396686,6.0
76,59.472241,6.0
77,26.749703,6.0
78,104.341973,6.0
79,13.456666,6.0
80,81.536495,6.0
81,63.032828,6.0
82,169.502705,6.0
83,89.426204,6.0
84,57.570776,6.0
85,65.064071,6.0
86,176.481591,6.0
87,105.923206,6.0
88,85.132411,6.0
89,137.389398,6.0
90,70.094822,6.0
91,26.900617,6.0
92,50.723212,6.0
93,58.11185,6.0
94,115.547888,6.0
95,98.772813,6.0
96,22.98273,6.0
97,55.907025,6.0
98,119.436153,6.0
99,93.35706,6.0
100,92.400202,6.0
101,59.667311,6.0
102,13.727316,6.0
103,23.36106,6.0
104,106.793688,6.0
105,87.946735,6.0
106,167.729081,6.0
107,62.041288,6.0
108,53.258116,6.0
109,9.738404,6.0
110,88.962525,6.0
111,104.507208,6.0
112,42.264687,6.0
113,71.305593,6.0
114,46.177528,6.0
115,62.398007,6.0
116,118.569025,6.0
117,99.554759,6.0
118,67.253148,6.0
119,27.487554,6.0
120,113.064836,6.0
121,122.648623,6.0
122,90.579023,6.0
123,73.413461,6.0
124,41.376184,6.0
125,66.402713,6.0
126,50.457251,6.0
127,45.977924,6.0
128,49.933631,6.0
129,102.683383,6.0
130,45.963791,6.0
131,71.588863,6.0
132,79.670279,6.0
133,56.127707,6.0
134,90.266743,6.0
135,17.60752,6.0
136,37.1454,6.0
137,167.306952,6.0
138,58.573192,6.0
139,94.738884,6.0
140,88.307083,6.0
141,84.324981,6.0
142,163.42739,6.0
143,118.898932,6.0
144,82.122528,6.0
145,78.942117,6.0
146,51.369989,6.0
147,41.494141,6.0
148,98.773204,6.0
149,82.51858,6.0
150,125.387516,6.0
151,120.749193,6.0
152,70.527006,6.0
153,2.858124,6.0
154,114.895326,6.0
155,-20.017917,6.0
156,48.580605,6.0
157,81.989399,6.0
158,91.50498,6.0
159,54.773865,6.0
160,25.514947,6.0
161,56.719852,6.0
162,87.432011,6.0
163,65.630996,6.0
164,95.574869,6.0
165,115.120939,6.0
166,130.123616,6.0
167,100.074229,6.0
168,124.206526,6.0
169,69.676679,6.0
170,21.896247,6.0
171,193.893925,6.0
172,116.179959,6.0
173,70.246352,6.0
174,166.331147,6.0
175,100.852707,6.0
176,78.766426,6.0
177,75.286891,6.0
178,68.186434,6.0
179,113.758314,6.0
180,63.137767,6.0
181,156.491475,6.0
182,117.436246,6.0
183,118.786331,6.0
184,105.724624,6.0
185,107.629747,6.0
186,54.868059,6.0
187,30.178646,6.0
188,57.552095,6.0
189,44.353082,6.0
190,109.482414,6.0
191,108.76304,6.0
192,131.521243,6.0
193,86.124805,6.0
194,106.996639,6.0
195,103.157222,6.0
196,-15.505722,6.0
197,112.902137,6.0
198,5.983662,6.0
199,103.345409,6.0
200,-3.320004,6.0
201,88.408129,6.0
202,65.739376,6.0
203,139.60552,6.0
204,136.092469,6.0
205,24.861132,6.0
206,96.8353,6.0
207,22.563722,6.0
208,161.03892,6.0
209,76.907936,6.0
210,71.525404,6.0
211,62.60746,6.0
212,38.699727,6.0
213,26.744137,6.0
214,113.110031,6.0
215,89.94533,6.0
216,108.038324,6.0
217,135.541297,6.0
218,67.819415,6.0
219,44.469646,6.0
220,40.656499,6.0
221,58.574116,6.0
222,86.79932,6.0
223,71.567028,6.0
224,178.963159,6.0
225,113.483797,6.0
226,92.34502,6.0
227,57.714315,6.0
228,86.023513,6.0
229,33.530499,6.0
230,103.442388,6.0
231,116.985711,6.0
232,92.146437,6.0
233,16.397376,6.0
234,58.598634,6.0
235,98.691576,6.0
236,98.842362,6.0
237,110.471443,6.0
238,78.847792,6.0
239,85.28455,6.0
240,86.783818,6.0
241,59.229685,6.0
242,50.886372,6.0
243,72.094974,6.0
244,85.735891,6.0
245,22.420434,6.0
246,48.526624,6.0
247,138.89794,6.0
248,67.867982,6.0
249,38.316859,6.0
250,106.321307,6.0
251,10.392646,6.0
252,84.439402,6.0
253,66.973203,6.0
254,78.912835,6.0
255,20.958148,6.0
256,83.260434,6.0
257,136.057717,6.0
258,51.830796,6.0
259,74.180704,6.0
260,58.995079,6.0
261,115.829659,6.0
262,25.450547,6.0
263,61.59638,6.0
264,77.707533,6.0
265,85.017289,6.0
266,146.22438,6.0
267,130.723995,6.0
268,100.674275,6.0
269,114.690157,6.0
270,109.934328,6.0
271,40.629719,6.0
272,44.200865,6.0
273,75.795053,6.0
274,51.124665,6.0
275,38.432402,6.0
276,100.551785,6.0
277,50.070611,6.0
278,71.878194,6.0
279,135.210467,6.0
280,118.43362,6.0
281,64.730338,6.0
282,88.850366,6.0
283,78.875055,6.0
284,1.450155,6.0
285,116.910309,6.0
286,95.476148,6.0
287,126.745653,6.0
288,113.158013,6.0
289,66.905378,6.0
290,29.565761,6.0
291,118.179864,6.0
292,95.83911,6.0
293,67.66238,6.0
294,92.587383,6.0
295,126.04589,6.0
296,112.783703,6.0
297,-42.726552,6.0
298,73.187159,6.0
299,95.433776,6.0
300,55.023068,6.0
301,83.105738,6.0
302,70.706169,6.0
303,114.67436,6.0
304,104.0463,6.0
305,94.74214,6.0
306,23.125196,6.0
307,107.387228,6.0
308,40.640053,6.0
309,68.876062,6.0
310,65.667392,6.0
311,97.558602,6.0
312,117.734315,6.0
313,85.784224,6.0
314,42.180723,6.0
315,136.064696,6.0
316,31.548173,6.0
317,98.046524,6.0
318,173.213362,6.0
319,64.665378,6.0
320,109.440062,6.0
321,85.838766,6.0
322,16.529702,6.0
323,91.250992,6.0
324,138.165744,6.0
325,96.27861,6.0
326,73.058036,6.0
327,67.637453,6.0
328,106.896939,6.0
329,52.554243,6.0
330,114.509997,6.0
331,117.666547,6.0
332,25.95147,6.0
333,74.205262,6.0
334,121.277201,6.0
335,128.876319,6.0
336,80.173378,6.0
337,79.370281,6.0
338,145.674611,6.0
339,77.302907,6.0
340,58.92395,6.0
341,96.848315,6.0
342,4.938008,6.0
343,65.405161,6.0
344,111.999433,6.0
345,81.399684,6.0
346,23.420852,6.0
347,35.448622,6.0
348,108.844638,6.0
349,70.14419,6.0
350,111.717531,6.0
351,86.620155,6.0
352,90.960166,6.0
353,72.915168,6.0
354,164.46544,6.0
355,78.846372,6.0
356,133.924136,6.0
357,113.630923,6.0
358,131.016994,6.0
359,46.126156,6.0
360,-5.913637,6.0
361,66.461497,6.0
362,28.375388,6.0
363,87.476412,6.0
364,118.217456,6.0
365,36.470714,6.0
366,36.948828,6.0
367,135.010419,6.0
368,68.309937,6.0
369,112.413125,6.0
370,13.739688,6.0
371,95.002443,6.0
372,76.931004,6.0
373,-13.974145,6.0
374,118.974174,6.0
375,63.855753,6.0
376,44.113939,6.0
377,174.791106,6.0
378,40.274747,6.0
379,47.560569,6.0
380,50.613193,6.0
381,86.234842,6.0
382,76.976788,6.0
383,50.033979,6.0
384,50.0491,6.0
385,84.217524,6.0
386,104.21132,6.0
387,86.404389,6.0
388,100.604772,6.0
389,58.674269,6.0
390,128.619146,6.0
391,46.056899,6.0
392,22.526191,6.0
393,48.177152,6.0
394,30.517487,6.0
395,38.799003,6.0
396,78.516775,6.0
397,54.900356,6.0
398,90.113336,6.0
399,74.162976,6.0
400,95.784554,6.0
401,180.685269,6.0
402,40.919276,6.0
403,30.580599,6.0
404,144.710731,6.0
405,133.732375,6.0
406,94.978901,6.0
407,19.386697,6.0
408,104.504005,6.0
409,48.891015,6.0
410,90.105776,6.0
411,196.675227,6.0
412,63.625777,6.0
413,48.05348,6.0
414,75.57703,6.0
415,125.714162,6.0
416,58.669154,6.0
417,268.752896,6.0
418,69.704074,6.0
419,129.143923,6.0
420,54.726835,6.0
421,11.396099,6.0
422,73.684099,6.0
423,34.54385,6.0
424,54.53909,6.0
425,102.520543,6.0
426,92.205654,6.0
427,90.923817,6.0
428,178.717067,6.0
429,119.051378,6.0
430,129.176302,6.0
431,105.896855,6.0
432,107.80507,6.0
433,33.884016,6.0
434,53.904801,6.0
435,23.382999,6.0
436,113.997171,6.0
437,55.917537,6.0
438,32.443538,6.0
439,134.12178,6.0
440,103.480479,6.0
441,112.6616,6.0
442,73.592056,6.0
443,70.633201,6.0
444,67.362758,6.0
445,63.792752,6.0
446,136.517596,6.0
447,127.684019,6.0
448,37.637707,6.0
449,40.662134,6.0
450,109.373941,6.0
451,51.912009,6.0
452,93.09997,6.0
453,59.840579,6.0
454,78.406205,6.0
455,7.583319,6.0
456,54.630747,6.0
457,110.819376,6.0
458,88.972151,6.0
459,125.160493,6.0
460,157.327684,6.0
461,52.522767,6.0
462,96.733083,6.0
463,35.113603,6.0
464,72.02111,6.0
465,75.483327,6.0
466,76.107068,6.0
467,132.352688,6.0
468,105.264089,6.0
469,58.732467,6.0
470,122.535388,6.0
471,89.694002,6.0
472,4.506279,6.0
473,112.004875,6.0
474,92.241873,6.0
475,68.185323,6.0
476,-2.659729,6.0
477,81.737236,6.0
478,145.909875,6.0
479,93.179722,6.0
480,20.459043,6.0
481,37.513727,6.0
482,95.473885,6.0
483,115.817065,6.0
484,88.259877,6.0
485,126.676756,6.0
486,7.58563,6.0
487,31.971333,6.0
488,35.206482,6.0
489,160.709535,6.0
490,95.630943,6.0
491,5.071079,6.0
492,105.658167,6.0
493,41.83996,6.0
494,135.95332,6.0
495,46.281907,6.0
496,12.013811,6.0
497,127.599722,6.0
498,36.724482,6.0
499,54.60128,6.0
500,114.498744,6.0
501,57.997249,6.0
502,45.632959,6.0
503,18.611032,6.0
504,164.245797,6.0
505,104.125294,6.0
506,143.279703,6.0
507,54.847909,6.0
508,92.257826,6.0
509,24.728274,6.0
510,32.55738,6.0
511,106.873126,6.0
512,68.341874,6.0
513,107.88085,6.0
514,76.497282,6.0
515,14.116514,6.0
516,82.764804,6.0
517,126.771279,6.0
518,84.604638,6.0
519,29.829016,6.0
520,113.745172,6.0
521,63.204684,6.0
522,41.065607,6.0
523,170.683327,6.0
524,90.16441,6.0
525,137.397136,6.0
526,57.821109,6.0
527,95.968822,6.0
528,74.817859,6.0
529,49.332375,6.0
530,69.937012,6.0
531,75.39699,6.0
532,12.70632,6.0
533,59.809894,6.0
534,24.8172,6.0
535,116.540252,6.0
536,142.429382,6.0
537,45.523597,6.0
538,109.095423,6.0
539,34.255544,6.0
540,95.433382,6.0
541,72.422565,6.0
542,88.617863,6.0
543,87.304832,6.0
544,28.398061,6.0
545,54.578182,6.0
546,112.415411,6.0
547,99.372073,6.0
548,39.905726,6.0
549,65.794646,6.0
550,88.842053,6.0
551,118.980008,6.0
552,92.350184,6.0
553,35.002094,6.0
554,41.579063,6.0
555,57.455077,6.0
556,74.713102,6.0
557,120.801987,6.0
558,22.818191,6.0
559,137.610491,6.0
560,103.446846,6.0
561,106.139146,6.0
562,120.280001,6.0
563,61.89898,6.0
564,46.868529,6.0
565,147.505152,6.0
566,128.338744,6.0
567,18.973419,6.0
568,182.507812,6.0
569,209.221388,6.0
570,61.694586,6.0
571,71.900025,6.0
572,111.648073,6.0
573,103.432682,6.0
574,136.083354,6.0
575,75.987449,6.0
576,66.039642,6.0
577,147.724983,6.0
578,83.541635,6.0
579,101.402338,6.0
580,52.007817,6.0
581,122.557127,6.0
582,78.000241,6.0
583,75.044657,6.0
584,18.917211,6.0
585,43.570949,6.0
586,184.456365,6.0
587,61.622107,6.0
588,37.57033,6.0
589,17.669756,6.0
590,169.671854,6.0
591,103.947391,6.0
592,88.648535,6.0
593,40.715731,6.0
594,107.461688,6.0
595,108.490503,6.0
596,52.033873,6.0
597,26.490874,6.0
598,119.831428,6.0
599,143.951492,6.0
600,6.507548,6.0
601,105.585115,6.0
602,102.443485,6.0
603,53.316993,6.0
604,103.384842,6.0
605,66.836985,6.0
606,94.592245,6.0
607,109.019721,6.0
608,54.301319,6.0
609,108.339728,6.0
610,70.791646,6.0
611,10.844948,6.0
612,25.993271,6.0
613,112.717267,6.0
614,97.061415,6.0
615,46.670266,6.0
616,36.516713,6.0
617,65.783372,6.0
618,98.15681,6.0
619,82.420542,6.0
620,128.847579,6.0
621,47.937215,6.0
622,110.329586,6.0
623,182.399528,6.0
624,142.67237,6.0
625,144.107585,6.0
626,101.579018,6.0
627,51.734899,6.0
628,85.111745,6.0
629,51.108294,6.0
630,88.523943,6.0
631,123.447807,6.0
632,3.186451,6.0
633,91.521166,6.0
634,77.002377,6.0
635,84.825339,6.0
636,92.942578,6.0
637,64.548972,6.0
638,95.47601,6.0
639,110.920831,6.0
640,18.777076,6.0
641,100.242671,6.0
642,23.074075,6.0
643,34.396907,6.0
644,54.487418,6.0
645,69.165492,6.0
646,50.786321,6.0
647,152.936049,6.0
648,58.14634,6.0
649,49.115015,6.0
650,89.740455,6.0
651,57.98097,6.0
652,51.999736,6.0
653,44.209004,6.0
654,59.69188,6.0
655,34.957434,6.0
656,80.10704,6.0
657,100.482693,6.0
658,119.573172,6.0
659,78.590521,6.0
660,55.515093,6.0
661,78.752605,6.0
662,152.553743,6.0
663,104.523687,6.0
664,140.617775,6.0
665,21.942597,6.0
666,74.108497,6.0
667,79.715701,6.0
668,87.191123,6.0
669,81.848078,6.0
670,3.037644,6.0
671,182.196558,6.0
672,84.898042,6.0
673,191.92177,6.0
674,40.352433,6.0
675,18.101352,6.0
676,78.497256,6.0
677,23.332172,6.0
678,56.509124,6.0
679,75.736711,6.0
680,44.122549,6.0
681,54.274485,6.0
682,39.717004,6.0
683,49.188067,6.0
684,57.29541,6.0
685,-4.695527,6.0
686,164.666797,6.0
687,99.279476,6.0
688,72.606965,6.0
689,101.901246,6.0
690,67.269806,6.0
691,122.410589,6.0
692,63.523013,6.0
693,27.096619,6.0
694,51.917175,6.0
695,48.340756,6.0
696,118.86669,6.0
697,65.68642,6.0
698,21.167351,6.0
699,68.962417,6.0
700,20.258983,6.0
701,29.002063,6.0
702,90.885653,6.0
703,204.481896,6.0
704,133.525405,6.0
705,81.089397,6.0
706,50.305147,6.0
707,44.121721,6.0
708,69.624073,6.0
709,132.955112,6.0
710,63.94015,6.0
711,106.676057,6.0
712,90.216816,6.0
713,86.900465,6.0
714,34.379136,6.0
715,12.925747,6.0
716,75.62264,6.0
717,128.830775,6.0
718,109.182285,6.0
719,32.265302,6.0
720,85.98811,6.0
721,80.503017,6.0
722,26.07362,6.0
723,85.268202,6.0
724,18.240836,6.0
725,38.052505,6.0
726,54.222981,6.0
727,123.213553,6.0
728,126.440855,6.0
729,28.023599,6.0
730,84.955258,6.0
731,54.018854,6.0
732,69.030497,6.0
733,82.95293,6.0
734,53.313541,6.0
735,50.453084,6.0
736,107.02103,6.0
737,77.590649,6.0
738,73.002304,6.0
739,83.582465,6.0
740,91.061573,6.0
741,79.736104,6.0
742,73.609962,6.0
743,96.400827,6.0
744,75.144419,6.0
745,59.516774,6.0
746,66.503432,6.0
747,107.672442,6.0
748,38.201473,6.0
749,46.235277,6.0
750,87.925771,6.0
751,48.728189,6.0
752,163.803447,6.0
753,45.242767,6.0
754,99.254121,6.0
755,42.440595,6.0
756,67.650395,6.0
757,-26.661196,6.0
758,175.319029,6.0
759,68.454188,6.0
760,147.386542,6.0
761,81.345924,6.0
762,37.995651,6.0
763,134.259499,6.0
764,-4.494404,6.0
765,43.777075,6.0
766,76.162344,6.0
767,79.351707,6.0
768,8.467729,6.0
769,27.923631,6.0
770,106.492039,6.0
771,88.374143,6.0
772,126.462148,6.0
773,53.86219,6.0
774,82.928639,6.0
775,76.973909,6.0
776,19.560828,6.0
777,32.343492,6.0
778,51.240625,6.0
779,81.875531,6.0
780,124.795994,6.0
781,118.463289,6.0
782,98.926556,6.0
783,91.509369,6.0
784,179.851097,6.0
785,59.160564,6.0
786,92.380927,6.0
787,119.763145,6.0
788,71.582853,6.0
789,54.066036,6.0
790,31.196289,6.0
791,134.840306,6.0
792,61.400197,6.0
793,71.089567,6.0
794,114.199495,6.0
795,151.799241,6.0
796,62.769947,6.0
797,50.164659,6.0
798,16.550765,6.0
799,60.411687,6.0
800,112.833264,6.0
801,81.338742,6.0
802,66.359948,6.0
803,76.541268,6.0
804,92.751404,6.0
805,145.045072,6.0
806,39.54198,6.0
807,22.619997,6.0
808,5.830094,6.0
809,39.374528,6.0
810,2.186925,6.0
811,100.395618,6.0
812,103.57595,6.0
813,111.560723,6.0
814,77.237302,6.0
815,116.429085,6.0
816,128.870592,6.0
817,90.973066,6.0
818,79.220945,6.0
819,41.088507,6.0
820,94.779456,6.0
821,66.650024,6.0
822,34.522071,6.0
823,48.134434,6.0
824,133.869307,6.0
825,90.273918,6.0
826,136.606871,6.0
827,114.37843,6.0
828,54.035374,6.0
829,84.216958,6.0
830,28.649123,6.0
831,17.114159,6.0
832,26.108272,6.0
833,50.857452,6.0
834,92.870617,6.0
835,83.173021,6.0
836,88.223469,6.0
837,42.428592,6.0
838,86.423039,6.0
839,127.421581,6.0
840,92.689867,6.0
841,114.252121,6.0
842,104.640287,6.0
843,51.213492,6.0
844,132.78448,6.0
845,81.763196,6.0
846,63.610195,6.0
847,81.105495,6.0
848,86.895425,6.0
849,51.918138,6.0
850,71.267886,6.0
851,40.472289,6.0
852,83.487765,6.0
853,73.657917,6.0
854,79.747269,6.0
855,75.473908,6.0
856,112.287291,6.0
857,-7.031412,6.0
858,125.202137,6.0
859,77.324138,6.0
860,54.841794,6.0
861,109.063459,6.0
862,105.053719,6.0
863,99.185939,6.0
864,59.881361,6.0
865,61.421009,6.0
866,35.595917,6.0
867,78.447947,6.0
868,61.903638,6.0
869,16.553347,6.0
870,58.884077,6.0
871,89.185897,6.0
872,71.61739,6.0
873,79.521444,6.0
874,75.036287,6.0
875,20.773955,6.0
876,106.964894,6.0
877,84.947131,6.0
878,57.600811,6.0
879,103.409663,6.0
880,150.018447,6.0
881,55.868271,6.0
882,130.108247,6.0
883,144.420613,6.0
884,132.400795,6.0
885,55.682525,6.0
886,5.465435,6.0
887,102.274799,6.0
888,10.811782,6.0
889,53.245054,6.0
890,54.282731,6.0
891,39.743806,6.0
892,56.92842,6.0
893,92.263654,6.0
894,20.394451,6.0
895,88.319171,6.0
896,180.411972,6.0
897,160.012875,6.0
898,65.865328,6.0
899,46.052018,6.0
900,112.78086,6.0
901,65.788848,6.0
902,91.352757,6.0
903,99.507618,6.0
904,81.797826,6.0
905,42.611625,6.0
906,-30.926227,6.0
907,161.081025,6.0
908,59.78567,6.0
909,44.064889,6.0
910,97.094494,6.0
911,121.173268,6.0
912,44.915457,6.0
913,47.793311,6.0
914,118.259446,6.0
915,154.341183,6.0
916,130.162369,6.0
917,87.800376,6.0
918,99.202101,6.0
919,162.813868,6.0
920,88.287588,6.0
921,21.89585,6.0
922,83.21632,6.0
923,132.581474,6.0
924,107.289452,6.0
925,25.657089,6.0
926,168.214829,6.0
927,136.761667,6.0
928,23.053019,6.0
929,63.274316,6.0
930,70.03401,6.0
931,76.655166,6.0
932,117.473549,6.0
933,22.884053,6.0
934,102.361659,6.0
935,22.953262,6.0
936,66.551413,6.0
937,111.914726,6.0
938,79.576045,6.0
939,35.556198,6.0
940,48.718972,6.0
941,66.391557,6.0
942,56.053253,6.0
943,26.081832,6.0
944,-16.393431,6.0
945,100.517053,6.0
946,118.324015,6.0
947,21.032015,6.0
948,109.740524,6.0
949,90.567187,6.0
950,17.206619,6.0
951,39.069232,6.0
952,109.209701,6.0
953,86.530923,6.0
954,31.586451,6.0
955,172.280019,6.0
956,36.361597,6.0
957,85.388871,6.0
958,56.721452,6.0
959,99.094413,6.0
960,43.52092,6.0
961,153.187373,6.0
962,79.624714,6.0
963,193.766239,6.0
964,117.739383,6.0
965,40.459345,6.0
966,115.409975,6.0
967,154.471491,6.0
968,135.799686,6.0
969,74.780391,6.0
970,30.201837,6.0
971,54.841397,6.0
972,60.861412,6.0
973,114.936934,6.0
974,44.373256,6.0
975,80.042812,6.0
976,65.335807,6.0
977,136.125285,6.0
978,58.647295,6.0
979,30.171883,6.0
980,159.295142,6.0
981,56.970139,6.0
982,36.872972,6.0
983,121.400263,6.0
984,129.808032,6.0
985,41.364214,6.0
986,61.250138,6.0
987,-1.848432,6.0
988,27.934873,6.0
989,21.960848,6.0
990,98.987574,6.0
991,103.067319,6.0
992,89.227379,6.0
993,73.194099,6.0
994,112.715758,6.0
995,60.892649,6.0
996,110.362996,6.0
997,140.921898,6.0
998,55.342093,6.0
999,35.066302,6.0
1000,125.448288,6.0
1001,19.450705,6.0
1002,102.831401,6.0
1003,161.710183,6.0
1004,103.456069,6.0
1005,52.919021,6.0
1006,94.788994,6.0
1007,114.660863,6.0
1008,86.634284,6.0
1009,75.567034,6.0
1010,211.148389,6.0
1011,19.059121,6.0
1012,164.809188,6.0
1013,81.586536,6.0
1014,45.426594,6.0
1015,42.580519,6.0
1016,135.870352,6.0
1017,-7.184244,6.0
1018,2.518394,6.0
1019,85.803077,6.0
1020,64.672181,6.0
1021,103.534235,6.0
1022,8.142218,6.0
1023,128.342111,6.0
1024,62.616315,6.0
1025,89.365012,6.0
1026,86.388438,6.0
1027,80.926101,6.0
1028,96.208103,6.0
1029,54.255332,6.0
1030,77.872697,6.0
1031,29.789244,6.0
1032,154.687932,6.0
1033,94.452238,6.0
1034,48.485399,6.0
1035,97.535037,6.0
1036,183.153409,6.0
1037,164.645624,6.0
1038,72.554056,6.0
1039,156.438717,6.0
1040,152.854006,6.0
1041,40.415894,6.0
1042,71.155585,6.0
1043,94.045091,6.0
1044,60.682594,6.0
1045,74.001038,6.0
1046,23.333178,6.0
1047,163.413104,6.0
1048,48.278373,6.0
1049,39.154314,6.0
1050,96.563056,6.0
1051,68.735583,6.0
1052,44.478789,6.0
1053,92.015819,6.0
1054,100.951306,6.0
1055,140.41607,6.0
1056,83.330048,6.0
1057,86.336298,6.0
1058,128.480607,6.0
1059,52.003551,6.0
1060,138.335677,6.0
1061,54.681995,6.0
1062,31.998488,6.0
1063,64.694188,6.0
1064,136.582471,6.0
1065,111.316239,6.0
1066,102.461408,6.0
1067,84.604428,6.0
1068,55.739005,6.0
1069,88.468125,6.0
1070,42.626593,6.0
1071,98.459118,6.0
1072,78.448965,6.0
1073,46.105977,6.0
1074,60.682115,6.0
1075,69.215802,6.0
1076,44.720856,6.0
1077,110.340531,6.0
1078,38.892427,6.0
1079,211.44048,6.0
1080,82.625233,6.0
1081,39.064192,6.0
1082,98.310941,6.0
1083,156.725937,6.0
1084,77.328418,6.0
1085,91.490662,6.0
1086,46.337983,6.0
1087,97.305751,6.0
1088,186.963123,6.0
1089,123.058785,6.0
1090,94.878946,6.0
1091,94.840217,6.0
1092,151.290985,6.0
1093,14.63821,6.0
1094,17.768649,6.0
1095,92.721175,6.0
1096,53.787227,6.0
1097,97.132457,6.0
1098,96.606038,6.0
1099,37.172924,6.0
1100,119.121765,6.0
1101,115.642851,6.0
1102,51.949631,6.0
1103,125.725263,6.0
1104,82.983341,6.0
1105,51.466176,6.0
1106,49.603193,6.0
1107,51.133808,6.0
1108,91.973179,6.0
1109,10.109026,6.0
1110,46.48192,6.0
1111,93.479315,6.0
1112,38.568601,6.0
1113,72.06982,6.0
1114,150.290794,6.0
1115,84.770468,6.0
1116,91.86709,6.0
1117,53.843841,6.0
1118,23.321696,6.0
1119,79.546915,6.0
1120,117.079,6.0
1121,141.861372,6.0
1122,66.652399,6.0
1123,95.893893,6.0
1124,132.136672,6.0
1125,58.936779,6.0
1126,42.604229,6.0
1127,60.99113,6.0
1128,128.460006,6.0
1129,110.652317,6.0
1130,71.378823,6.0
1131,124.252634,6.0
1132,70.62987,6.0
1133,71.956891,6.0
1134,21.938065,6.0
1135,42.881084,6.0
1136,51.013492,6.0
1137,35.123305,6.0
1138,104.712634,6.0
1139,8.352476,6.0
1140,130.48482,6.0
1141,243.270116,6.0
1142,77.746534,6.0
1143,18.722634,6.0
1144,68.256847,6.0
1145,26.68212,6.0
1146,40.868204,6.0
1147,84.875978,6.0
1148,89.60996,6.0
1149,118.034087,6.0
1150,120.801595,6.0
1151,102.411726,6.0
1152,93.955621,6.0
1153,79.662172,6.0
1154,-7.694525,6.0
1155,62.383454,6.0
1156,96.222329,6.0
1157,105.067003,6.0
1158,61.901857,6.0
1159,-2.442804,6.0
1160,19.411622,6.0
1161,19.914356,6.0
1162,78.130515,6.0
1163,95.643928,6.0
1164,91.629398,6.0
1165,85.138611,6.0
1166,82.110933,6.0
1167,152.132337,6.0
1168,89.479102,6.0
1169,69.694798,6.0
1170,47.333404,6.0
1171,96.089447,6.0
1172,-5.580918,6.0
1173,18.115624,6.0
1174,8.674167,6.0
1175,81.786179,6.0
1176,179.7428,6.0
1177,79.620276,6.0
1178,91.440296,6.0
1179,60.685121,6.0
1180,12.537893,6.0
1181,70.533882,6.0
1182,80.785775,6.0
1183,69.912171,6.0
1184,88.202247,6.0
1185,57.26033,6.0
1186,7.462975,6.0
1187,84.26254,6.0
1188,53.919332,6.0
1189,35.639022,6.0
1190,117.311669,6.0
1191,26.223036,6.0
1192,61.205246,6.0
1193,30.543345,6.0
1194,48.232021,6.0
1195,83.259216,6.0
1196,66.548694,6.0
1197,88.915474,6.0
1198,-15.751695,6.0
1199,98.723153,6.0
1200,134.140758,6.0
1201,97.794344,6.0
1202,31.941511,6.0
1203,36.889082,6.0
1204,66.988323,6.0
1205,81.555662,6.0
1206,108.256612,6.0
1207,137.246737,6.0
1208,129.76821,6.0
1209,39.669653,6.0
1210,59.093758,6.0
1211,47.2844,6.0
1212,101.633577,6.0
1213,169.868471,6.0
1214,71.619062,6.0
1215,163.023858,6.0
1216,32.149872,6.0
1217,32.37442,6.0
1218,107.148539,6.0
1219,108.670882,6.0
1220,68.726339,6.0
1221,156.803386,6.0
1222,109.557425,6.0
1223,36.921,6.0
1224,110.461172,6.0
1225,119.698118,6.0
1226,63.878616,6.0
1227,65.489738,6.0
1228,54.75075,6.0
1229,123.360687,6.0
1230,125.502383,6.0
1231,107.49192,6.0
1232,63.755657,6.0
1233,60.1713,6.0
1234,-0.247862,6.0
1235,179.646543,6.0
1236,53.050623,6.0
1237,74.534612,6.0
1238,72.254954,6.0
1239,53.571955,6.0
1240,-21.553917,6.0
1241,91.825072,6.0
1242,111.833991,6.0
1243,60.187439,6.0
1244,108.922091,6.0
1245,142.54599,6.0
1246,71.595249,6.0
1247,107.580101,6.0
1248,23.880676,6.0
1249,99.464457,6.0
1250,49.951451,6.0
1251,188.834564,6.0
1252,57.545301,6.0
1253,105.748706,6.0
1254,24.52648,6.0
1255,180.58497,6.0
1256,2.267531,6.0
1257,95.022069,6.0
1258,116.02916,6.0
1259,139.728175,6.0
1260,112.124773,6.0
1261,81.576532,6.0
1262,69.794576,6.0
1263,34.212362,6.0
1264,152.123795,6.0
1265,95.316903,6.0
1266,49.694636,6.0
1267,65.083257,6.0
1268,80.501901,6.0
1269,103.852856,6.0
1270,75.979003,6.0
1271,89.291937,6.0
1272,61.836965,6.0
1273,45.601477,6.0
1274,66.85718,6.0
1275,6.488252,6.0
1276,101.684842,6.0
1277,170.818794,6.0
1278,110.239581,6.0
1279,8.333023,6.0
1280,57.676624,6.0
1281,68.807501,6.0
1282,64.789861,6.0
1283,4.774113,6.0
1284,98.971341,6.0
1285,27.607846,6.0
1286,71.326855,6.0
1287,18.05569,6.0
1288,29.763253,6.0
1289,51.860282,6.0
1290,83.510397,6.0
1291,34.483114,6.0
1292,25.724274,6.0
1293,66.630188,6.0
1294,129.899574,6.0
1295,54.304289,6.0
1296,71.629242,6.0
1297,42.430455,6.0
1298,89.089012,6.0
1299,25.207727,6.0
1300,149.566949,6.0
1301,86.394342,6.0
1302,108.930802,6.0
1303,114.318218,6.0
1304,75.573944,6.0
1305,118.945562,6.0
1306,104.542842,6.0
1307,35.873598,6.0
1308,40.376939,6.0
1309,120.37918,6.0
1310,75.721556,6.0
1311,84.22637,6.0
1312,31.974295,6.0
1313,92.484261,6.0
1314,73.453793,6.0
1315,29.331921,6.0
1316,41.210406,6.0
1317,105.016857,6.0
1318,94.090153,6.0
1319,35.286626,6.0
1320,57.580557,6.0
1321,44.521257,6.0
1322,88.086677,6.0
1323,155.770673,6.0
1324,148.682002,6.0
1325,97.370641,6.0
1326,61.287859,6.0
1327,56.363728,6.0
1328,27.410789,6.0
1329,86.379963,6.0
1330,31.491588,6.0
1331,48.950277,6.0
1332,56.201637,6.0
1333,84.989869,6.0
1334,32.624781,6.0
1335,80.833254,6.0
1336,59.683193,6.0
1337,13.358722,6.0
1338,42.445649,6.0
1339,97.706149,6.0
1340,178.356522,6.0
1341,50.767639,6.0
1342,113.03417,6.0
1343,81.522324,6.0
1344,106.950161,6.0
1345,139.379293,6.0
1346,155.928889,6.0
1347,23.179151,6.0
1348,59.949843,6.0
1349,2.637684,6.0
1350,-10.665333,6.0
1351,137.401179,6.0
1352,137.088761,6.0
1353,52.863568,6.0
1354,49.876167,6.0
1355,48.535688,6.0
1356,88.725634,6.0
1357,108.032495,6.0
1358,126.374846,6.0
1359,64.811472,6.0
1360,4.188431,6.0
1361,208.918647,6.0
1362,153.699996,6.0
1363,49.957637,6.0
1364,64.161578,6.0
1365,138.859473,6.0
1366,141.580268,6.0
1367,22.302549,6.0
1368,74.014114,6.0
1369,64.560579,6.0
1370,115.096854,6.0
1371,37.572727,6.0
1372,52.21818,6.0
1373,97.661752,6.0
1374,64.041459,6.0
1375,92.746111,6.0
1376,80.306968,6.0
1377,38.697192,6.0
1378,47.881725,6.0
1379,7.543903,6.0
1380,155.800984,6.0
1381,60.675303,6.0
1382,137.065352,6.0
1383,50.628277,6.0
1384,44.254211,6.0
1385,86.03376,6.0
1386,72.605706,6.0
1387,146.493971,6.0
1388,85.578273,6.0
1389,85.250466,6.0
1390,73.845241,6.0
1391,129.673506,6.0
1392,121.685875,6.0
1393,95.039723,6.0
1394,75.179807,6.0
1395,121.212835,6.0
1396,117.644559,6.0
1397,26.252008,6.0
1398,92.921254,6.0
1399,32.060054,6.0
1400,103.337781,6.0
1401,112.216488,6.0
1402,120.131273,6.0
1403,47.538956,6.0
1404,65.527256,6.0
1405,46.528361,6.0
1406,47.359774,6.0
1407,145.31131,6.0
1408,83.969013,6.0
1409,113.818776,6.0
1410,143.296391,6.0
1411,118.54122,6.0
1412,132.920015,6.0
1413,78.957664,6.0
1414,63.550589,6.0
1415,72.779385,6.0
1416,5.075791,6.0
1417,108.579348,6.0
1418,113.560073,6.0
1419,68.402083,6.0
1420,69.535696,6.0
1421,72.250247,6.0
1422,137.398632,6.0
1423,43.69997,6.0
1424,138.269902,6.0
1425,80.57305,6.0
1426,45.058909,6.0
1427,78.625473,6.0
1428,17.730921,6.0
1429,60.390379,6.0
1430,8.548412,6.0
1431,71.321085,6.0
1432,22.997122,6.0
1433,40.38301,6.0
1434,11.883124,6.0
1435,109.058277,6.0
1436,141.243094,6.0
1437,140.685188,6.0
1438,109.909027,6.0
1439,14.557203,6.0
1440,107.685633,6.0
1441,90.545006,6.0
1442,126.846455,6.0
1443,57.208144,6.0
1444,111.890266,6.0
1445,66.378536,6.0
1446,-7.854601,6.0
1447,54.086888,6.0
1448,82.863827,6.0
1449,132.304529,6.0
1450,47.126464,6.0
1451,106.511155,6.0
1452,65.748815,6.0
1453,90.652847,6.0
1454,47.313304,6.0
1455,153.10191,6.0
1456,37.689368,6.0
1457,130.967555,6.0
1458,61.551599,6.0
1459,57.378488,6.0
1460,89.529512,6.0
1461,81.287231,6.0
1462,80.001748,6.0
1463,76.631846,6.0
1464,103.884598,6.0
1465,41.263691,6.0
1466,107.806131,6.0
1467,77.868128,6.0
1468,100.179037,6.0
1469,79.803164,6.0
1470,43.726757,6.0
1471,51.965177,6.0
1472,141.100634,6.0
1473,76.221558,6.0
1474,41.985042,6.0
1475,25.591791,6.0
1476,120.005581,6.0
1477,72.124062,6.0
1478,8.807609,6.0
1479,59.094137,6.0
1480,44.804882,6.0
1481,72.67482,6.0
1482,150.962463,6.0
1483,116.652191,6.0
1484,65.815687,6.0
1485,107.009419,6.0
1486,77.611659,6.0
1487,64.41301,6.0
1488,122.648813,6.0
1489,92.11971,6.0
1490,90.076055,6.0
1491,76.30362,6.0
1492,104.78531,6.0
1493,126.114063,6.0
1494,84.247341,6.0
1495,11.470387,6.0
1496,13.896882,6.0
1497,119.184962,6.0
1498,206.486389,6.0
1499,115.002603,6.0
1500,78.468473,6.0
1501,52.678699,6.0
1502,60.663068,6.0
1503,55.166008,6.0
1504,75.181255,6.0
1505,193.129234,6.0
1506,102.438443,6.0
1507,51.566976,6.0
1508,79.53673,6.0
1509,52.568211,6.0
1510,32.620357,6.0
1511,66.524877,6.0
1512,86.053634,6.0
1513,-1.455718,6.0
1514,74.904897,6.0
1515,110.837344,6.0
1516,86.228148,6.0
1517,82.441497,6.0
1518,13.066412,6.0
1519,54.392036,6.0
1520,59.243353,6.0
1521,139.912659,6.0
1522,115.176067,6.0
1523,108.51109,6.0
1524,16.891556,6.0
1525,143.467208,6.0
1526,51.44131,6.0
1527,120.133156,6.0
1528,60.997464,6.0
1529,96.113248,6.0
1530,-46.653519,6.0
1531,134.385731,6.0
1532,154.445561,6.0
1533,78.285894,6.0
1534,54.146348,6.0
1535,122.67181,6.0
1536,167.545118,6.0
1537,111.947953,6.0
1538,51.077493,6.0
1539,81.757179,6.0
1540,181.205958,6.0
1541,83.173481,6.0
1542,52.826923,6.0
1543,56.419516,6.0
1544,103.347733,6.0
1545,46.286786,6.0
1546,105.645733,6.0
1547,103.862366,6.0
1548,65.536115,6.0
1549,115.282814,6.0
1550,148.26137,6.0
1551,135.615679,6.0
1552,20.629129,6.0
1553,141.562141,6.0
1554,84.295498,6.0
1555,13.984512,6.0
1556,114.477169,6.0
1557,46.798961,6.0
1558,16.184728,6.0
1559,161.892296,6.0
1560,68.043794,6.0
1561,125.877635,6.0
1562,80.073061,6.0
1563,122.818288,6.0
1564,111.335044,6.0
1565,175.380586,6.0
1566,69.328312,6.0
1567,68.355504,6.0
1568,96.10625,6.0
1569,133.791402,6.0
1570,116.331971,6.0
1571,-5.248663,6.0
1572,122.751675,6.0
1573,114.765179,6.0
1574,76.033068,6.0
1575,181.509032,6.0
1576,72.520497,6.0
1577,142.45029,6.0
1578,75.267227,6.0
1579,129.684372,6.0
1580,25.069429,6.0
1581,67.006245,6.0
1582,129.811855,6.0
1583,42.108979,6.0
1584,80.198736,6.0
1585,30.187307,6.0
1586,80.558371,6.0
1587,52.848838,6.0
1588,119.377812,6.0
1589,119.737386,6.0
1590,122.631276,6.0
1591,91.108722,6.0
1592,6.8177,6.0
1593,75.12586,6.0
1594,39.680916,6.0
1595,88.258823,6.0
1596,4.589206,6.0
1597,109.078464,6.0
1598,26.1485,6.0
1599,120.571121,6.0
1600,-3.972094,6.0
1601,40.234887,6.0
1602,28.147423,6.0
1603,125.775236,6.0
1604,16.458411,6.0
1605,69.550904,6.0
1606,97.74138,6.0
1607,68.153046,6.0
1608,85.198111,6.0
1609,24.584989,6.0
1610,124.955541,6.0
1611,101.334754,6.0
1612,94.481236,6.0
1613,79.076179,6.0
1614,29.919472,6.0
1615,10.896971,6.0
1616,78.098122,6.0
1617,103.053893,6.0
1618,81.853532,6.0
1619,160.028833,6.0
1620,52.659658,6.0
1621,85.813952,6.0
1622,109.153539,6.0
1623,7.38988,6.0
1624,60.261404,6.0
1625,129.038556,6.0
1626,31.423242,6.0
1627,10.561007,6.0
1628,108.544562,6.0
1629,70.470813,6.0
1630,76.751434,6.0
1631,-13.73523,6.0
1632,34.837234,6.0
1633,50.848612,6.0
1634,63.692172,6.0
1635,71.622687,6.0
1636,87.378767,6.0
1637,87.411968,6.0
1638,110.322768,6.0
1639,94.199558,6.0
1640,77.497776,6.0
1641,57.811974,6.0
1642,62.519175,6.0
1643,150.843742,6.0
1644,128.00411,6.0
1645,47.599871,6.0
1646,173.172384,6.0
1647,94.274336,6.0
1648,78.518966,6.0
1649,185.399829,6.0
1650,20.821632,6.0
1651,42.512209,6.0
1652,47.861831,6.0
1653,16.741285,6.0
1654,29.084812,6.0
1655,26.425309,6.0
1656,91.129532,6.0
1657,84.114985,6.0
1658,122.485293,6.0
1659,39.391302,6.0
1660,113.084815,6.0
1661,76.670248,6.0
1662,65.969717,6.0
1663,94.248827,6.0
1664,58.775372,6.0
1665,121.288224,6.0
1666,70.759832,6.0
1667,67.927495,6.0
1668,80.039957,6.0
1669,91.144735,6.0
1670,93.732671,6.0
1671,174.517564,6.0
1672,84.669011,6.0
1673,65.974297,6.0
1674,93.331221,6.0
1675,23.294728,6.0
1676,61.708366,6.0
1677,8.924432,6.0
1678,82.299733,6.0
1679,33.958273,6.0
1680,104.439771,6.0
1681,60.614395,6.0
1682,24.25003,6.0
1683,15.264122,6.0
1684,86.526416,6.0
1685,137.11659,6.0
1686,44.753847,6.0
1687,104.200806,6.0
1688,86.471476,6.0
1689,49.730941,6.0
1690,30.167915,6.0
1691,48.601614,6.0
1692,-3.01718,6.0
1693,28.101942,6.0
1694,74.123578,6.0
1695,71.753173,6.0
1696,211.295348,6.0
1697,57.062269,6.0
1698,88.108904,6.0
1699,70.935449,6.0
1700,178.773377,6.0
1701,101.056864,6.0
1702,96.021793,6.0
1703,62.575248,6.0
1704,2.341252,6.0
1705,86.089246,6.0
1706,74.296944,6.0
1707,76.299094,6.0
1708,13.486547,6.0
1709,68.543182,6.0
1710,88.5256,6.0
1711,157.229239,6.0
1712,100.684623,6.0
1713,66.784707,6.0
1714,141.387373,6.0
1715,78.139309,6.0
1716,4.965967,6.0
1717,63.982328,6.0
1718,120.216111,6.0
1719,44.682256,6.0
1720,102.809876,6.0
1721,46.413722,6.0
1722,67.436683,6.0
1723,49.019631,6.0
1724,52.74388,6.0
1725,49.570276,6.0
1726,137.024798,6.0
1727,6.402479,6.0
1728,121.387806,6.0
1729,23.017421,6.0
1730,121.272782,6.0
1731,177.614523,6.0
1732,90.968411,6.0
1733,21.542594,6.0
1734,73.745459,6.0
1735,112.393431,6.0
1736,111.191201,6.0
1737,-16.289244,6.0
1738,14.990484,6.0
1739,151.201295,6.0
1740,92.997548,6.0
1741,55.293393,6.0
1742,161.567879,6.0
1743,85.370687,6.0
1744,168.162582,6.0
1745,69.576208,6.0
1746,138.981614,6.0
1747,93.888184,6.0
1748,25.952747,6.0
1749,118.178751,6.0
1750,26.533427,6.0
1751,111.681587,6.0
1752,84.578994,6.0
1753,127.440747,6.0
1754,39.65754,6.0
1755,71.514765,6.0
1756,122.313324,6.0
1757,30.960314,6.0
1758,95.419838,6.0
1759,147.053467,6.0
1760,78.310584,6.0
1761,90.372985,6.0
1762,74.665778,6.0
1763,122.091855,6.0
1764,93.69373,6.0
1765,60.565065,6.0
1766,163.433074,6.0
1767,66.199696,6.0
1768,196.068155,6.0
1769,103.93948,6.0
1770,91.612228,6.0
1771,114.774005,6.0
1772,84.848373,6.0
1773,113.954725,6.0
1774,72.840554,6.0
1775,22.244468,6.0
1776,101.425768,6.0
1777,73.202014,6.0
1778,123.575429,6.0
1779,104.427365,6.0
1780,60.538465,6.0
1781,110.778856,6.0
1782,61.629442,6.0
1783,82.360385,6.0
1784,110.301225,6.0
1785,123.915466,6.0
1786,51.977431,6.0
1787,20.639123,6.0
1788,92.731401,6.0
1789,150.862901,6.0
1790,92.869176,6.0
1791,80.33698,6.0
1792,38.46152,6.0
1793,31.223194,6.0
1794,10.851142,6.0
1795,125.170451,6.0
1796,130.381235,6.0
1797,80.81966,6.0
1798,94.530185,6.0
1799,134.096967,6.0
1800,108.54036,6.0
1801,6.527631,6.0
1802,30.09612,6.0
1803,40.271522,6.0
1804,43.498726,6.0
1805,84.371072,6.0
1806,144.460157,6.0
1807,164.735311,6.0
1808,76.086612,6.0
1809,80.705037,6.0
1810,93.694152,6.0
1811,63.377572,6.0
1812,29.41884,6.0
1813,126.703566,6.0
1814,53.688781,6.0
1815,6.738393,6.0
1816,45.740286,6.0
1817,34.534654,6.0
1818,62.136269,6.0
1819,97.199342,6.0
1820,63.951785,6.0
1821,65.390237,6.0
1822,2.108656,6.0
1823,72.383883,6.0
1824,55.819957,6.0
1825,31.251645,6.0
1826,52.857729,6.0
1827,79.444143,6.0
1828,61.314488,6.0
1829,120.955167,6.0
1830,63.436863,6.0
1831,54.901354,6.0
1832,47.235492,6.0
1833,64.779517,6.0
1834,149.836254,6.0
1835,30.158852,6.0
1836,60.367572,6.0
1837,-1.731556,6.0
1838,85.796454,6.0
1839,76.055135,6.0
1840,83.769628,6.0
1841,64.59016,6.0
1842,146.016932,6.0
1843,108.889983,6.0
1844,-8.592746,6.0
1845,131.923045,6.0
1846,88.542073,6.0
1847,168.410667,6.0
1848,123.630067,6.0
1849,79.618836,6.0
1850,80.60875,6.0
1851,97.713564,6.0
1852,49.43576,6.0
1853,89.559323,6.0
1854,47.827952,6.0
1855,23.201442,6.0
1856,99.425944,6.0
1857,109.778843,6.0
1858,31.600766,6.0
1859,21.626007,6.0
1860,13.218156,6.0
1861,72.17927,6.0
1862,67.689576,6.0
1863,52.640318,6.0
1864,79.907996,6.0
1865,105.05647,6.0
1866,14.686133,6.0
1867,98.862996,6.0
1868,108.596322,6.0
1869,61.092662,6.0
1870,82.64841,6.0
1871,79.265212,6.0
1872,58.632172,6.0
1873,108.16675,6.0
1874,116.937251,6.0
1875,61.863873,6.0
1876,26.556588,6.0
1877,101.054077,6.0
1878,73.787507,6.0
1879,51.594059,6.0
1880,88.719211,6.0
1881,112.770864,6.0
1882,69.399058,6.0
1883,22.984429,6.0
1884,74.876537,6.0
1885,86.562157,6.0
1886,65.864651,6.0
1887,52.803344,6.0
1888,68.149348,6.0
1889,126.316127,6.0
1890,132.819068,6.0
1891,144.719117,6.0
1892,32.313047,6.0
1893,46.763568,6.0
1894,60.770296,6.0
1895,135.373595,6.0
1896,19.420912,6.0
1897,58.408549,6.0
1898,62.829626,6.0
1899,116.843763,6.0
1900,141.401569,6.0
1901,2.138105,6.0
1902,98.654382,6.0
1903,102.956947,6.0
1904,115.357658,6.0
1905,95.673038,6.0
1906,120.48998,6.0
1907,141.632747,6.0
1908,125.072012,6.0
1909,81.02347,6.0
1910,91.040142,6.0
1911,157.765546,6.0
1912,58.459838,6.0
1913,69.580425,6.0
1914,132.893618,6.0
1915,159.216171,6.0
1916,63.320719,6.0
1917,103.963383,6.0
1918,68.646252,6.0
1919,101.381023,6.0
1920,105.334881,6.0
1921,69.561323,6.0
1922,96.310712,6.0
1923,104.003542,6.0
1924,68.381144,6.0
1925,47.744377,6.0
1926,76.607712,6.0
1927,34.93281,6.0
1928,60.476913,6.0
1929,117.123486,6.0
1930,86.759702,6.0
1931,95.998136,6.0
1932,106.634306,6.0
1933,71.996528,6.0
1934,77.625638,6.0
1935,113.162226,6.0
1936,74.8992,6.0
1937,72.243653,6.0
1938,115.904845,6.0
1939,36.987338,6.0
1940,79.07615,6.0
1941,15.138739,6.0
1942,56.038188,6.0
1943,184.842429,6.0
1944,98.249797,6.0
1945,150.726814,6.0
1946,35.679757,6.0
1947,87.390125,6.0
1948,9.2204,6.0
1949,115.149663,6.0
1950,46.661733,6.0
1951,83.007275,6.0
1952,84.832377,6.0
1953,173.49098,6.0
1954,37.698841,6.0
1955,72.637804,6.0
1956,115.625278,6.0
1957,9.443618,6.0
1958,102.898618,6.0
1959,48.949283,6.0
1960,53.340899,6.0
1961,135.069818,6.0
1962,99.850718,6.0
1963,20.209393,6.0
1964,93.365949,6.0
1965,91.565925,6.0
1966,79.15873,6.0
1967,63.154256,6.0
1968,144.282878,6.0
1969,18.952422,6.0
1970,67.928842,6.0
1971,211.243373,6.0
1972,28.92452,6.0
1973,59.480675,6.0
1974,73.871027,6.0
1975,94.71937,6.0
1976,48.799122,6.0
1977,123.384881,6.0
1978,69.47972,6.0
1979,76.936537,6.0
1980,144.188021,6.0
1981,89.470933,6.0
1982,120.168229,6.0
1983,57.010721,6.0
1984,65.624871,6.0
1985,50.31123,6.0
1986,100.391404,6.0
1987,101.678503,6.0
1988,82.867109,6.0
1989,94.551154,6.0
1990,98.504699,6.0
1991,-4.793581,6.0
1992,105.574691,6.0
1993,68.549541,6.0
1994,70.872045,6.0
1995,42.430261,6.0
1996,85.850664,6.0
1997,95.045236,6.0
1998,33.610779,6.0
1999,91.964919,6.0
2000,54.233806,6.0
2001,105.235812,6.0
2002,108.098773,6.0
2003,42.052042,6.0
2004,77.345277,6.0
2005,104.399709,6.0
2006,64.07958,6.0
2007,66.79445,6.0
2008,114.976397,6.0
2009,39.153866,6.0
2010,145.73296,6.0
2011,112.749855,6.0
2012,102.448836,6.0
2013,162.296533,6.0
2014,68.722237,6.0
2015,48.863228,6.0
2016,133.264636,6.0
2017,18.274964,6.0
2018,31.280784,6.0
2019,86.663136,6.0
2020,71.887966,6.0
2021,9.201066,6.0
2022,47.976543,6.0
2023,61.022293,6.0
2024,70.162615,6.0
2025,118.597777,6.0
2026,68.256933,6.0
2027,37.934415,6.0
2028,72.078971,6.0
2029,90.246045,6.0
2030,86.380268,6.0
2031,107.540277,6.0
2032,83.970615,6.0
2033,28.327086,6.0
2034,68.287945,6.0
2035,120.388818,6.0
2036,58.17599,6.0
2037,42.676084,6.0
2038,54.345973,6.0
2039,70.368244,6.0
2040,91.375045,6.0
2041,58.31988,6.0
2042,54.592959,6.0
2043,157.488982,6.0
2044,108.386263,6.0
2045,101.391841,6.0
2046,4.287947,6.0
2047,72.032862,6.0
2048,207.921631,6.0
2049,117.82308,6.0
2050,64.776804,6.0
2051,102.412596,6.0
2052,63.512794,6.0
2053,76.960685,6.0
2054,57.329038,6.0
2055,86.808504,6.0
2056,57.667357,6.0
2057,60.688681,6.0
2058,95.536662,6.0
2059,43.934091,6.0
2060,73.748981,6.0
2061,95.840402,6.0
2062,121.559727,6.0
2063,133.173136,6.0
2064,48.025805,6.0
2065,93.239521,6.0
2066,58.285258,6.0
2067,25.315464,6.0
2068,14.539637,6.0
2069,101.977289,6.0
2070,46.70309,6.0
2071,83.133369,6.0
2072,218.290459,6.0
2073,149.572425,6.0
2074,89.146605,6.0
2075,88.073588,6.0
2076,62.959926,6.0
2077,0.232238,6.0
2078,80.690045,6.0
2079,72.883177,6.0
2080,53.496112,6.0
2081,87.00314,6.0
2082,68.019606,6.0
2083,82.607317,6.0
2084,179.889662,6.0
2085,132.321473,6.0
2086,51.325173,6.0
2087,159.705595,6.0
2088,126.927574,6.0
2089,76.139837,6.0
2090,121.017834,6.0
2091,93.172053,6.0
2092,103.280838,6.0
2093,54.119044,6.0
2094,54.281642,6.0
2095,68.582527,6.0
2096,20.602833,6.0
2097,166.962521,6.0
2098,96.856404,6.0
2099,36.10756,6.0
2100,79.442067,6.0
2101,113.128707,6.0
2102,152.899864,6.0
2103,135.858956,6.0
2104,130.946405,6.0
2105,52.565601,6.0
2106,20.76368,6.0
2107,68.994056,6.0
2108,84.23457,6.0
2109,93.955653,6.0
2110,85.172101,6.0
2111,32.552355,6.0
2112,59.397072,6.0
2113,72.350747,6.0
2114,106.374489,6.0
2115,137.278311,6.0
2116,77.150156,6.0
2117,-9.736262,6.0
2118,127.932987,6.0
2119,86.060116,6.0
2120,94.018905,6.0
2121,62.437568,6.0
2122,108.059281,6.0
2123,50.541163,6.0
2124,47.085807,6.0
2125,160.369858,6.0
2126,55.447818,6.0
2127,141.19805,6.0
2128,104.489127,6.0
2129,84.441521,6.0
2130,43.263991,6.0
2131,51.355584,6.0
2132,114.665611,6.0
2133,90.408304,6.0
2134,96.107674,6.0
2135,30.399774,6.0
2136,87.169295,6.0
2137,134.275812,6.0
2138,89.189752,6.0
2139,86.595828,6.0
2140,146.288105,6.0
2141,120.958714,6.0
2142,116.285792,6.0
2143,162.809728,6.0
2144,33.924558,6.0
2145,48.974871,6.0
2146,127.77527,6.0
2147,37.700734,6.0
2148,60.197892,6.0
2149,72.768152,6.0
2150,74.079164,6.0
2151,102.552265,6.0
2152,142.426229,6.0
2153,98.149627,6.0
2154,13.477931,6.0
2155,92.405614,6.0
2156,62.929791,6.0
2157,85.26017,6.0
2158,60.525302,6.0
2159,145.41158,6.0
2160,91.195799,6.0
2161,143.364394,6.0
2162,47.048569,6.0
2163,58.64522,6.0
2164,141.739567,6.0
2165,199.455245,6.0
2166,39.196971,6.0
2167,44.891528,6.0
2168,31.347107,6.0
2169,30.85309,6.0
2170,33.740049,6.0
2171,35.037859,6.0
2172,68.159402,6.0
2173,65.248676,6.0
2174,84.025631,6.0
2175,2.271757,6.0
2176,21.491463,6.0
2177,45.253196,6.0
2178,71.497924,6.0
2179,52.430529,6.0
2180,32.487823,6.0
2181,80.801502,6.0
2182,19.289994,6.0
2183,59.90318,6.0
2184,32.11902,6.0
2185,105.980707,6.0
2186,84.449672,6.0
2187,95.296431,6.0
2188,2.48585,6.0
2189,63.09781,6.0
2190,56.651617,6.0
2191,41.973007,6.0
2192,97.12745,6.0
2193,45.774378,6.0
2194,49.820556,6.0
2195,142.862314,6.0
2196,59.741697,6.0
2197,107.274197,6.0
2198,105.393778,6.0
2199,28.567694,6.0
2200,60.80353,6.0
2201,34.482701,6.0
2202,74.182734,6.0
2203,90.128453,6.0
2204,-16.61289,6.0
2205,31.607984,6.0
2206,125.033149,6.0
2207,32.251771,6.0
2208,45.099394,6.0
2209,143.740371,6.0
2210,53.969675,6.0
2211,141.193859,6.0
2212,101.006104,6.0
2213,132.380096,6.0
2214,21.72299,6.0
2215,112.457636,6.0
2216,134.569147,6.0
2217,82.106686,6.0
2218,37.996536,6.0
2219,35.330628,6.0
2220,78.799403,6.0
2221,132.576495,6.0
2222,70.174069,6.0
2223,111.926305,6.0
2224,8.675631,6.0
2225,85.248414,6.0
2226,85.650253,6.0
2227,43.784668,6.0
2228,51.112775,6.0
2229,126.945313,6.0
2230,112.973322,6.0
2231,90.440308,6.0
2232,75.470603,6.0
2233,54.33905,6.0
2234,87.545083,6.0
2235,83.473637,6.0
2236,30.181443,6.0
2237,33.048423,6.0
2238,87.079497,6.0
2239,108.994872,6.0
2240,177.653782,6.0
2241,63.899359,6.0
2242,124.81389,6.0
2243,43.989541,6.0
2244,86.421287,6.0
2245,60.649591,6.0
2246,85.439832,6.0
2247,115.19534,6.0
2248,134.068227,6.0
2249,128.959985,6.0
2250,39.189833,6.0
2251,82.316014,6.0
2252,44.835695,6.0
2253,65.818036,6.0
2254,91.742113,6.0
2255,56.548703,6.0
2256,84.435129,6.0
2257,56.193589,6.0
2258,77.671932,6.0
2259,58.170848,6.0
2260,110.229522,6.0
2261,100.429426,6.0
2262,55.427623,6.0
2263,105.525372,6.0
2264,132.805251,6.0
2265,133.61967,6.0
2266,46.373157,6.0
2267,-2.785892,6.0
2268,52.783227,6.0
2269,99.651467,6.0
2270,163.79476,6.0
2271,171.829703,6.0
2272,104.133945,6.0
2273,72.237329,6.0
2274,112.868786,6.0
2275,57.517108,6.0
2276,109.956827,6.0
2277,137.263191,6.0
2278,47.305593,6.0
2279,129.040552,6.0
2280,99.952707,6.0
2281,97.806626,6.0
2282,2.794479,6.0
2283,129.266247,6.0
2284,16.094271,6.0
2285,35.33836,6.0
2286,147.781254,6.0
2287,67.191954,6.0
2288,104.710149,6.0
2289,32.302038,6.0
2290,82.077902,6.0
2291,120.541523,6.0
2292,129.081731,6.0
2293,146.286016,6.0
2294,76.295709,6.0
2295,126.308737,6.0
2296,8.842404,6.0
2297,96.68665,6.0
2298,24.766873,6.0
2299,23.038251,6.0
2300,95.313925,6.0
2301,127.750587,6.0
2302,101.688346,6.0
2303,87.777617,6.0
2304,101.318815,6.0
2305,49.312313,6.0
2306,89.333927,6.0
2307,130.955861,6.0
2308,134.235556,6.0
2309,152.498856,6.0
2310,86.110461,6.0
2311,48.327435,6.0
2312,173.088907,6.0
2313,85.378997,6.0
2314,82.701052,6.0
2315,43.708287,6.0
2316,64.755488,6.0
2317,78.14668,6.0
2318,117.779076,6.0
2319,44.982172,6.0
2320,96.014548,6.0
2321,33.103818,6.0
2322,146.619673,6.0
2323,62.87044,6.0
2324,112.897126,6.0
2325,95.017251,6.0
2326,26.355474,6.0
2327,112.207152,6.0
2328,126.324881,6.0
2329,88.753331,6.0
2330,41.823405,6.0
2331,16.886749,6.0
2332,169.651061,6.0
2333,41.046946,6.0
2334,118.41014,6.0
2335,6.796967,6.0
2336,241.897402,6.0
2337,48.001877,6.0
2338,72.011783,6.0
2339,123.589501,6.0
2340,54.103277,6.0
2341,94.667585,6.0
2342,97.706901,6.0
2343,109.223891,6.0
2344,56.150807,6.0
2345,63.454182,6.0
2346,69.457767,6.0
2347,127.614289,6.0
2348,65.235395,6.0
2349,51.455943,6.0
2350,119.026701,6.0
2351,71.75711,6.0
2352,86.349302,6.0
2353,100.631002,6.0
2354,71.250221,6.0
2355,61.673929,6.0
2356,61.919388,6.0
2357,103.162489,6.0
2358,58.321063,6.0
2359,75.630267,6.0
2360,63.117594,6.0
2361,77.77782,6.0
2362,38.088373,6.0
2363,158.199204,6.0
2364,79.3112,6.0
2365,112.029214,6.0
2366,48.773939,6.0
2367,85.759876,6.0
2368,67.076164,6.0
2369,27.011323,6.0
2370,41.106089,6.0
2371,89.392471,6.0
2372,170.586892,6.0
2373,107.553355,6.0
2374,87.009133,6.0
2375,88.620995,6.0
2376,44.302809,6.0
2377,54.411812,6.0
2378,91.296644,6.0
2379,109.709935,6.0
2380,73.751507,6.0
2381,82.666974,6.0
2382,48.60244,6.0
2383,149.983527,6.0
2384,44.554626,6.0
2385,94.25967,6.0
2386,87.75418,6.0
2387,162.675082,6.0
2388,83.27704,6.0
2389,33.327458,6.0
2390,84.151426,6.0
2391,18.496855,6.0
2392,104.911314,6.0
2393,75.514436,6.0
2394,110.162299,6.0
2395,48.263058,6.0
2396,94.876101,6.0
2397,82.80388,6.0
2398,10.760496,6.0
2399,98.215654,6.0
2400,112.694216,6.0
2401,158.552898,6.0
2402,157.411206,6.0
2403,40.349204,6.0
2404,102.977885,6.0
2405,110.171094,6.0
2406,67.456628,6.0
2407,64.618469,6.0
2408,101.916144,6.0
2409,110.291673,6.0
2410,11.272933,6.0
2411,76.266511,6.0
2412,56.788633,6.0
2413,87.074115,6.0
2414,53.185145,6.0
2415,62.015288,6.0
2416,39.581432,6.0
2417,109.188513,6.0
2418,41.171998,6.0
2419,62.849156,6.0
2420,94.471243,6.0
2421,70.126707,6.0
2422,133.920106,6.0
2423,120.270589,6.0
2424,135.941485,6.0
2425,131.533874,6.0
2426,56.115781,6.0
2427,90.903724,6.0
2428,131.109516,6.0
2429,31.288198,6.0
2430,-7.630437,6.0
2431,160.389695,6.0
2432,108.679486,6.0
2433,80.562201,6.0
2434,69.674082,6.0
2435,70.691012,6.0
2436,40.816424,6.0
2437,112.546457,6.0
2438,116.384408,6.0
2439,40.768165,6.0
2440,37.174424,6.0
2441,104.271849,6.0
2442,43.120341,6.0
2443,142.551113,6.0
2444,128.901418,6.0
2445,73.688371,6.0
2446,94.086202,6.0
2447,20.482606,6.0
2448,31.022158,6.0
2449,103.539727,6.0
2450,147.804543,6.0
2451,118.624796,6.0
2452,-0.958155,6.0
2453,20.910918,6.0
2454,27.459162,6.0
2455,56.631328,6.0
2456,127.890435,6.0
2457,68.783978,6.0
2458,60.031937,6.0
2459,47.6788,6.0
2460,68.595766,6.0
2461,137.325352,6.0
2462,79.037976,6.0
2463,-10.74718,6.0
2464,52.163553,6.0
2465,114.153908,6.0
2466,43.357809,6.0
2467,44.080093,6.0
2468,85.648123,6.0
2469,12.05328,6.0
2470,1.465593,6.0
2471,86.086442,6.0
2472,30.801522,6.0
2473,15.252539,6.0
2474,59.436269,6.0
2475,151.677893,6.0
2476,82.053176,6.0
2477,41.00626,6.0
2478,40.722363,6.0
2479,66.049713,6.0
2480,64.713864,6.0
2481,147.002954,6.0
2482,54.287582,6.0
2483,56.635234,6.0
2484,109.443434,6.0
2485,28.633403,6.0
2486,35.271601,6.0
2487,105.60082,6.0
2488,99.079843,6.0
2489,62.472212,6.0
2490,79.159634,6.0
2491,157.74642,6.0
2492,44.582204,6.0
2493,139.616045,6.0
2494,115.499469,6.0
2495,44.351561,6.0
2496,59.942458,6.0
2497,101.681984,6.0
2498,90.07798,6.0
2499,28.489963,6.0
2500,64.993228,6.0
2501,115.366223,6.0
2502,102.185361,6.0
2503,74.507072,6.0
2504,98.42865,6.0
2505,80.681882,6.0
2506,73.96315,6.0
2507,14.381896,6.0
2508,55.430449,6.0
2509,93.949671,6.0
2510,78.792416,6.0
2511,40.706113,6.0
2512,89.656124,6.0
2513,99.782866,6.0
2514,142.459024,6.0
2515,115.20486,6.0
2516,44.808826,6.0
2517,13.277579,6.0
2518,47.453575,6.0
2519,160.599842,6.0
2520,10.633401,6.0
2521,61.105106,6.0
2522,104.961862,6.0
2523,93.69145,6.0
2524,76.61668,6.0
2525,105.825227,6.0
2526,164.812496,6.0
2527,93.127844,6.0
2528,64.925468,6.0
2529,72.507015,6.0
2530,144.77771,6.0
2531,60.820268,6.0
2532,110.221636,6.0
2533,55.041354,6.0
2534,99.601207,6.0
2535,-13.083438,6.0
2536,56.635899,6.0
2537,9.135116,6.0
2538,27.695811,6.0
2539,13.098724,6.0
2540,49.514275,6.0
2541,94.349087,6.0
2542,118.980946,6.0
2543,61.159349,6.0
2544,30.475921,6.0
2545,26.876823,6.0
2546,32.792794,6.0
2547,54.491598,6.0
2548,50.245857,6.0
2549,96.524478,6.0
2550,70.458664,6.0
2551,23.636397,6.0
2552,76.793044,6.0
2553,141.423023,6.0
2554,1.58341,6.0
2555,119.675755,6.0
2556,84.294042,6.0
2557,78.187991,6.0
2558,117.426652,6.0
2559,185.897403,6.0
2560,40.735369,6.0
2561,40.093798,6.0
2562,103.551236,6.0
2563,49.291701,6.0
2564,32.166052,6.0
2565,46.554502,6.0
2566,72.936254,6.0
2567,170.089582,6.0
2568,33.663354,6.0
2569,90.829906,6.0
2570,85.615946,6.0
2571,123.028185,6.0
2572,61.832511,6.0
2573,35.461144,6.0
2574,24.909001,6.0
2575,137.350464,6.0
2576,22.482776,6.0
2577,77.349485,6.0
2578,80.035919,6.0
2579,73.210221,6.0
2580,52.441892,6.0
2581,93.625625,6.0
2582,108.270449,6.0
2583,90.509382,6.0
2584,103.05337,6.0
2585,56.715075,6.0
2586,29.029351,6.0
2587,88.17516,6.0
2588,55.672535,6.0
2589,34.898972,6.0
2590,73.120783,6.0
2591,120.564816,6.0
2592,60.06754,6.0
2593,54.786933,6.0
2594,191.673539,6.0
2595,41.219146,6.0
2596,192.072965,6.0
2597,158.313353,6.0
2598,75.31599,6.0
2599,67.845419,6.0
2600,36.130026,6.0
2601,116.739934,6.0
2602,14.509046,6.0
2603,60.437329,6.0
2604,60.695934,6.0
2605,56.958384,6.0
2606,51.732806,6.0
2607,36.474825,6.0
2608,110.74964,6.0
2609,112.215689,6.0
2610,76.568589,6.0
2611,127.319787,6.0
2612,78.5369,6.0
2613,83.164254,6.0
2614,118.147605,6.0
2615,74.672646,6.0
2616,109.105714,6.0
2617,65.213928,6.0
2618,28.795586,6.0
2619,34.15723,6.0
2620,74.900545,6.0
2621,67.244519,6.0
2622,101.46083,6.0
2623,38.54653,6.0
2624,95.472146,6.0
2625,107.693592,6.0
2626,71.812661,6.0
2627,62.307415,6.0
2628,62.307625,6.0
2629,145.04546,6.0
2630,61.616562,6.0
2631,99.801337,6.0
2632,151.614222,6.0
2633,4.283143,6.0
2634,84.312743,6.0
2635,59.17349,6.0
2636,106.402117,6.0
2637,122.692369,6.0
2638,44.414237,6.0
2639,91.92961,6.0
2640,100.26618,6.0
2641,77.425958,6.0
2642,61.899396,6.0
2643,106.653194,6.0
2644,39.631284,6.0
2645,21.020381,6.0
2646,129.027603,6.0
2647,48.828028,6.0
2648,80.075017,6.0
2649,50.703989,6.0
2650,44.774974,6.0
2651,58.353956,6.0
2652,61.462294,6.0
2653,120.08603,6.0
2654,138.324193,6.0
2655,81.20091,6.0
2656,98.362534,6.0
2657,7.057614,6.0
2658,78.897127,6.0
2659,61.801438,6.0
2660,72.769143,6.0
2661,23.124572,6.0
2662,5.882403,6.0
2663,2.521989,6.0
2664,55.28572,6.0
2665,113.230132,6.0
2666,123.671407,6.0
2667,5.861206,6.0
2668,95.83817,6.0
2669,151.667208,6.0
2670,87.678653,6.0
2671,45.023496,6.0
2672,100.188368,6.0
2673,102.413545,6.0
2674,86.867968,6.0
2675,98.333661,6.0
2676,144.09645,6.0
2677,37.335291,6.0
2678,131.362635,6.0
2679,47.456416,6.0
2680,114.316279,6.0
2681,26.012197,6.0
2682,68.536466,6.0
2683,85.641856,6.0
2684,130.987244,6.0
2685,118.091233,6.0
2686,57.051504,6.0
2687,72.272106,6.0
2688,14.675839,6.0
2689,64.904955,6.0
2690,160.41908,6.0
2691,58.148204,6.0
2692,39.4332,6.0
2693,113.362062,6.0
2694,14.496757,6.0
2695,95.249034,6.0
2696,71.618961,6.0
2697,106.880817,6.0
2698,104.929316,6.0
2699,41.786421,6.0
2700,107.338778,6.0
2701,136.470383,6.0
2702,27.75383,6.0
2703,116.173063,6.0
2704,82.846154,6.0
2705,82.32674,6.0
2706,20.119503,6.0
2707,121.259553,6.0
2708,90.815427,6.0
2709,53.859496,6.0
2710,73.944459,6.0
2711,78.970029,6.0
2712,100.258484,6.0
2713,26.518555,6.0
2714,-0.308182,6.0
2715,18.61342,6.0
2716,1.83482,6.0
2717,56.345794,6.0
2718,74.827794,6.0
2719,68.510982,6.0
2720,97.353931,6.0
2721,91.796156,6.0
2722,89.248066,6.0
2723,-5.169239,6.0
2724,98.893161,6.0
2725,144.214132,6.0
2726,2.516396,6.0
2727,175.009815,6.0
2728,75.39482,6.0
2729,56.237676,6.0
2730,112.619627,6.0
2731,136.191585,6.0
2732,109.544884,6.0
2733,73.294835,6.0
2734,73.54405,6.0
2735,45.133941,6.0
2736,63.451655,6.0
2737,64.424638,6.0
2738,89.364166,6.0
2739,121.972283,6.0
2740,92.244518,6.0
2741,87.728081,6.0
2742,75.705104,6.0
2743,107.668842,6.0
2744,17.045474,6.0
2745,26.453413,6.0
2746,114.540531,6.0
2747,71.795847,6.0
2748,49.497024,6.0
2749,36.19677,6.0
2750,162.201937,6.0
2751,69.096731,6.0
2752,95.808662,6.0
2753,72.567397,6.0
2754,41.181402,6.0
2755,10.732943,6.0
2756,47.301464,6.0
2757,-7.006194,6.0
2758,37.289016,6.0
2759,61.74621,6.0
2760,132.96433,6.0
2761,131.604707,6.0
2762,80.170864,6.0
2763,109.352563,6.0
2764,47.011297,6.0
2765,8.076797,6.0
2766,50.606048,6.0
2767,84.535263,6.0
2768,44.919491,6.0
2769,213.273222,6.0
2770,91.596465,6.0
2771,75.022485,6.0
2772,54.688877,6.0
2773,22.533186,6.0
2774,145.215918,6.0
2775,101.255116,6.0
2776,46.919994,6.0
2777,75.668092,6.0
2778,87.361059,6.0
2779,53.679041,6.0
2780,195.848544,6.0
2781,47.714125,6.0
2782,21.220607,6.0
2783,82.235715,6.0
2784,139.939946,6.0
2785,30.152027,6.0
2786,73.841626,6.0
2787,96.155873,6.0
2788,102.390531,6.0
2789,111.398791,6.0
2790,136.037405,6.0
2791,37.115804,6.0
2792,104.820989,6.0
2793,56.075891,6.0
2794,19.407607,6.0
2795,149.869493,6.0
2796,89.923066,6.0
2797,172.977474,6.0
2798,16.876568,6.0
2799,71.464725,6.0
2800,18.312456,6.0
2801,17.044167,6.0
2802,64.910915,6.0
2803,62.869926,6.0
2804,105.288811,6.0
2805,74.34898,6.0
2806,95.785148,6.0
2807,104.833284,6.0
2808,101.15819,6.0
2809,130.986339,6.0
2810,81.431057,6.0
2811,22.310448,6.0
2812,33.998607,6.0
2813,44.966948,6.0
2814,94.551978,6.0
2815,42.407954,6.0
2816,98.416548,6.0
2817,72.908452,6.0
2818,98.458369,6.0
2819,37.082948,6.0
2820,81.264855,6.0
2821,90.525767,6.0
2822,103.614839,6.0
2823,93.086973,6.0
2824,92.778286,6.0
2825,33.807716,6.0
2826,120.073298,6.0
2827,134.601707,6.0
2828,120.375428,6.0
2829,83.505732,6.0
2830,123.921062,6.0
2831,149.105216,6.0
2832,84.113063,6.0
2833,54.973214,6.0
2834,128.222656,6.0
2835,28.462743,6.0
2836,89.804372,6.0
2837,101.291036,6.0
2838,69.264444,6.0
2839,86.771443,6.0
2840,65.256884,6.0
2841,125.12753,6.0
2842,27.135221,6.0
2843,80.307386,6.0
2844,61.095938,6.0
2845,78.105766,6.0
2846,46.451203,6.0
2847,105.908775,6.0
2848,70.162891,6.0
2849,39.835601,6.0
2850,156.20345,6.0
2851,38.89777,6.0
2852,67.666386,6.0
2853,113.299856,6.0
2854,125.533886,6.0
2855,107.479162,6.0
2856,50.912122,6.0
2857,123.094071,6.0
2858,65.583731,6.0
2859,92.469327,6.0
2860,52.1295,6.0
2861,273.853636,6.0
2862,11.383278,6.0
2863,96.870715,6.0
2864,36.486317,6.0
2865,109.985987,6.0
2866,90.859802,6.0
2867,87.959107,6.0
2868,137.780621,6.0
2869,70.64151,6.0
2870,95.147903,6.0
2871,64.936887,6.0
2872,61.925044,6.0
2873,98.183308,6.0
2874,59.514701,6.0
2875,141.398892,6.0
2876,86.983751,6.0
2877,104.273754,6.0
2878,100.786129,6.0
2879,12.810764,6.0
2880,14.953429,6.0
2881,105.098399,6.0
2882,54.401904,6.0
2883,103.783841,6.0
2884,149.905902,6.0
2885,90.540625,6.0
2886,45.893456,6.0
2887,31.825202,6.0
2888,118.007444,6.0
2889,75.395189,6.0
2890,62.537438,6.0
2891,66.659342,6.0
2892,2.313499,6.0
2893,39.234298,6.0
2894,145.34025,6.0
2895,58.710501,6.0
2896,68.593362,6.0
2897,89.132007,6.0
2898,50.698939,6.0
2899,143.983689,6.0
2900,123.320031,6.0
2901,150.974025,6.0
2902,139.33141,6.0
2903,104.827238,6.0
2904,20.880487,6.0
2905,65.385126,6.0
2906,64.729311,6.0
2907,24.690728,6.0
2908,112.651789,6.0
2909,138.31116,6.0
2910,43.179362,6.0
2911,86.805423,6.0
2912,48.689539,6.0
2913,137.813793,6.0
2914,34.124981,6.0
2915,10.869865,6.0
2916,66.831769,6.0
2917,57.041617,6.0
2918,39.817576,6.0
2919,149.506977,6.0
2920,59.299068,6.0
2921,46.462443,6.0
2922,112.631001,6.0
2923,85.91913,6.0
2924,199.193993,6.0
2925,70.272143,6.0
2926,39.559484,6.0
2927,69.604302,6.0
2928,78.383758,6.0
2929,83.932243,6.0
2930,27.222579,6.0
2931,103.738328,6.0
2932,124.868716,6.0
2933,112.960176,6.0
2934,13.423349,6.0
2935,38.846474,6.0
2936,44.634012,6.0
2937,45.829434,6.0
2938,91.661501,6.0
2939,176.085617,6.0
2940,55.806826,6.0
2941,111.482314,6.0
2942,64.164285,6.0
2943,70.334022,6.0
2944,36.131423,6.0
2945,52.441217,6.0
2946,94.115061,6.0
2947,48.023299,6.0
2948,37.712444,6.0
2949,28.455372,6.0
2950,137.690397,6.0
2951,71.112243,6.0
2952,52.308574,6.0
2953,102.654013,6.0
2954,64.459231,6.0
2955,100.52814,6.0
2956,65.552856,6.0
2957,34.675232,6.0
2958,146.418511,6.0
2959,171.625189,6.0
2960,57.202281,6.0
2961,53.876099,6.0
2962,140.691268,6.0
2963,54.875322,6.0
2964,43.674515,6.0
2965,69.979189,6.0
2966,211.667174,6.0
2967,148.55806,6.0
2968,209.696535,6.0
2969,86.87093,6.0
2970,102.234161,6.0
2971,51.252187,6.0
2972,104.705777,6.0
2973,80.216814,6.0
2974,102.595473,6.0
2975,62.028902,6.0
2976,54.326615,6.0
2977,33.719089,6.0
2978,56.23114,6.0
2979,51.193036,6.0
2980,54.516123,6.0
2981,4.772597,6.0
2982,149.228349,6.0
2983,75.309573,6.0
2984,40.408839,6.0
2985,103.947202,6.0
2986,57.115846,6.0
2987,48.658153,6.0
2988,32.020277,6.0
2989,115.384714,6.0
2990,25.194271,6.0
2991,22.904728,6.0
2992,88.116506,6.0
2993,92.929667,6.0
2994,58.178351,6.0
2995,2.392108,6.0
2996,2.808583,6.0
2997,-0.329153,6.0
2998,86.361649,6.0
2999,52.176016,6.0
3000,51.037582,6.0
3001,108.461992,10.0
3002,81.452515,10.0
3003,132.800705,10.0
3004,104.650835,10.0
3005,226.342083,10.0
3006,189.351258,10.0
3007,69.139374,10.0
3008,142.313909,10.0
3009,82.421815,10.0
3010,160.614888,10.0
3011,211.339583,10.0
3012,162.463788,10.0
3013,127.678677,10.0
3014,72.138721,10.0
3015,155.659451,10.0
3016,91.344136,10.0
3017,102.518417,10.0
3018,178.040484,10.0
3019,62.914144,10.0
3020,144.184621,10.0
3021,73.469601,10.0
3022,278.439353,10.0
3023,63.969645,10.0
3024,80.626284,10.0
3025,112.046887,10.0
3026,131.131806,10.0
3027,127.569577,10.0
3028,57.997339,10.0
3029,78.278865,10.0
3030,121.158411,10.0
3031,36.403396,10.0
3032,23.621775,10.0
3033,144.400421,10.0
3034,164.304264,10.0
3035,148.443247,10.0
3036,105.682485,10.0
3037,70.144521,10.0
3038,147.510058,10.0
3039,272.149793,10.0
3040,92.813835,10.0
3041,84.608995,10.0
3042,74.109836,10.0
3043,60.259925,10.0
3044,128.071387,10.0
3045,8.045699,10.0
3046,26.122361,10.0
3047,183.14449,10.0
3048,38.23924,10.0
3049,126.847451,10.0
3050,105.475179,10.0
3051,42.754272,10.0
3052,69.222683,10.0
3053,129.328671,10.0
3054,137.237871,10.0
3055,145.690623,10.0
3056,197.324041,10.0
3057,-27.440261,10.0
3058,80.75401,10.0
3059,66.756725,10.0
3060,159.922305,10.0
3061,264.007581,10.0
3062,125.637957,10.0
3063,62.6863,10.0
3064,71.362606,10.0
3065,115.109181,10.0
3066,173.047478,10.0
3067,81.484847,10.0
3068,244.661231,10.0
3069,151.252926,10.0
3070,154.24176,10.0
3071,59.227424,10.0
3072,143.395995,10.0
3073,274.537269,10.0
3074,145.248573,10.0
3075,229.215556,10.0
3076,43.336531,10.0
3077,172.679198,10.0
3078,173.736202,10.0
3079,150.332997,10.0
3080,146.210812,10.0
3081,88.620769,10.0
3082,162.665426,10.0
3083,208.052409,10.0
3084,133.267462,10.0
3085,139.095429,10.0
3086,223.467541,10.0
3087,114.034108,10.0
3088,-10.291452,10.0
3089,160.561072,10.0
3090,77.946583,10.0
3091,108.056004,10.0
3092,137.750038,10.0
3093,30.409095,10.0
3094,96.871123,10.0
3095,217.180991,10.0
3096,50.975521,10.0
3097,89.612623,10.0
3098,108.749169,10.0
3099,172.190149,10.0
3100,224.147449,10.0
3101,169.894742,10.0
3102,87.111587,10.0
3103,176.558098,10.0
3104,142.185845,10.0
3105,124.363294,10.0
3106,150.959615,10.0
3107,90.107957,10.0
3108,237.480669,10.0
3109,126.510002,10.0
3110,187.854594,10.0
3111,59.03921,10.0
3112,214.981676,10.0
3113,154.556907,10.0
3114,149.570611,10.0
3115,100.218168,10.0
3116,95.103368,10.0
3117,115.579926,10.0
3118,154.216802,10.0
3119,157.849766,10.0
3120,174.977694,10.0
3121,35.76233,10.0
3122,171.885488,10.0
3123,82.414164,10.0
3124,284.999004,10.0
3125,185.186499,10.0
3126,175.501005,10.0
3127,187.763477,10.0
3128,105.157322,10.0
3129,237.386295,10.0
3130,114.975762,10.0
3131,231.115009,10.0
3132,66.536034,10.0
3133,208.414022,10.0
3134,118.596286,10.0
3135,36.944474,10.0
3136,51.298629,10.0
3137,182.414811,10.0
3138,73.623948,10.0
3139,116.075679,10.0
3140,196.774339,10.0
3141,85.076746,10.0
3142,143.86193,10.0
3143,52.99638,10.0
3144,133.502591,10.0
3145,163.466161,10.0
3146,206.356996,10.0
3147,149.003271,10.0
3148,123.513752,10.0
3149,109.949053,10.0
3150,120.577657,10.0
3151,172.619599,10.0
3152,113.18232,10.0
3153,60.62995,10.0
3154,183.310477,10.0
3155,124.123452,10.0
3156,210.684796,10.0
3157,103.76115,10.0
3158,87.240151,10.0
3159,22.246873,10.0
3160,41.807172,10.0
3161,119.444689,10.0
3162,78.039199,10.0
3163,93.388841,10.0
3164,79.737917,10.0
3165,105.700206,10.0
3166,163.332821,10.0
3167,98.45547,10.0
3168,136.766101,10.0
3169,170.824872,10.0
3170,101.932554,10.0
3171,66.788615,10.0
3172,97.903231,10.0
3173,123.267166,10.0
3174,161.11886,10.0
3175,105.837513,10.0
3176,172.826812,10.0
3177,107.690785,10.0
3178,30.787049,10.0
3179,188.635395,10.0
3180,132.78382,10.0
3181,253.367359,10.0
3182,180.996798,10.0
3183,162.871869,10.0
3184,119.782678,10.0
3185,170.209706,10.0
3186,253.35243,10.0
3187,106.558898,10.0
3188,153.875252,10.0
3189,137.548216,10.0
3190,88.128673,10.0
3191,154.102057,10.0
3192,176.007683,10.0
3193,141.735518,10.0
3194,261.430181,10.0
3195,53.330117,10.0
3196,40.278058,10.0
3197,286.094595,10.0
3198,118.51542,10.0
3199,236.257445,10.0
3200,80.966517,10.0
3201,100.04607,10.0
3202,183.703903,10.0
3203,78.483858,10.0
3204,115.549847,10.0
3205,103.664236,10.0
3206,83.653493,10.0
3207,63.403413,10.0
3208,224.933123,10.0
3209,136.112624,10.0
3210,113.818059,10.0
3211,91.661949,10.0
3212,141.093931,10.0
3213,168.560721,10.0
3214,92.986584,10.0
3215,202.830714,10.0
3216,122.412483,10.0
3217,92.087521,10.0
3218,86.500979,10.0
3219,80.957189,10.0
3220,394.757407,10.0
3221,162.054363,10.0
3222,141.514871,10.0
3223,245.177199,10.0
3224,53.732427,10.0
3225,116.710211,10.0
3226,69.360098,10.0
3227,21.030736,10.0
3228,16.668799,10.0
3229,138.113948,10.0
3230,173.683756,10.0
3231,106.346768,10.0
3232,138.842465,10.0
3233,158.666182,10.0
3234,132.443259,10.0
3235,132.054715,10.0
3236,139.131771,10.0
3237,84.142672,10.0
3238,166.265049,10.0
3239,34.946563,10.0
3240,192.943425,10.0
3241,211.634918,10.0
3242,93.595719,10.0
3243,129.483965,10.0
3244,158.360849,10.0
3245,138.131318,10.0
3246,163.425108,10.0
3247,132.967349,10.0
3248,84.836979,10.0
3249,120.361181,10.0
3250,57.560727,10.0
3251,96.706184,10.0
3252,66.899195,10.0
3253,166.633244,10.0
3254,139.419868,10.0
3255,116.637096,10.0
3256,180.679675,10.0
3257,164.968861,10.0
3258,212.959183,10.0
3259,118.925162,10.0
3260,127.342095,10.0
3261,114.47754,10.0
3262,99.996666,10.0
3263,152.047772,10.0
3264,207.566643,10.0
3265,127.391606,10.0
3266,39.117327,10.0
3267,159.485037,10.0
3268,91.900455,10.0
3269,148.608015,10.0
3270,151.562323,10.0
3271,123.51428,10.0
3272,251.769335,10.0
3273,159.822186,10.0
3274,130.569408,10.0
3275,154.058341,10.0
3276,117.455561,10.0
3277,116.432147,10.0
3278,77.509917,10.0
3279,126.020813,10.0
3280,202.093146,10.0
3281,-4.256291,10.0
3282,106.000256,10.0
3283,169.596082,10.0
3284,90.055446,10.0
3285,170.27363,10.0
3286,129.228389,10.0
3287,227.064625,10.0
3288,141.434553,10.0
3289,81.055418,10.0
3290,348.230955,10.0
3291,188.684155,10.0
3292,109.119144,10.0
3293,98.555999,10.0
3294,25.714951,10.0
3295,154.549473,10.0
3296,117.206212,10.0
3297,106.939838,10.0
3298,191.512769,10.0
3299,61.267094,10.0
3300,174.00262,10.0
3301,54.347753,10.0
3302,250.296664,10.0
3303,159.20892,10.0
3304,100.352501,10.0
3305,88.980365,10.0
3306,76.518329,10.0
3307,162.467067,10.0
3308,135.267653,10.0
3309,187.740239,10.0
3310,122.114814,10.0
3311,144.258792,10.0
3312,36.346899,10.0
3313,147.649503,10.0
3314,139.603884,10.0
3315,175.953163,10.0
3316,213.718967,10.0
3317,101.689606,10.0
3318,112.080079,10.0
3319,169.25355,10.0
3320,207.045557,10.0
3321,160.22592,10.0
3322,90.439975,10.0
3323,122.984585,10.0
3324,249.443224,10.0
3325,82.62054,10.0
3326,142.036895,10.0
3327,138.490199,10.0
3328,124.463731,10.0
3329,94.39206,10.0
3330,160.380646,10.0
3331,72.270639,10.0
3332,167.791944,10.0
3333,94.226118,10.0
3334,62.080755,10.0
3335,60.03594,10.0
3336,60.44471,10.0
3337,155.10848,10.0
3338,227.124753,10.0
3339,163.369368,10.0
3340,132.110432,10.0
3341,144.343077,10.0
3342,17.984791,10.0
3343,85.225992,10.0
3344,147.330756,10.0
3345,117.844778,10.0
3346,100.949436,10.0
3347,197.508841,10.0
3348,186.829823,10.0
3349,57.66994,10.0
3350,142.623037,10.0
3351,116.45588,10.0
3352,45.133454,10.0
3353,142.048905,10.0
3354,111.230216,10.0
3355,83.801251,10.0
3356,116.679712,10.0
3357,120.556577,10.0
3358,135.873424,10.0
3359,103.763187,10.0
3360,97.705094,10.0
3361,140.194064,10.0
3362,211.482501,10.0
3363,223.629901,10.0
3364,93.072129,10.0
3365,144.854484,10.0
3366,106.772026,10.0
3367,133.64762,10.0
3368,176.698739,10.0
3369,175.198045,10.0
3370,128.448072,10.0
3371,141.422841,10.0
3372,69.001466,10.0
3373,90.227695,10.0
3374,69.39001,10.0
3375,109.754162,10.0
3376,125.501089,10.0
3377,144.769554,10.0
3378,223.528404,10.0
3379,136.802984,10.0
3380,59.585576,10.0
3381,86.933933,10.0
3382,169.644655,10.0
3383,105.341443,10.0
3384,133.119593,10.0
3385,128.360447,10.0
3386,225.202492,10.0
3387,116.398037,10.0
3388,69.304207,10.0
3389,174.793166,10.0
3390,182.223277,10.0
3391,106.510022,10.0
3392,211.497452,10.0
3393,171.227904,10.0
3394,64.448565,10.0
3395,41.089938,10.0
3396,140.56284,10.0
3397,152.923106,10.0
3398,159.884502,10.0
3399,126.965887,10.0
3400,181.977827,10.0
3401,30.648658,10.0
3402,85.80712,10.0
3403,55.690544,10.0
3404,236.754416,10.0
3405,51.966284,10.0
3406,59.124857,10.0
3407,194.848202,10.0
3408,248.533202,10.0
3409,180.761879,10.0
3410,213.947644,10.0
3411,145.003682,10.0
3412,203.337501,10.0
3413,67.280813,10.0
3414,133.701812,10.0
3415,52.539343,10.0
3416,119.539259,10.0
3417,188.720681,10.0
3418,76.588776,10.0
3419,186.046853,10.0
3420,175.946334,10.0
3421,141.287501,10.0
3422,130.803836,10.0
3423,89.207908,10.0
3424,98.134461,10.0
3425,85.986606,10.0
3426,61.270359,10.0
3427,205.601185,10.0
3428,52.209654,10.0
3429,135.530635,10.0
3430,149.614612,10.0
3431,100.390882,10.0
3432,175.425182,10.0
3433,124.242469,10.0
3434,268.730548,10.0
3435,77.641921,10.0
3436,214.629787,10.0
3437,157.860577,10.0
3438,242.089503,10.0
3439,69.331765,10.0
3440,119.188084,10.0
3441,94.874024,10.0
3442,120.730647,10.0
3443,110.448494,10.0
3444,252.826911,10.0
3445,307.404392,10.0
3446,246.47089,10.0
3447,205.799354,10.0
3448,45.18602,10.0
3449,181.026271,10.0
3450,171.552561,10.0
3451,114.026693,10.0
3452,176.491493,10.0
3453,111.841314,10.0
3454,194.866607,10.0
3455,53.208582,10.0
3456,139.743855,10.0
3457,179.6143,10.0
3458,115.298626,10.0
3459,211.60063,10.0
3460,84.312881,10.0
3461,144.939716,10.0
3462,100.332448,10.0
3463,52.464023,10.0
3464,209.613204,10.0
3465,181.779487,10.0
3466,182.855265,10.0
3467,127.203456,10.0
3468,124.747088,10.0
3469,85.608501,10.0
3470,163.257495,10.0
3471,71.371025,10.0
3472,167.536261,10.0
3473,101.519914,10.0
3474,126.551532,10.0
3475,141.321741,10.0
3476,185.165172,10.0
3477,132.169468,10.0
3478,130.198711,10.0
3479,109.142299,10.0
3480,52.243296,10.0
3481,103.637153,10.0
3482,153.885298,10.0
3483,212.143826,10.0
3484,106.196591,10.0
3485,148.313048,10.0
3486,41.167371,10.0
3487,130.0918,10.0
3488,74.829965,10.0
3489,59.06948,10.0
3490,94.923116,10.0
3491,132.364762,10.0
3492,217.379387,10.0
3493,216.657305,10.0
3494,147.058906,10.0
3495,112.937,10.0
3496,185.601102,10.0
3497,191.801223,10.0
3498,235.455081,10.0
3499,224.69098,10.0
3500,198.139355,10.0
3501,172.435996,10.0
3502,94.11936,10.0
3503,62.747994,10.0
3504,102.886204,10.0
3505,138.698866,10.0
3506,54.650781,10.0
3507,85.646092,10.0
3508,240.69803,10.0
3509,145.258876,10.0
3510,246.070775,10.0
3511,181.476211,10.0
3512,128.879409,10.0
3513,134.128046,10.0
3514,137.182936,10.0
3515,105.157877,10.0
3516,81.578608,10.0
3517,149.548127,10.0
3518,157.053297,10.0
3519,198.626247,10.0
3520,80.820596,10.0
3521,26.345956,10.0
3522,170.524402,10.0
3523,139.883415,10.0
3524,74.795339,10.0
3525,79.753961,10.0
3526,77.885152,10.0
3527,140.177724,10.0
3528,96.483259,10.0
3529,162.963081,10.0
3530,89.034568,10.0
3531,159.291259,10.0
3532,125.525293,10.0
3533,21.324205,10.0
3534,175.586883,10.0
3535,72.33393,10.0
3536,223.62718,10.0
3537,160.135032,10.0
3538,189.554056,10.0
3539,116.514305,10.0
3540,180.0567,10.0
3541,230.934142,10.0
3542,144.409344,10.0
3543,99.503868,10.0
3544,135.698673,10.0
3545,47.289932,10.0
3546,102.646333,10.0
3547,97.918944,10.0
3548,117.546416,10.0
3549,196.471245,10.0
3550,69.503161,10.0
3551,109.150378,10.0
3552,198.146796,10.0
3553,115.789711,10.0
3554,116.582437,10.0
3555,161.020542,10.0
3556,-2.630643,10.0
3557,129.374549,10.0
3558,40.342841,10.0
3559,60.658424,10.0
3560,133.2559,10.0
3561,274.423389,10.0
3562,56.667948,10.0
3563,110.196008,10.0
3564,189.833471,10.0
3565,172.825455,10.0
3566,145.521938,10.0
3567,122.367754,10.0
3568,104.690137,10.0
3569,247.643603,10.0
3570,172.661097,10.0
3571,195.363358,10.0
3572,163.749332,10.0
3573,125.25429,10.0
3574,102.832537,10.0
3575,194.312061,10.0
3576,163.796975,10.0
3577,162.715007,10.0
3578,233.564698,10.0
3579,103.511327,10.0
3580,123.109998,10.0
3581,133.902409,10.0
3582,117.684596,10.0
3583,188.478198,10.0
3584,112.849585,10.0
3585,95.20557,10.0
3586,140.440995,10.0
3587,178.61379,10.0
3588,190.169665,10.0
3589,193.227699,10.0
3590,114.699755,10.0
3591,45.500974,10.0
3592,119.69583,10.0
3593,86.756559,10.0
3594,27.561863,10.0
3595,216.407636,10.0
3596,158.703439,10.0
3597,149.753373,10.0
3598,142.844658,10.0
3599,142.907332,10.0
3600,134.69397,10.0
3601,138.484023,10.0
3602,126.128987,10.0
3603,168.745882,10.0
3604,86.499909,10.0
3605,123.765644,10.0
3606,102.314515,10.0
3607,138.890898,10.0
3608,11.62382,10.0
3609,230.593226,10.0
3610,126.759073,10.0
3611,94.454145,10.0
3612,133.477187,10.0
3613,73.608385,10.0
3614,115.115518,10.0
3615,11.039662,10.0
3616,188.588248,10.0
3617,133.385366,10.0
3618,89.988869,10.0
3619,167.701972,10.0
3620,85.24535,10.0
3621,12.483135,10.0
3622,186.945459,10.0
3623,123.323965,10.0
3624,54.072965,10.0
3625,134.756634,10.0
3626,183.860092,10.0
3627,102.932361,10.0
3628,278.818572,10.0
3629,87.799551,10.0
3630,162.12591,10.0
3631,167.107711,10.0
3632,32.064421,10.0
3633,83.196712,10.0
3634,177.985959,10.0
3635,144.044522,10.0
3636,55.52637,10.0
3637,183.929138,10.0
3638,125.196928,10.0
3639,153.467249,10.0
3640,99.637802,10.0
3641,142.565986,10.0
3642,56.507056,10.0
3643,100.036191,10.0
3644,59.253987,10.0
3645,26.134931,10.0
3646,200.368355,10.0
3647,72.923629,10.0
3648,40.079804,10.0
3649,169.540068,10.0
3650,138.350355,10.0
3651,138.814481,10.0
3652,172.288208,10.0
3653,161.589438,10.0
3654,148.489411,10.0
3655,147.607538,10.0
3656,266.756971,10.0
3657,165.025117,10.0
3658,93.262046,10.0
3659,102.618193,10.0
3660,135.648674,10.0
3661,176.937234,10.0
3662,133.538737,10.0
3663,159.894905,10.0
3664,140.51261,10.0
3665,31.335984,10.0
3666,38.323557,10.0
3667,206.664064,10.0
3668,75.413716,10.0
3669,32.059218,10.0
3670,130.263666,10.0
3671,139.136188,10.0
3672,160.807376,10.0
3673,119.907294,10.0
3674,218.941304,10.0
3675,61.942642,10.0
3676,30.765464,10.0
3677,105.730841,10.0
3678,82.906684,10.0
3679,53.399133,10.0
3680,55.69272,10.0
3681,113.271768,10.0
3682,145.05802,10.0
3683,208.300917,10.0
3684,139.669142,10.0
3685,67.985268,10.0
3686,98.384735,10.0
3687,49.654788,10.0
3688,181.102411,10.0
3689,147.684361,10.0
3690,60.475102,10.0
3691,57.45011,10.0
3692,145.175127,10.0
3693,127.795323,10.0
3694,43.469848,10.0
3695,86.629365,10.0
3696,115.951174,10.0
3697,19.238383,10.0
3698,111.074422,10.0
3699,167.179571,10.0
3700,108.07264,10.0
3701,138.019866,10.0
3702,181.983454,10.0
3703,127.624663,10.0
3704,204.239693,10.0
3705,108.658436,10.0
3706,88.825351,10.0
3707,197.280922,10.0
3708,326.377809,10.0
3709,183.632518,10.0
3710,166.243503,10.0
3711,290.025529,10.0
3712,199.888251,10.0
3713,109.86386,10.0
3714,258.61461,10.0
3715,148.279671,10.0
3716,183.554101,10.0
3717,208.110372,10.0
3718,99.043701,10.0
3719,139.779959,10.0
3720,67.942101,10.0
3721,156.455169,10.0
3722,137.306077,10.0
3723,90.551333,10.0
3724,150.209639,10.0
3725,183.553896,10.0
3726,101.202772,10.0
3727,22.080576,10.0
3728,13.119757,10.0
3729,130.116179,10.0
3730,153.190799,10.0
3731,131.067887,10.0
3732,126.497029,10.0
3733,223.082177,10.0
3734,217.646066,10.0
3735,162.883711,10.0
3736,49.959447,10.0
3737,174.077264,10.0
3738,37.131178,10.0
3739,126.106666,10.0
3740,30.645687,10.0
3741,35.725937,10.0
3742,178.941037,10.0
3743,74.263647,10.0
3744,213.624263,10.0
3745,51.677063,10.0
3746,194.97345,10.0
3747,181.692864,10.0
3748,142.375882,10.0
3749,211.888812,10.0
3750,151.839532,10.0
3751,140.944045,10.0
3752,134.174002,10.0
3753,129.581224,10.0
3754,3.448791,10.0
3755,206.373017,10.0
3756,161.59961,10.0
3757,89.956028,10.0
3758,136.628721,10.0
3759,84.204318,10.0
3760,120.155436,10.0
3761,106.330672,10.0
3762,67.773435,10.0
3763,45.757675,10.0
3764,67.575017,10.0
3765,169.012166,10.0
3766,128.083563,10.0
3767,122.023524,10.0
3768,132.861015,10.0
3769,16.040895,10.0
3770,134.581457,10.0
3771,62.63277,10.0
3772,296.915481,10.0
3773,47.1937,10.0
3774,128.608912,10.0
3775,30.416982,10.0
3776,128.947421,10.0
3777,172.37819,10.0
3778,70.360107,10.0
3779,133.785291,10.0
3780,152.343136,10.0
3781,120.6487,10.0
3782,40.961506,10.0
3783,74.086915,10.0
3784,141.968315,10.0
3785,172.976827,10.0
3786,168.195238,10.0
3787,41.441284,10.0
3788,19.396073,10.0
3789,1.952971,10.0
3790,70.594284,10.0
3791,171.023438,10.0
3792,115.106383,10.0
3793,29.556232,10.0
3794,81.739225,10.0
3795,109.464186,10.0
3796,46.349919,10.0
3797,136.4582,10.0
3798,67.016792,10.0
3799,42.80955,10.0
3800,16.812961,10.0
3801,179.111664,10.0
3802,94.312375,10.0
3803,107.473708,10.0
3804,46.18881,10.0
3805,62.343027,10.0
3806,192.571473,10.0
3807,59.892931,10.0
3808,102.684145,10.0
3809,104.826901,10.0
3810,175.627396,10.0
3811,192.868966,10.0
3812,117.335443,10.0
3813,24.648101,10.0
3814,143.490236,10.0
3815,237.885985,10.0
3816,53.194382,10.0
3817,179.752013,10.0
3818,170.284265,10.0
3819,257.452599,10.0
3820,242.491553,10.0
3821,201.2867,10.0
3822,116.320891,10.0
3823,118.864469,10.0
3824,167.033024,10.0
3825,223.194823,10.0
3826,84.737829,10.0
3827,48.99075,10.0
3828,142.265204,10.0
3829,150.886674,10.0
3830,174.475371,10.0
3831,178.977229,10.0
3832,118.314858,10.0
3833,159.292462,10.0
3834,174.022491,10.0
3835,67.799641,10.0
3836,178.945117,10.0
3837,74.436601,10.0
3838,70.002055,10.0
3839,231.648736,10.0
3840,208.801367,10.0
3841,115.531799,10.0
3842,112.102842,10.0
3843,119.659767,10.0
3844,87.803919,10.0
3845,140.573769,10.0
3846,227.119052,10.0
3847,170.427833,10.0
3848,71.131978,10.0
3849,36.707309,10.0
3850,169.718021,10.0
3851,43.839212,10.0
3852,27.293251,10.0
3853,189.216225,10.0
3854,46.083314,10.0
3855,100.368637,10.0
3856,79.904379,10.0
3857,134.568678,10.0
3858,99.607069,10.0
3859,91.828913,10.0
3860,43.517843,10.0
3861,168.504625,10.0
3862,121.497925,10.0
3863,147.479644,10.0
3864,176.393036,10.0
3865,12.546843,10.0
3866,49.881821,10.0
3867,136.599526,10.0
3868,113.332841,10.0
3869,145.310244,10.0
3870,103.602447,10.0
3871,140.453777,10.0
3872,135.132546,10.0
3873,133.709248,10.0
3874,100.976211,10.0
3875,44.63318,10.0
3876,177.869975,10.0
3877,164.005708,10.0
3878,99.792947,10.0
3879,140.059604,10.0
3880,137.596894,10.0
3881,211.323507,10.0
3882,84.22078,10.0
3883,177.559711,10.0
3884,252.974393,10.0
3885,149.561126,10.0
3886,94.075703,10.0
3887,66.940262,10.0
3888,179.115024,10.0
3889,102.750859,10.0
3890,65.864674,10.0
3891,196.143156,10.0
3892,220.535453,10.0
3893,166.760535,10.0
3894,262.451725,10.0
3895,114.217498,10.0
3896,162.794156,10.0
3897,138.360479,10.0
3898,135.758245,10.0
3899,230.009189,10.0
3900,120.536968,10.0
3901,160.274721,10.0
3902,106.535538,10.0
3903,239.867085,10.0
3904,242.237455,10.0
3905,167.079662,10.0
3906,185.748672,10.0
3907,193.033852,10.0
3908,117.606756,10.0
3909,94.251357,10.0
3910,109.476664,10.0
3911,82.92257,10.0
3912,120.840226,10.0
3913,111.457854,10.0
3914,232.28411,10.0
3915,153.347095,10.0
3916,178.911869,10.0
3917,161.031714,10.0
3918,188.840972,10.0
3919,94.783405,10.0
3920,203.891264,10.0
3921,275.65893,10.0
3922,114.64904,10.0
3923,173.933765,10.0
3924,41.720703,10.0
3925,22.361417,10.0
3926,125.135497,10.0
3927,64.949454,10.0
3928,131.703213,10.0
3929,153.647319,10.0
3930,11.381864,10.0
3931,142.730291,10.0
3932,162.468263,10.0
3933,175.217129,10.0
3934,108.990142,10.0
3935,92.341144,10.0
3936,205.118996,10.0
3937,98.819561,10.0
3938,170.86802,10.0
3939,32.914787,10.0
3940,149.524996,10.0
3941,144.684311,10.0
3942,199.881789,10.0
3943,85.260826,10.0
3944,90.096818,10.0
3945,167.515829,10.0
3946,22.172362,10.0
3947,115.550647,10.0
3948,71.880179,10.0
3949,88.597776,10.0
3950,73.390972,10.0
3951,120.805181,10.0
3952,12.628589,10.0
3953,125.050052,10.0
3954,8.57529,10.0
3955,214.307923,10.0
3956,178.891117,10.0
3957,45.741791,10.0
3958,161.675196,10.0
3959,125.794093,10.0
3960,236.059287,10.0
3961,92.600925,10.0
3962,96.180612,10.0
3963,77.516974,10.0
3964,52.908972,10.0
3965,42.507673,10.0
3966,91.375975,10.0
3967,140.104104,10.0
3968,114.944292,10.0
3969,90.76085,10.0
3970,87.236678,10.0
3971,178.532464,10.0
3972,68.300714,10.0
3973,108.045156,10.0
3974,180.0169,10.0
3975,108.935543,10.0
3976,174.319355,10.0
3977,104.327802,10.0
3978,132.663664,10.0
3979,23.831443,10.0
3980,66.990884,10.0
3981,133.249543,10.0
3982,88.532915,10.0
3983,170.495717,10.0
3984,132.71333,10.0
3985,170.646387,10.0
3986,51.235876,10.0
3987,83.010096,10.0
3988,119.19286,10.0
3989,107.944845,10.0
3990,128.446392,10.0
3991,71.63619,10.0
3992,29.156093,10.0
3993,177.898287,10.0
3994,142.959569,10.0
3995,155.257262,10.0
3996,44.896539,10.0
3997,69.693659,10.0
3998,107.237999,10.0
3999,148.94228,10.0
4000,45.042151,10.0
4001,59.179322,10.0
4002,141.981001,10.0
4003,59.971368,10.0
4004,126.305702,10.0
4005,23.593364,10.0
4006,161.902376,10.0
4007,184.939779,10.0
4008,141.329506,10.0
4009,130.833602,10.0
4010,155.738622,10.0
4011,85.657656,10.0
4012,151.192861,10.0
4013,243.00577,10.0
4014,216.202576,10.0
4015,277.542074,10.0
4016,226.208794,10.0
4017,100.673745,10.0
4018,187.414446,10.0
4019,206.242203,10.0
4020,55.886618,10.0
4021,197.675906,10.0
4022,110.78835,10.0
4023,102.232927,10.0
4024,69.40981,10.0
4025,160.805885,10.0
4026,153.61712,10.0
4027,150.866296,10.0
4028,137.785628,10.0
4029,116.372222,10.0
4030,110.772001,10.0
4031,44.349675,10.0
4032,122.230555,10.0
4033,21.451121,10.0
4034,89.90406,10.0
4035,30.298647,10.0
4036,218.785891,10.0
4037,192.297133,10.0
4038,155.822883,10.0
4039,132.606112,10.0
4040,37.209808,10.0
4041,17.305199,10.0
4042,86.796661,10.0
4043,119.284611,10.0
4044,197.998063,10.0
4045,211.338822,10.0
4046,86.94489,10.0
4047,115.726098,10.0
4048,67.290483,10.0
4049,120.232177,10.0
4050,172.360742,10.0
4051,206.590391,10.0
4052,41.08806,10.0
4053,122.371334,10.0
4054,94.914321,10.0
4055,76.018821,10.0
4056,173.951621,10.0
4057,106.098016,10.0
4058,132.285922,10.0
4059,86.495921,10.0
4060,54.954227,10.0
4061,124.812259,10.0
4062,64.569251,10.0
4063,74.482664,10.0
4064,90.14558,10.0
4065,136.131476,10.0
4066,180.589552,10.0
4067,96.324474,10.0
4068,69.546612,10.0
4069,203.810243,10.0
4070,188.284071,10.0
4071,205.530606,10.0
4072,85.801445,10.0
4073,127.404128,10.0
4074,121.739004,10.0
4075,71.61429,10.0
4076,72.514333,10.0
4077,226.616174,10.0
4078,95.377823,10.0
4079,166.431652,10.0
4080,203.278096,10.0
4081,181.9703,10.0
4082,220.521414,10.0
4083,176.229693,10.0
4084,216.247638,10.0
4085,93.126819,10.0
4086,189.082446,10.0
4087,78.865745,10.0
4088,212.945883,10.0
4089,104.722973,10.0
4090,120.149181,10.0
4091,124.292872,10.0
4092,194.056042,10.0
4093,117.882691,10.0
4094,104.84659,10.0
4095,124.578382,10.0
4096,151.851975,10.0
4097,62.836709,10.0
4098,192.340458,10.0
4099,187.155691,10.0
4100,79.973732,10.0
4101,113.18647,10.0
4102,143.488952,10.0
4103,121.882328,10.0
4104,101.217628,10.0
4105,239.646588,10.0
4106,95.063265,10.0
4107,105.381117,10.0
4108,105.439617,10.0
4109,25.330298,10.0
4110,146.813772,10.0
4111,200.640267,10.0
4112,145.673057,10.0
4113,96.338223,10.0
4114,144.388311,10.0
4115,120.460378,10.0
4116,179.687238,10.0
4117,137.057061,10.0
4118,84.679292,10.0
4119,103.407475,10.0
4120,116.433425,10.0
4121,114.204291,10.0
4122,106.675966,10.0
4123,108.591815,10.0
4124,179.727745,10.0
4125,165.522769,10.0
4126,227.81371,10.0
4127,61.103476,10.0
4128,166.465849,10.0
4129,107.039646,10.0
4130,176.512262,10.0
4131,89.693103,10.0
4132,186.379436,10.0
4133,124.131772,10.0
4134,48.60416,10.0
4135,141.501784,10.0
4136,117.167605,10.0
4137,245.726285,10.0
4138,181.955929,10.0
4139,67.443314,10.0
4140,194.282897,10.0
4141,127.429204,10.0
4142,104.037408,10.0
4143,167.490711,10.0
4144,120.415912,10.0
4145,8.919629,10.0
4146,3.477642,10.0
4147,51.727646,10.0
4148,126.548136,10.0
4149,144.077807,10.0
4150,209.726309,10.0
4151,147.098685,10.0
4152,112.006966,10.0
4153,55.594549,10.0
4154,111.965241,10.0
4155,74.88873,10.0
4156,191.679233,10.0
4157,85.078612,10.0
4158,1.756226,10.0
4159,111.740876,10.0
4160,168.866862,10.0
4161,140.859062,10.0
4162,108.804311,10.0
4163,68.250833,10.0
4164,26.850177,10.0
4165,79.647635,10.0
4166,98.879576,10.0
4167,62.418251,10.0
4168,103.480489,10.0
4169,203.848191,10.0
4170,34.652334,10.0
4171,107.52189,10.0
4172,172.737317,10.0
4173,186.175007,10.0
4174,111.375159,10.0
4175,137.458625,10.0
4176,84.68427,10.0
4177,187.036298,10.0
4178,146.896827,10.0
4179,79.46884,10.0
4180,58.189917,10.0
4181,248.55942,10.0
4182,65.315155,10.0
4183,125.737216,10.0
4184,168.055666,10.0
4185,105.916935,10.0
4186,68.657636,10.0
4187,108.911342,10.0
4188,128.550479,10.0
4189,161.87975,10.0
4190,194.233923,10.0
4191,129.234671,10.0
4192,105.175382,10.0
4193,86.493301,10.0
4194,158.077606,10.0
4195,100.543558,10.0
4196,57.443907,10.0
4197,150.830957,10.0
4198,275.927906,10.0
4199,79.615034,10.0
4200,260.630299,10.0
4201,-19.52397,10.0
4202,88.681647,10.0
4203,75.077117,10.0
4204,136.536745,10.0
4205,170.321703,10.0
4206,82.765668,10.0
4207,69.268662,10.0
4208,142.72972,10.0
4209,190.610803,10.0
4210,195.724928,10.0
4211,114.323602,10.0
4212,20.742294,10.0
4213,73.910346,10.0
4214,78.377227,10.0
4215,103.182944,10.0
4216,131.3836,10.0
4217,207.341398,10.0
4218,104.012387,10.0
4219,81.596488,10.0
4220,120.807794,10.0
4221,174.716048,10.0
4222,149.944694,10.0
4223,180.813487,10.0
4224,159.174795,10.0
4225,125.971331,10.0
4226,279.767181,10.0
4227,122.291257,10.0
4228,134.413139,10.0
4229,169.652706,10.0
4230,134.389938,10.0
4231,103.866133,10.0
4232,23.6253,10.0
4233,191.384422,10.0
4234,50.901538,10.0
4235,138.422715,10.0
4236,83.122858,10.0
4237,152.207201,10.0
4238,132.395543,10.0
4239,133.26989,10.0
4240,147.218223,10.0
4241,42.378618,10.0
4242,164.999618,10.0
4243,59.617372,10.0
4244,166.904508,10.0
4245,184.65319,10.0
4246,150.063251,10.0
4247,87.720766,10.0
4248,72.440676,10.0
4249,109.264699,10.0
4250,108.645336,10.0
4251,173.143215,10.0
4252,144.037593,10.0
4253,127.215345,10.0
4254,143.410634,10.0
4255,115.485965,10.0
4256,161.982497,10.0
4257,172.754189,10.0
4258,117.713363,10.0
4259,112.241797,10.0
4260,165.410874,10.0
4261,78.057503,10.0
4262,128.331872,10.0
4263,126.666092,10.0
4264,33.032845,10.0
4265,75.87513,10.0
4266,156.176878,10.0
4267,123.449847,10.0
4268,171.905885,10.0
4269,113.897476,10.0
4270,128.170792,10.0
4271,91.439792,10.0
4272,128.835762,10.0
4273,101.146681,10.0
4274,68.24466,10.0
4275,161.879179,10.0
4276,113.060918,10.0
4277,67.490317,10.0
4278,88.408055,10.0
4279,111.098892,10.0
4280,112.459318,10.0
4281,106.33738,10.0
4282,125.391768,10.0
4283,219.501239,10.0
4284,116.880687,10.0
4285,127.491577,10.0
4286,113.696922,10.0
4287,59.38001,10.0
4288,202.259025,10.0
4289,78.252125,10.0
4290,172.377824,10.0
4291,71.792942,10.0
4292,135.412475,10.0
4293,104.165789,10.0
4294,103.853512,10.0
4295,137.916721,10.0
4296,137.402519,10.0
4297,197.836483,10.0
4298,98.268781,10.0
4299,164.733645,10.0
4300,89.057454,10.0
4301,80.789182,10.0
4302,139.165069,10.0
4303,163.717892,10.0
4304,89.854332,10.0
4305,132.745371,10.0
4306,109.288139,10.0
4307,154.476277,10.0
4308,96.079725,10.0
4309,76.312713,10.0
4310,88.596023,10.0
4311,89.741085,10.0
4312,85.375119,10.0
4313,89.689323,10.0
4314,115.498717,10.0
4315,138.438554,10.0
4316,272.039835,10.0
4317,139.453758,10.0
4318,-21.092595,10.0
4319,157.161224,10.0
4320,159.928075,10.0
4321,167.482682,10.0
4322,149.917088,10.0
4323,202.194928,10.0
4324,75.817587,10.0
4325,120.134694,10.0
4326,74.226019,10.0
4327,109.31649,10.0
4328,83.802946,10.0
4329,91.486127,10.0
4330,28.447089,10.0
4331,163.720709,10.0
4332,66.660647,10.0
4333,106.485021,10.0
4334,70.568598,10.0
4335,105.14705,10.0
4336,234.118904,10.0
4337,131.413943,10.0
4338,119.352371,10.0
4339,236.162627,10.0
4340,148.049711,10.0
4341,110.449413,10.0
4342,157.688416,10.0
4343,48.784386,10.0
4344,137.353268,10.0
4345,127.128835,10.0
4346,110.984033,10.0
4347,119.999396,10.0
4348,132.321368,10.0
4349,103.046363,10.0
4350,225.32298,10.0
4351,96.872541,10.0
4352,113.90055,10.0
4353,129.076389,10.0
4354,192.897055,10.0
4355,22.412329,10.0
4356,89.485116,10.0
4357,103.185124,10.0
4358,201.671613,10.0
4359,73.779483,10.0
4360,133.939202,10.0
4361,180.939427,10.0
4362,89.061267,10.0
4363,69.861072,10.0
4364,118.960892,10.0
4365,167.865772,10.0
4366,171.941422,10.0
4367,141.296612,10.0
4368,137.511833,10.0
4369,69.318509,10.0
4370,109.852819,10.0
4371,108.159123,10.0
4372,147.616515,10.0
4373,79.945283,10.0
4374,111.397323,10.0
4375,179.237032,10.0
4376,180.110544,10.0
4377,155.512025,10.0
4378,40.772666,10.0
4379,160.909832,10.0
4380,263.984025,10.0
4381,170.180678,10.0
4382,131.778017,10.0
4383,104.924649,10.0
4384,91.584937,10.0
4385,117.534454,10.0
4386,29.04293,10.0
4387,208.965931,10.0
4388,95.877504,10.0
4389,216.491798,10.0
4390,134.01447,10.0
4391,79.057134,10.0
4392,207.038822,10.0
4393,238.884698,10.0
4394,29.776328,10.0
4395,144.649063,10.0
4396,52.97752,10.0
4397,130.788762,10.0
4398,130.865146,10.0
4399,98.899138,10.0
4400,107.987493,10.0
4401,118.799888,10.0
4402,218.772178,10.0
4403,214.829093,10.0
4404,164.248095,10.0
4405,109.023952,10.0
4406,143.177004,10.0
4407,88.928523,10.0
4408,62.963747,10.0
4409,111.159579,10.0
4410,107.72867,10.0
4411,167.57179,10.0
4412,102.265331,10.0
4413,76.738411,10.0
4414,149.597837,10.0
4415,106.814934,10.0
4416,144.582376,10.0
4417,25.316326,10.0
4418,28.874821,10.0
4419,56.945752,10.0
4420,81.880148,10.0
4421,88.79293,10.0
4422,71.165167,10.0
4423,100.81609,10.0
4424,115.023357,10.0
4425,168.033333,10.0
4426,70.520326,10.0
4427,57.190355,10.0
4428,170.299195,10.0
4429,72.854154,10.0
4430,169.874352,10.0
4431,206.779693,10.0
4432,169.582247,10.0
4433,123.840561,10.0
4434,161.05232,10.0
4435,55.705397,10.0
4436,26.902432,10.0
4437,190.740869,10.0
4438,138.575305,10.0
4439,161.612145,10.0
4440,141.031741,10.0
4441,150.33288,10.0
4442,85.131723,10.0
4443,91.272624,10.0
4444,112.275081,10.0
4445,201.694306,10.0
4446,106.757395,10.0
4447,81.714172,10.0
4448,124.927043,10.0
4449,157.603395,10.0
4450,164.96684,10.0
4451,106.376548,10.0
4452,101.64397,10.0
4453,24.360588,10.0
4454,260.344658,10.0
4455,113.742153,10.0
4456,149.287392,10.0
4457,72.79595,10.0
4458,163.070328,10.0
4459,152.066724,10.0
4460,119.566877,10.0
4461,133.01389,10.0
4462,195.742864,10.0
4463,120.951375,10.0
4464,122.378531,10.0
4465,159.323223,10.0
4466,42.860863,10.0
4467,166.740303,10.0
4468,174.197045,10.0
4469,146.990903,10.0
4470,60.108829,10.0
4471,107.040858,10.0
4472,184.556989,10.0
4473,113.918281,10.0
4474,144.875146,10.0
4475,132.046812,10.0
4476,119.945759,10.0
4477,157.487828,10.0
4478,214.884487,10.0
4479,135.12233,10.0
4480,89.211272,10.0
4481,137.239491,10.0
4482,90.718152,10.0
4483,191.906672,10.0
4484,82.205939,10.0
4485,103.229065,10.0
4486,98.753679,10.0
4487,80.09821,10.0
4488,144.590103,10.0
4489,65.943779,10.0
4490,180.671899,10.0
4491,244.717378,10.0
4492,196.547459,10.0
4493,156.804849,10.0
4494,92.525284,10.0
4495,164.239725,10.0
4496,58.991815,10.0
4497,123.547254,10.0
4498,177.652332,10.0
4499,69.647363,10.0
4500,163.777229,10.0
4501,132.393791,10.0
4502,237.346164,10.0
4503,64.774166,10.0
4504,58.338048,10.0
4505,143.240827,10.0
4506,145.122609,10.0
4507,179.670679,10.0
4508,155.563861,10.0
4509,80.648371,10.0
4510,143.01881,10.0
4511,202.528365,10.0
4512,105.572927,10.0
4513,86.787501,10.0
4514,125.672009,10.0
4515,205.846405,10.0
4516,191.817595,10.0
4517,129.391621,10.0
4518,121.288944,10.0
4519,125.223637,10.0
4520,84.281869,10.0
4521,251.896913,10.0
4522,154.672799,10.0
4523,124.07269,10.0
4524,300.348564,10.0
4525,140.085637,10.0
4526,205.607255,10.0
4527,129.623273,10.0
4528,96.055277,10.0
4529,78.586319,10.0
4530,102.052205,10.0
4531,262.902691,10.0
4532,101.100197,10.0
4533,129.365273,10.0
4534,140.693397,10.0
4535,74.29298,10.0
4536,70.244928,10.0
4537,176.633196,10.0
4538,93.085322,10.0
4539,77.115409,10.0
4540,164.332728,10.0
4541,114.876557,10.0
4542,161.72735,10.0
4543,74.358083,10.0
4544,183.205291,10.0
4545,94.628201,10.0
4546,146.421094,10.0
4547,219.434612,10.0
4548,125.01381,10.0
4549,43.997266,10.0
4550,99.947653,10.0
4551,190.336011,10.0
4552,158.648376,10.0
4553,197.243904,10.0
4554,158.160886,10.0
4555,127.373031,10.0
4556,114.596136,10.0
4557,170.096674,10.0
4558,225.600405,10.0
4559,137.168327,10.0
4560,80.205831,10.0
4561,135.886708,10.0
4562,46.25421,10.0
4563,66.869062,10.0
4564,89.96998,10.0
4565,123.484549,10.0
4566,148.5715,10.0
4567,164.389282,10.0
4568,47.367965,10.0
4569,85.663189,10.0
4570,161.868195,10.0
4571,78.491624,10.0
4572,128.488282,10.0
4573,93.046025,10.0
4574,186.943933,10.0
4575,133.999861,10.0
4576,115.998681,10.0
4577,50.289402,10.0
4578,76.156169,10.0
4579,158.336786,10.0
4580,114.135641,10.0
4581,146.502392,10.0
4582,111.297238,10.0
4583,216.695277,10.0
4584,179.998234,10.0
4585,86.983478,10.0
4586,255.534712,10.0
4587,239.145338,10.0
4588,196.471704,10.0
4589,195.967106,10.0
4590,152.074349,10.0
4591,167.834583,10.0
4592,181.537876,10.0
4593,124.818575,10.0
4594,69.647656,10.0
4595,106.186364,10.0
4596,105.868054,10.0
4597,102.77248,10.0
4598,99.358139,10.0
4599,229.238659,10.0
4600,145.867478,10.0
4601,143.011739,10.0
4602,124.55618,10.0
4603,80.775358,10.0
4604,130.411769,10.0
4605,229.87564,10.0
4606,197.200746,10.0
4607,222.643494,10.0
4608,152.377329,10.0
4609,92.40627,10.0
4610,122.491709,10.0
4611,161.088974,10.0
4612,169.092321,10.0
4613,172.707217,10.0
4614,135.714026,10.0
4615,135.553885,10.0
4616,172.111176,10.0
4617,146.605158,10.0
4618,10.130449,10.0
4619,44.573392,10.0
4620,117.359542,10.0
4621,116.7538,10.0
4622,114.994645,10.0
4623,150.836567,10.0
4624,147.655686,10.0
4625,44.788429,10.0
4626,245.620731,10.0
4627,181.783055,10.0
4628,123.43397,10.0
4629,88.934046,10.0
4630,34.283346,10.0
4631,167.068475,10.0
4632,98.263204,10.0
4633,95.342707,10.0
4634,174.727769,10.0
4635,193.424444,10.0
4636,119.940112,10.0
4637,33.508156,10.0
4638,158.574696,10.0
4639,227.575908,10.0
4640,136.562238,10.0
4641,46.849502,10.0
4642,79.055203,10.0
4643,103.218645,10.0
4644,167.661119,10.0
4645,103.318521,10.0
4646,83.17892,10.0
4647,66.965829,10.0
4648,120.410743,10.0
4649,73.386836,10.0
4650,74.669022,10.0
4651,151.532368,10.0
4652,56.449081,10.0
4653,174.452802,10.0
4654,205.379467,10.0
4655,128.222271,10.0
4656,147.960364,10.0
4657,63.449495,10.0
4658,58.058195,10.0
4659,124.974185,10.0
4660,88.233913,10.0
4661,183.240987,10.0
4662,110.568561,10.0
4663,22.704572,10.0
4664,126.10422,10.0
4665,149.225592,10.0
4666,227.438477,10.0
4667,23.468468,10.0
4668,128.454362,10.0
4669,151.726,10.0
4670,50.683603,10.0
4671,78.328568,10.0
4672,51.048973,10.0
4673,174.054481,10.0
4674,133.510966,10.0
4675,75.170889,10.0
4676,177.116108,10.0
4677,127.240382,10.0
4678,89.863417,10.0
4679,44.674176,10.0
4680,110.249812,10.0
4681,101.165603,10.0
4682,248.616677,10.0
4683,201.158476,10.0
4684,68.511866,10.0
4685,140.944847,10.0
4686,114.198774,10.0
4687,117.997732,10.0
4688,102.380821,10.0
4689,60.57703,10.0
4690,139.183376,10.0
4691,76.4238,10.0
4692,175.443929,10.0
4693,17.016083,10.0
4694,154.513924,10.0
4695,168.707795,10.0
4696,69.174431,10.0
4697,83.953,10.0
4698,140.248067,10.0
4699,138.468374,10.0
4700,181.81425,10.0
4701,79.51432,10.0
4702,74.469753,10.0
4703,195.287179,10.0
4704,113.877926,10.0
4705,100.127776,10.0
4706,78.314614,10.0
4707,223.055671,10.0
4708,202.284989,10.0
4709,133.143019,10.0
4710,196.166367,10.0
4711,52.944256,10.0
4712,110.63132,10.0
4713,73.023103,10.0
4714,116.008488,10.0
4715,50.98188,10.0
4716,201.578966,10.0
4717,199.49871,10.0
4718,134.43519,10.0
4719,111.197961,10.0
4720,187.594042,10.0
4721,65.928782,10.0
4722,135.5866,10.0
4723,71.175531,10.0
4724,90.449082,10.0
4725,120.172562,10.0
4726,-25.999028,10.0
4727,26.13162,10.0
4728,98.711578,10.0
4729,125.15949,10.0
4730,177.567861,10.0
4731,217.981872,10.0
4732,150.753014,10.0
4733,87.668864,10.0
4734,129.554861,10.0
4735,201.768451,10.0
4736,107.994568,10.0
4737,138.863239,10.0
4738,90.650016,10.0
4739,84.79381,10.0
4740,201.027161,10.0
4741,263.984924,10.0
4742,19.999576,10.0
4743,56.310284,10.0
4744,155.642173,10.0
4745,112.857161,10.0
4746,34.634089,10.0
4747,206.82875,10.0
4748,190.402217,10.0
4749,61.281341,10.0
4750,114.480156,10.0
4751,123.076449,10.0
4752,212.061901,10.0
4753,155.921315,10.0
4754,169.266832,10.0
4755,184.941797,10.0
4756,286.967901,10.0
4757,137.546877,10.0
4758,111.456485,10.0
4759,77.679981,10.0
4760,128.085391,10.0
4761,74.290938,10.0
4762,176.013753,10.0
4763,57.095872,10.0
4764,167.589277,10.0
4765,147.834424,10.0
4766,149.618017,10.0
4767,96.123703,10.0
4768,65.655506,10.0
4769,2.220221,10.0
4770,180.827324,10.0
4771,196.753553,10.0
4772,164.502005,10.0
4773,50.66205,10.0
4774,158.423667,10.0
4775,125.079971,10.0
4776,127.899886,10.0
4777,176.441069,10.0
4778,105.544307,10.0
4779,159.403099,10.0
4780,124.746736,10.0
4781,173.834105,10.0
4782,197.32876,10.0
4783,95.309012,10.0
4784,115.674745,10.0
4785,169.903357,10.0
4786,-10.248086,10.0
4787,179.258317,10.0
4788,39.455578,10.0
4789,88.476351,10.0
4790,96.300526,10.0
4791,173.384446,10.0
4792,114.954592,10.0
4793,119.097359,10.0
4794,14.469656,10.0
4795,89.570403,10.0
4796,70.672039,10.0
4797,101.529549,10.0
4798,24.775982,10.0
4799,142.450912,10.0
4800,91.910788,10.0
4801,127.047932,10.0
4802,195.017095,10.0
4803,109.370437,10.0
4804,103.7771,10.0
4805,30.028253,10.0
4806,103.011833,10.0
4807,142.570989,10.0
4808,63.547967,10.0
4809,20.404309,10.0
4810,221.012125,10.0
4811,106.585229,10.0
4812,162.140869,10.0
4813,111.124445,10.0
4814,145.763659,10.0
4815,90.88539,10.0
4816,143.913061,10.0
4817,82.927087,10.0
4818,244.207188,10.0
4819,132.333392,10.0
4820,135.170941,10.0
4821,119.781573,10.0
4822,69.664957,10.0
4823,130.960217,10.0
4824,127.628306,10.0
4825,144.876416,10.0
4826,122.810113,10.0
4827,165.030696,10.0
4828,97.134157,10.0
4829,153.175823,10.0
4830,126.299103,10.0
4831,22.739903,10.0
4832,122.624196,10.0
4833,93.675674,10.0
4834,117.127135,10.0
4835,198.067307,10.0
4836,86.520134,10.0
4837,49.810691,10.0
4838,102.720421,10.0
4839,167.59917,10.0
4840,107.002476,10.0
4841,226.441555,10.0
4842,150.460005,10.0
4843,69.289774,10.0
4844,77.60768,10.0
4845,-12.981119,10.0
4846,64.875005,10.0
4847,189.615236,10.0
4848,325.489409,10.0
4849,-2.412305,10.0
4850,130.561193,10.0
4851,108.252375,10.0
4852,157.822301,10.0
4853,115.441716,10.0
4854,100.850991,10.0
4855,138.786836,10.0
4856,138.272258,10.0
4857,66.458423,10.0
4858,129.328153,10.0
4859,145.325386,10.0
4860,120.32892,10.0
4861,181.067174,10.0
4862,116.892247,10.0
4863,199.006943,10.0
4864,0.382426,10.0
4865,102.646663,10.0
4866,152.012223,10.0
4867,135.321005,10.0
4868,79.599719,10.0
4869,195.309375,10.0
4870,89.270793,10.0
4871,188.01613,10.0
4872,69.447543,10.0
4873,119.118465,10.0
4874,128.672965,10.0
4875,167.235476,10.0
4876,71.814141,10.0
4877,133.765882,10.0
4878,158.520591,10.0
4879,103.88701,10.0
4880,60.114747,10.0
4881,82.064353,10.0
4882,68.571175,10.0
4883,222.245733,10.0
4884,81.660093,10.0
4885,133.449299,10.0
4886,175.145713,10.0
4887,118.414571,10.0
4888,71.194097,10.0
4889,42.163451,10.0
4890,155.517738,10.0
4891,111.528569,10.0
4892,309.751507,10.0
4893,143.763716,10.0
4894,276.367738,10.0
4895,150.848791,10.0
4896,222.93206,10.0
4897,136.991132,10.0
4898,87.586617,10.0
4899,136.09787,10.0
4900,111.237847,10.0
4901,108.941112,10.0
4902,165.55775,10.0
4903,34.01252,10.0
4904,83.156631,10.0
4905,50.620098,10.0
4906,108.566002,10.0
4907,43.789014,10.0
4908,129.154189,10.0
4909,19.322674,10.0
4910,119.234102,10.0
4911,83.722472,10.0
4912,148.008547,10.0
4913,106.931007,10.0
4914,59.725938,10.0
4915,124.794008,10.0
4916,113.672632,10.0
4917,92.613734,10.0
4918,151.140562,10.0
4919,190.453205,10.0
4920,117.027593,10.0
4921,175.423683,10.0
4922,121.05105,10.0
4923,92.833254,10.0
4924,143.589769,10.0
4925,207.495231,10.0
4926,94.045304,10.0
4927,189.262875,10.0
4928,80.636708,10.0
4929,99.046717,10.0
4930,52.357992,10.0
4931,63.384802,10.0
4932,152.388528,10.0
4933,201.668426,10.0
4934,70.095147,10.0
4935,142.295718,10.0
4936,94.319686,10.0
4937,76.530936,10.0
4938,221.667474,10.0
4939,141.819829,10.0
4940,158.152711,10.0
4941,84.51523,10.0
4942,142.20953,10.0
4943,183.118299,10.0
4944,129.738703,10.0
4945,160.290885,10.0
4946,94.45052,10.0
4947,181.52946,10.0
4948,175.767424,10.0
4949,170.460526,10.0
4950,64.856242,10.0
4951,99.446804,10.0
4952,171.583041,10.0
4953,54.27176,10.0
4954,129.247557,10.0
4955,153.16712,10.0
4956,134.692154,10.0
4957,97.928727,10.0
4958,55.26752,10.0
4959,184.919995,10.0
4960,87.35871,10.0
4961,36.328728,10.0
4962,246.420698,10.0
4963,122.693176,10.0
4964,159.110467,10.0
4965,174.078691,10.0
4966,93.464538,10.0
4967,74.107471,10.0
4968,65.955432,10.0
4969,175.29795,10.0
4970,181.934462,10.0
4971,150.345357,10.0
4972,116.612803,10.0
4973,90.860976,10.0
4974,164.425825,10.0
4975,53.922318,10.0
4976,134.902396,10.0
4977,81.756039,10.0
4978,88.100145,10.0
4979,227.050099,10.0
4980,153.326197,10.0
4981,81.389811,10.0
4982,58.25339,10.0
4983,109.62908,10.0
4984,175.109869,10.0
4985,73.806606,10.0
4986,81.967867,10.0
4987,88.106668,10.0
4988,168.970729,10.0
4989,209.024467,10.0
4990,16.644731,10.0
4991,105.830989,10.0
4992,108.974601,10.0
4993,143.523864,10.0
4994,148.803281,10.0
4995,135.85082,10.0
4996,163.786057,10.0
4997,92.250545,10.0
4998,197.1999,10.0
4999,134.229609,10.0
5000,102.861888,10.0
5001,132.378461,10.0
5002,173.693148,10.0
5003,56.968496,10.0
5004,141.166154,10.0
5005,178.497673,10.0
5006,127.450412,10.0
5007,86.476478,10.0
5008,108.521859,10.0
5009,133.535469,10.0
5010,64.055749,10.0
5011,42.407941,10.0
5012,188.855792,10.0
5013,195.305006,10.0
5014,175.952482,10.0
5015,264.268428,10.0
5016,113.466226,10.0
5017,101.80074,10.0
5018,190.851365,10.0
5019,192.826494,10.0
5020,133.147027,10.0
5021,282.990751,10.0
5022,159.682705,10.0
5023,64.427196,10.0
5024,138.568909,10.0
5025,118.589281,10.0
5026,91.891773,10.0
5027,160.872286,10.0
5028,115.031339,10.0
5029,87.892488,10.0
5030,126.506428,10.0
5031,138.676392,10.0
5032,172.862897,10.0
5033,142.071461,10.0
5034,217.249006,10.0
5035,224.023084,10.0
5036,131.840498,10.0
5037,124.641606,10.0
5038,162.321947,10.0
5039,166.397352,10.0
5040,100.76188,10.0
5041,164.283117,10.0
5042,95.163713,10.0
5043,247.155202,10.0
5044,159.683629,10.0
5045,156.910155,10.0
5046,101.207202,10.0
5047,300.268278,10.0
5048,157.569336,10.0
5049,183.681873,10.0
5050,161.174065,10.0
5051,14.922292,10.0
5052,124.111113,10.0
5053,150.025575,10.0
5054,149.338957,10.0
5055,46.55907,10.0
5056,153.023324,10.0
5057,57.207535,10.0
5058,231.264985,10.0
5059,93.599144,10.0
5060,106.02966,10.0
5061,143.230695,10.0
5062,45.131357,10.0
5063,69.19599,10.0
5064,117.585212,10.0
5065,77.474873,10.0
5066,127.924612,10.0
5067,115.315345,10.0
5068,233.721095,10.0
5069,56.866775,10.0
5070,157.848298,10.0
5071,47.030297,10.0
5072,97.081872,10.0
5073,-9.342969,10.0
5074,104.920882,10.0
5075,141.081802,10.0
5076,215.286357,10.0
5077,109.737615,10.0
5078,109.3557,10.0
5079,104.267837,10.0
5080,48.542607,10.0
5081,151.469709,10.0
5082,108.188184,10.0
5083,128.427559,10.0
5084,80.640925,10.0
5085,107.999496,10.0
5086,81.620821,10.0
5087,94.689437,10.0
5088,151.286429,10.0
5089,113.147013,10.0
5090,135.509758,10.0
5091,109.686823,10.0
5092,93.160018,10.0
5093,101.333478,10.0
5094,165.867386,10.0
5095,148.918357,10.0
5096,160.214994,10.0
5097,146.238843,10.0
5098,138.002406,10.0
5099,153.185929,10.0
5100,141.028827,10.0
5101,87.274238,10.0
5102,67.108263,10.0
5103,138.387194,10.0
5104,138.922162,10.0
5105,101.510177,10.0
5106,6.607454,10.0
5107,42.514802,10.0
5108,103.139362,10.0
5109,139.538391,10.0
5110,55.903099,10.0
5111,93.606574,10.0
5112,190.634366,10.0
5113,95.40046,10.0
5114,26.129914,10.0
5115,83.067661,10.0
5116,62.074896,10.0
5117,135.654442,10.0
5118,103.181489,10.0
5119,219.95901,10.0
5120,186.077657,10.0
5121,233.901276,10.0
5122,103.982986,10.0
5123,57.510988,10.0
5124,165.160837,10.0
5125,56.528703,10.0
5126,150.749011,10.0
5127,121.771242,10.0
5128,64.035026,10.0
5129,82.283023,10.0
5130,173.912629,10.0
5131,99.237653,10.0
5132,90.229886,10.0
5133,101.695425,10.0
5134,79.210419,10.0
5135,228.861451,10.0
5136,169.467026,10.0
5137,86.331284,10.0
5138,68.902767,10.0
5139,74.713329,10.0
5140,72.234444,10.0
5141,69.007537,10.0
5142,107.187119,10.0
5143,90.556144,10.0
5144,76.040974,10.0
5145,109.582822,10.0
5146,151.762245,10.0
5147,123.929212,10.0
5148,218.630653,10.0
5149,234.727175,10.0
5150,199.222974,10.0
5151,105.852192,10.0
5152,120.244452,10.0
5153,82.35003,10.0
5154,98.523418,10.0
5155,114.087282,10.0
5156,185.629243,10.0
5157,109.074153,10.0
5158,169.508443,10.0
5159,79.124268,10.0
5160,147.728964,10.0
5161,173.380987,10.0
5162,149.484484,10.0
5163,40.710564,10.0
5164,38.355959,10.0
5165,141.23164,10.0
5166,40.282075,10.0
5167,121.431527,10.0
5168,107.319796,10.0
5169,126.74933,10.0
5170,107.423986,10.0
5171,101.341092,10.0
5172,96.546057,10.0
5173,156.919984,10.0
5174,172.450944,10.0
5175,45.324714,10.0
5176,119.420488,10.0
5177,194.380657,10.0
5178,150.447165,10.0
5179,197.438805,10.0
5180,73.698801,10.0
5181,72.469515,10.0
5182,195.63671,10.0
5183,96.749088,10.0
5184,71.597357,10.0
5185,68.835801,10.0
5186,200.658923,10.0
5187,234.06986,10.0
5188,258.799676,10.0
5189,129.244636,10.0
5190,35.541893,10.0
5191,152.093179,10.0
5192,2.300655,10.0
5193,163.462959,10.0
5194,137.798892,10.0
5195,162.340418,10.0
5196,198.620925,10.0
5197,110.24089,10.0
5198,195.886523,10.0
5199,216.907214,10.0
5200,80.907653,10.0
5201,138.725762,10.0
5202,153.969101,10.0
5203,12.231403,10.0
5204,162.477272,10.0
5205,42.93343,10.0
5206,159.448543,10.0
5207,32.002609,10.0
5208,86.077631,10.0
5209,125.252982,10.0
5210,60.840984,10.0
5211,328.442219,10.0
5212,108.898093,10.0
5213,169.012424,10.0
5214,150.18925,10.0
5215,243.62958,10.0
5216,156.861309,10.0
5217,110.50089,10.0
5218,40.230149,10.0
5219,140.753369,10.0
5220,71.386854,10.0
5221,229.298141,10.0
5222,272.364098,10.0
5223,70.273805,10.0
5224,142.058749,10.0
5225,195.04811,10.0
5226,159.827551,10.0
5227,142.335984,10.0
5228,88.444175,10.0
5229,154.241491,10.0
5230,22.822471,10.0
5231,90.485446,10.0
5232,125.78364,10.0
5233,118.204048,10.0
5234,341.9733,10.0
5235,172.360588,10.0
5236,3.508049,10.0
5237,191.848794,10.0
5238,34.752558,10.0
5239,67.816229,10.0
5240,143.131609,10.0
5241,135.647996,10.0
5242,154.5363,10.0
5243,80.745744,10.0
5244,77.852767,10.0
5245,97.175954,10.0
5246,188.941898,10.0
5247,134.041435,10.0
5248,115.496101,10.0
5249,107.16171,10.0
5250,106.413915,10.0
5251,48.539251,10.0
5252,104.988359,10.0
5253,69.02967,10.0
5254,65.860178,10.0
5255,122.090181,10.0
5256,158.679141,10.0
5257,188.603992,10.0
5258,115.147336,10.0
5259,127.772722,10.0
5260,193.904037,10.0
5261,133.07893,10.0
5262,103.756069,10.0
5263,92.848904,10.0
5264,74.661448,10.0
5265,83.237668,10.0
5266,126.209335,10.0
5267,157.452511,10.0
5268,40.301782,10.0
5269,108.598125,10.0
5270,140.081806,10.0
5271,135.422417,10.0
5272,176.564762,10.0
5273,99.98186,10.0
5274,209.651291,10.0
5275,75.050805,10.0
5276,148.245944,10.0
5277,196.411461,10.0
5278,108.210356,10.0
5279,113.454662,10.0
5280,113.776519,10.0
5281,136.558958,10.0
5282,180.406486,10.0
5283,-6.986797,10.0
5284,85.332024,10.0
5285,143.357231,10.0
5286,102.778014,10.0
5287,63.633521,10.0
5288,188.428518,10.0
5289,148.945303,10.0
5290,127.704457,10.0
5291,138.898451,10.0
5292,107.376156,10.0
5293,147.310676,10.0
5294,154.069751,10.0
5295,74.234204,10.0
5296,167.37638,10.0
5297,45.225124,10.0
5298,54.030977,10.0
5299,176.822562,10.0
5300,232.921145,10.0
5301,165.899819,10.0
5302,130.123237,10.0
5303,36.070408,10.0
5304,194.09046,10.0
5305,102.979952,10.0
5306,38.72216,10.0
5307,76.012882,10.0
5308,146.015435,10.0
5309,57.388507,10.0
5310,52.517182,10.0
5311,124.489547,10.0
5312,68.674357,10.0
5313,123.460056,10.0
5314,165.398155,10.0
5315,164.099514,10.0
5316,110.427132,10.0
5317,91.901018,10.0
5318,75.42579,10.0
5319,182.110672,10.0
5320,133.643416,10.0
5321,46.509471,10.0
5322,41.080765,10.0
5323,121.415251,10.0
5324,138.760802,10.0
5325,110.992604,10.0
5326,80.292149,10.0
5327,43.615318,10.0
5328,130.46857,10.0
5329,173.395369,10.0
5330,67.794577,10.0
5331,130.637682,10.0
5332,83.38475,10.0
5333,78.849433,10.0
5334,174.904488,10.0
5335,92.94334,10.0
5336,129.023902,10.0
5337,47.052882,10.0
5338,164.451848,10.0
5339,102.143249,10.0
5340,218.676625,10.0
5341,28.046135,10.0
5342,130.459553,10.0
5343,161.75561,10.0
5344,166.555632,10.0
5345,61.269225,10.0
5346,69.841248,10.0
5347,143.878031,10.0
5348,266.068485,10.0
5349,67.249241,10.0
5350,124.984321,10.0
5351,162.360561,10.0
5352,82.249416,10.0
5353,139.546279,10.0
5354,154.42253,10.0
5355,162.543898,10.0
5356,50.806812,10.0
5357,113.429819,10.0
5358,205.390376,10.0
5359,183.327235,10.0
5360,73.216599,10.0
5361,92.25955,10.0
5362,81.874992,10.0
5363,126.756043,10.0
5364,16.976733,10.0
5365,84.485382,10.0
5366,189.907396,10.0
5367,78.635535,10.0
5368,70.793077,10.0
5369,138.216503,10.0
5370,165.320498,10.0
5371,124.760303,10.0
5372,53.861516,10.0
5373,217.209975,10.0
5374,88.194621,10.0
5375,120.690079,10.0
5376,71.60481,10.0
5377,158.428038,10.0
5378,156.452586,10.0
5379,149.706586,10.0
5380,300.512473,10.0
5381,126.843387,10.0
5382,205.749628,10.0
5383,86.620325,10.0
5384,161.035024,10.0
5385,116.956237,10.0
5386,60.379816,10.0
5387,193.057192,10.0
5388,63.817795,10.0
5389,92.652741,10.0
5390,128.390067,10.0
5391,77.703104,10.0
5392,96.491019,10.0
5393,202.815324,10.0
5394,-11.528983,10.0
5395,73.50068,10.0
5396,148.690178,10.0
5397,99.99273,10.0
5398,103.658734,10.0
5399,134.787861,10.0
5400,164.97341,10.0
5401,127.165727,10.0
5402,115.203544,10.0
5403,144.597585,10.0
5404,52.667024,10.0
5405,168.716934,10.0
5406,-10.066102,10.0
5407,235.875164,10.0
5408,93.499115,10.0
5409,88.608221,10.0
5410,255.554353,10.0
5411,215.392738,10.0
5412,66.358367,10.0
5413,247.764,10.0
5414,184.427721,10.0
5415,112.728219,10.0
5416,92.449943,10.0
5417,111.539422,10.0
5418,158.381344,10.0
5419,154.667633,10.0
5420,170.005013,10.0
5421,-12.146735,10.0
5422,55.130854,10.0
5423,215.751539,10.0
5424,161.996528,10.0
5425,68.181275,10.0
5426,207.293379,10.0
5427,143.296358,10.0
5428,82.179037,10.0
5429,47.470835,10.0
5430,91.789396,10.0
5431,241.840106,10.0
5432,41.620349,10.0
5433,145.838719,10.0
5434,119.874572,10.0
5435,169.871859,10.0
5436,157.440896,10.0
5437,172.815259,10.0
5438,25.137661,10.0
5439,153.775988,10.0
5440,115.676807,10.0
5441,85.783172,10.0
5442,93.181531,10.0
5443,58.339781,10.0
5444,186.112491,10.0
5445,153.100524,10.0
5446,91.520831,10.0
5447,76.493847,10.0
5448,143.550791,10.0
5449,54.21795,10.0
5450,74.592017,10.0
5451,84.32016,10.0
5452,71.617104,10.0
5453,131.44659,10.0
5454,151.419383,10.0
5455,143.215503,10.0
5456,209.367377,10.0
5457,85.337304,10.0
5458,151.82072,10.0
5459,136.020491,10.0
5460,141.14741,10.0
5461,167.889266,10.0
5462,122.191197,10.0
5463,67.786944,10.0
5464,142.199309,10.0
5465,191.987375,10.0
5466,104.019159,10.0
5467,189.145364,10.0
5468,115.825784,10.0
5469,191.252493,10.0
5470,180.674943,10.0
5471,170.818927,10.0
5472,218.875117,10.0
5473,130.410233,10.0
5474,223.187255,10.0
5475,214.161352,10.0
5476,70.538384,10.0
5477,220.218599,10.0
5478,106.422923,10.0
5479,123.255639,10.0
5480,57.368782,10.0
5481,176.337536,10.0
5482,166.646195,10.0
5483,153.419994,10.0
5484,179.926326,10.0
5485,164.633164,10.0
5486,112.156455,10.0
5487,190.18606,10.0
5488,196.190318,10.0
5489,184.419882,10.0
5490,178.545572,10.0
5491,82.215294,10.0
5492,134.035328,10.0
5493,73.728119,10.0
5494,85.514376,10.0
5495,76.525065,10.0
5496,231.974126,10.0
5497,239.994554,10.0
5498,40.904046,10.0
5499,101.554814,10.0
5500,94.403984,10.0
5501,59.004303,10.0
5502,100.939815,10.0
5503,143.726076,10.0
5504,72.099153,10.0
5505,122.607363,10.0
5506,157.033197,10.0
5507,133.317879,10.0
5508,128.559577,10.0
5509,25.919215,10.0
5510,70.376361,10.0
5511,158.693534,10.0
5512,113.474737,10.0
5513,157.482274,10.0
5514,125.211473,10.0
5515,93.06798,10.0
5516,160.497413,10.0
5517,80.214352,10.0
5518,229.949572,10.0
5519,65.004208,10.0
5520,164.836042,10.0
5521,68.146123,10.0
5522,46.812157,10.0
5523,179.981055,10.0
5524,109.635378,10.0
5525,88.892463,10.0
5526,83.229423,10.0
5527,46.914721,10.0
5528,10.806841,10.0
5529,77.960907,10.0
5530,204.359874,10.0
5531,229.533519,10.0
5532,87.688115,10.0
5533,51.005877,10.0
5534,52.314809,10.0
5535,72.016907,10.0
5536,129.445494,10.0
5537,209.459852,10.0
5538,153.7609,10.0
5539,113.591878,10.0
5540,144.737022,10.0
5541,114.38477,10.0
5542,152.160308,10.0
5543,125.053672,10.0
5544,107.875207,10.0
5545,228.348395,10.0
5546,145.251785,10.0
5547,180.487053,10.0
5548,287.07621,10.0
5549,166.923669,10.0
5550,91.397569,10.0
5551,179.064124,10.0
5552,80.948533,10.0
5553,81.709261,10.0
5554,89.131254,10.0
5555,137.358708,10.0
5556,112.571966,10.0
5557,240.68208,10.0
5558,171.479359,10.0
5559,198.422417,10.0
5560,177.117645,10.0
5561,174.728463,10.0
5562,113.247356,10.0
5563,80.56036,10.0
5564,111.433401,10.0
5565,28.199746,10.0
5566,140.695092,10.0
5567,123.031801,10.0
5568,106.736687,10.0
5569,183.467737,10.0
5570,142.197929,10.0
5571,22.372942,10.0
5572,113.767294,10.0
5573,41.380802,10.0
5574,135.787313,10.0
5575,152.827001,10.0
5576,120.310588,10.0
5577,124.441532,10.0
5578,192.684153,10.0
5579,221.018589,10.0
5580,169.982428,10.0
5581,89.127359,10.0
5582,123.777738,10.0
5583,58.692136,10.0
5584,185.644831,10.0
5585,95.750183,10.0
5586,36.405715,10.0
5587,131.872915,10.0
5588,82.700937,10.0
5589,176.020834,10.0
5590,197.295681,10.0
5591,187.518801,10.0
5592,73.570147,10.0
5593,80.011044,10.0
5594,93.300511,10.0
5595,108.143638,10.0
5596,80.104722,10.0
5597,150.056417,10.0
5598,114.086416,10.0
5599,148.253613,10.0
5600,34.81166,10.0
5601,130.493204,10.0
5602,30.375597,10.0
5603,107.024268,10.0
5604,112.456424,10.0
5605,165.904853,10.0
5606,153.252079,10.0
5607,119.35817,10.0
5608,111.606407,10.0
5609,138.573144,10.0
5610,115.612014,10.0
5611,30.877876,10.0
5612,207.215636,10.0
5613,136.99817,10.0
5614,114.025337,10.0
5615,161.857672,10.0
5616,90.652918,10.0
5617,101.500643,10.0
5618,117.603936,10.0
5619,-17.388708,10.0
5620,149.565526,10.0
5621,104.426488,10.0
5622,86.085683,10.0
5623,176.802706,10.0
5624,108.569284,10.0
5625,162.88585,10.0
5626,87.688546,10.0
5627,77.294147,10.0
5628,167.705854,10.0
5629,150.195395,10.0
5630,109.790181,10.0
5631,65.067194,10.0
5632,4.341146,10.0
5633,84.538894,10.0
5634,-7.10036,10.0
5635,205.509694,10.0
5636,124.088948,10.0
5637,335.629038,10.0
5638,126.045202,10.0
5639,12.884423,10.0
5640,185.777675,10.0
5641,300.767033,10.0
5642,133.531912,10.0
5643,140.789668,10.0
5644,130.034364,10.0
5645,262.331008,10.0
5646,115.141092,10.0
5647,109.904101,10.0
5648,113.826168,10.0
5649,55.068149,10.0
5650,141.870442,10.0
5651,63.361918,10.0
5652,234.418228,10.0
5653,143.404637,10.0
5654,158.424257,10.0
5655,152.219234,10.0
5656,167.303758,10.0
5657,107.593115,10.0
5658,149.617307,10.0
5659,92.25319,10.0
5660,252.489101,10.0
5661,64.018805,10.0
5662,200.559811,10.0
5663,187.321179,10.0
5664,154.517207,10.0
5665,102.002817,10.0
5666,170.289781,10.0
5667,80.371687,10.0
5668,166.999885,10.0
5669,174.578578,10.0
5670,128.96413,10.0
5671,90.086975,10.0
5672,76.200615,10.0
5673,85.929182,10.0
5674,203.714896,10.0
5675,43.39057,10.0
5676,223.60012,10.0
5677,108.212253,10.0
5678,132.646703,10.0
5679,132.345628,10.0
5680,187.911697,10.0
5681,155.063252,10.0
5682,195.294624,10.0
5683,1.178659,10.0
5684,155.400964,10.0
5685,175.201856,10.0
5686,218.853374,10.0
5687,108.242462,10.0
5688,135.136502,10.0
5689,65.675265,10.0
5690,66.068854,10.0
5691,144.571829,10.0
5692,107.655682,10.0
5693,149.987723,10.0
5694,44.472783,10.0
5695,157.001027,10.0
5696,221.040729,10.0
5697,194.825502,10.0
5698,31.454259,10.0
5699,34.490778,10.0
5700,40.511249,10.0
5701,144.315209,10.0
5702,216.173488,10.0
5703,50.185873,10.0
5704,82.079486,10.0
5705,190.08261,10.0
5706,174.126314,10.0
5707,156.588793,10.0
5708,136.552877,10.0
5709,59.597554,10.0
5710,119.783758,10.0
5711,7.300043,10.0
5712,259.780029,10.0
5713,112.877403,10.0
5714,132.914778,10.0
5715,199.223073,10.0
5716,157.010954,10.0
5717,115.401362,10.0
5718,160.127443,10.0
5719,165.208795,10.0
5720,53.047085,10.0
5721,61.753679,10.0
5722,194.394064,10.0
5723,63.500237,10.0
5724,88.672479,10.0
5725,148.729695,10.0
5726,119.570347,10.0
5727,98.45175,10.0
5728,71.166408,10.0
5729,128.093173,10.0
5730,126.497694,10.0
5731,122.114736,10.0
5732,165.920488,10.0
5733,24.173221,10.0
5734,129.925442,10.0
5735,95.079874,10.0
5736,50.070459,10.0
5737,190.100915,10.0
5738,212.134218,10.0
5739,136.465009,10.0
5740,181.703435,10.0
5741,57.675001,10.0
5742,79.573673,10.0
5743,196.40509,10.0
5744,112.507498,10.0
5745,175.217764,10.0
5746,310.705014,10.0
5747,122.395608,10.0
5748,31.487168,10.0
5749,358.292444,10.0
5750,121.375605,10.0
5751,149.272986,10.0
5752,100.702472,10.0
5753,220.529953,10.0
5754,157.76401,10.0
5755,94.128564,10.0
5756,177.423458,10.0
5757,103.348516,10.0
5758,43.259513,10.0
5759,175.703032,10.0
5760,155.304004,10.0
5761,193.091114,10.0
5762,136.877117,10.0
5763,146.405129,10.0
5764,167.111593,10.0
5765,186.103519,10.0
5766,173.666395,10.0
5767,146.918015,10.0
5768,108.14927,10.0
5769,229.055445,10.0
5770,61.82605,10.0
5771,115.083961,10.0
5772,142.801937,10.0
5773,148.654864,10.0
5774,288.086591,10.0
5775,126.289785,10.0
5776,100.209684,10.0
5777,90.502632,10.0
5778,52.511867,10.0
5779,80.845133,10.0
5780,196.13502,10.0
5781,170.458204,10.0
5782,44.799829,10.0
5783,76.441812,10.0
5784,109.611026,10.0
5785,40.392206,10.0
5786,175.776205,10.0
5787,59.134048,10.0
5788,84.847993,10.0
5789,127.23193,10.0
5790,162.588129,10.0
5791,99.575974,10.0
5792,77.922002,10.0
5793,182.697841,10.0
5794,147.043008,10.0
5795,118.152173,10.0
5796,39.020941,10.0
5797,15.021905,10.0
5798,170.779973,10.0
5799,78.333096,10.0
5800,289.989376,10.0
5801,129.191778,10.0
5802,225.263468,10.0
5803,110.595413,10.0
5804,184.310006,10.0
5805,118.420517,10.0
5806,126.202071,10.0
5807,158.605527,10.0
5808,-22.657329,10.0
5809,197.765932,10.0
5810,151.470583,10.0
5811,73.015413,10.0
5812,110.864977,10.0
5813,60.173267,10.0
5814,44.834139,10.0
5815,121.811948,10.0
5816,129.744288,10.0
5817,138.700201,10.0
5818,17.166396,10.0
5819,246.672851,10.0
5820,101.966655,10.0
5821,60.633322,10.0
5822,147.078264,10.0
5823,152.9629,10.0
5824,14.936408,10.0
5825,186.713047,10.0
5826,201.29922,10.0
5827,77.505541,10.0
5828,206.034172,10.0
5829,50.484745,10.0
5830,54.245675,10.0
5831,211.397129,10.0
5832,122.547495,10.0
5833,140.780887,10.0
5834,171.294997,10.0
5835,61.164962,10.0
5836,179.710574,10.0
5837,113.117656,10.0
5838,73.560275,10.0
5839,189.285775,10.0
5840,85.625457,10.0
5841,38.504542,10.0
5842,183.05385,10.0
5843,149.495598,10.0
5844,97.517224,10.0
5845,138.643982,10.0
5846,80.303614,10.0
5847,93.950663,10.0
5848,112.721777,10.0
5849,192.908021,10.0
5850,118.493841,10.0
5851,46.129471,10.0
5852,79.650287,10.0
5853,140.767885,10.0
5854,121.127317,10.0
5855,149.535864,10.0
5856,43.470845,10.0
5857,86.567587,10.0
5858,121.804153,10.0
5859,52.304865,10.0
5860,66.417241,10.0
5861,165.720897,10.0
5862,58.058469,10.0
5863,180.968343,10.0
5864,158.040373,10.0
5865,137.529941,10.0
5866,207.461962,10.0
5867,194.644541,10.0
5868,140.756695,10.0
5869,162.147302,10.0
5870,79.993868,10.0
5871,34.879019,10.0
5872,126.354472,10.0
5873,137.320665,10.0
5874,78.391972,10.0
5875,83.516149,10.0
5876,163.503041,10.0
5877,92.974441,10.0
5878,117.227047,10.0
5879,175.420827,10.0
5880,289.874134,10.0
5881,196.550664,10.0
5882,165.130045,10.0
5883,185.766056,10.0
5884,248.174714,10.0
5885,28.328485,10.0
5886,115.984878,10.0
5887,248.78069,10.0
5888,149.43048,10.0
5889,53.53306,10.0
5890,81.639657,10.0
5891,103.453186,10.0
5892,139.400653,10.0
5893,24.411272,10.0
5894,28.009674,10.0
5895,93.012112,10.0
5896,58.937154,10.0
5897,152.449261,10.0
5898,99.026059,10.0
5899,119.763952,10.0
5900,89.982613,10.0
5901,48.465178,10.0
5902,159.376973,10.0
5903,42.636645,10.0
5904,168.451373,10.0
5905,28.711466,10.0
5906,146.449949,10.0
5907,212.364205,10.0
5908,71.897525,10.0
5909,90.997776,10.0
5910,169.695382,10.0
5911,172.782781,10.0
5912,63.908511,10.0
5913,194.340927,10.0
5914,128.819471,10.0
5915,66.290684,10.0
5916,218.436117,10.0
5917,-40.416904,10.0
5918,125.738176,10.0
5919,70.375532,10.0
5920,17.165139,10.0
5921,131.935701,10.0
5922,167.322269,10.0
5923,196.446457,10.0
5924,37.018953,10.0
5925,98.400729,10.0
5926,114.80291,10.0
5927,178.09273,10.0
5928,94.245252,10.0
5929,182.513201,10.0
5930,82.789058,10.0
5931,244.097292,10.0
5932,159.948373,10.0
5933,83.395902,10.0
5934,88.156742,10.0
5935,143.768322,10.0
5936,66.035437,10.0
5937,92.793094,10.0
5938,52.49573,10.0
5939,165.080955,10.0
5940,122.324357,10.0
5941,172.808566,10.0
5942,59.681241,10.0
5943,229.856105,10.0
5944,159.491762,10.0
5945,94.735931,10.0
5946,184.480948,10.0
5947,91.92935,10.0
5948,112.736419,10.0
5949,69.749353,10.0
5950,98.844194,10.0
5951,156.267777,10.0
5952,199.239307,10.0
5953,132.831968,10.0
5954,116.646918,10.0
5955,189.007355,10.0
5956,159.715259,10.0
5957,90.903968,10.0
5958,102.324875,10.0
5959,57.727169,10.0
5960,91.687518,10.0
5961,69.714892,10.0
5962,151.048128,10.0
5963,115.172184,10.0
5964,61.035853,10.0
5965,349.829713,10.0
5966,56.70472,10.0
5967,182.015126,10.0
5968,79.685414,10.0
5969,208.992245,10.0
5970,154.575781,10.0
5971,133.293131,10.0
5972,97.198321,10.0
5973,140.902165,10.0
5974,191.962064,10.0
5975,302.603454,10.0
5976,53.071057,10.0
5977,29.428296,10.0
5978,46.55326,10.0
5979,97.256416,10.0
5980,136.534105,10.0
5981,135.036433,10.0
5982,63.298471,10.0
5983,71.215858,10.0
5984,64.569136,10.0
5985,239.913442,10.0
5986,130.337604,10.0
5987,92.535866,10.0
5988,100.421959,10.0
5989,61.520634,10.0
5990,209.083848,10.0
5991,53.789815,10.0
5992,157.168248,10.0
5993,124.145906,10.0
5994,62.950787,10.0
5995,130.248643,10.0
5996,27.312245,10.0
5997,173.815683,10.0
5998,101.381392,10.0
5999,93.038856,10.0
6000,70.319037,10.0
