customer_id,segment,pre_contribution,outcome
1,0,65.006616,58.198455
2,0,68.251888,79.677258
3,0,55.744587,85.220204
4,0,77.470665,48.37405
5,0,137.573075,115.327858
6,0,103.367185,110.759753
7,0,92.181615,108.087683
8,0,98.846514,57.873225
9,0,147.595959,145.712154
10,0,48.978975,60.799122
11,0,145.217819,159.340849
12,0,94.696352,122.759315
13,0,66.245339,97.498838
14,0,104.5308,101.923547
15,0,72.531943,80.589342
16,0,114.418262,84.953965
17,0,42.571333,17.169374
18,0,76.131623,49.637883
19,0,116.145105,61.954297
20,0,33.461814,67.236481
21,0,61.653514,35.478906
22,0,38.970293,33.39789
23,0,230.726908,129.458903
24,0,86.097934,83.792752
25,0,112.637865,80.557415
26,0,86.35421,99.209119
27,0,228.775756,129.124853
28,0,120.426991,99.905117
29,0,244.24852,144.603308
30,0,23.306219,79.624065
31,0,77.981418,65.360678
32,0,52.359994,59.791097
33,0,80.079774,90.094687
34,0,57.256815,80.481401
35,0,119.933618,69.994533
36,0,100.752769,109.572827
37,0,52.802895,39.331812
38,0,79.331146,12.223043
39,0,107.438714,75.055655
40,0,129.098616,79.451594
41,0,33.518139,17.999834
42,0,108.007757,116.267424
43,0,60.981386,93.702645
44,0,81.157657,93.308367
45,0,43.781804,51.10831
46,0,150.603608,100.174428
47,0,92.826151,73.032836
48,0,176.773045,57.209589
49,0,161.70949,112.5108
50,0,72.807168,42.942769
51,0,127.539085,87.926278
52,0,59.46706,63.609491
53,0,70.027416,56.919254
54,0,141.674113,165.418924
55,0,73.922467,32.010404
56,0,110.111957,91.055538
57,0,157.144977,90.786983
58,0,107.634373,127.907222
59,0,76.548787,32.09127
60,0,81.997775,57.874249
61,0,113.341864,83.571839
62,0,170.737965,97.283089
63,0,53.440363,14.454867
64,0,88.915289,87.338929
65,0,161.471973,117.753854
66,0,58.89048,41.082737
67,0,136.286627,80.887212
68,0,65.508764,12.436505
69,0,71.723329,91.901273
70,0,113.745176,133.233077
71,0,62.024922,34.8469
72,0,216.843168,164.589219
73,0,78.985638,79.43558
74,0,48.485629,117.296522
75,0,59.334293,52.231199
76,0,147.02238,106.428945
77,0,193.82214,175.028358
78,0,82.024737,-1.203562
79,0,42.760405,65.545526
80,0,157.993274,126.479777
81,0,26.498041,17.458652
82,0,104.604576,97.939806
83,0,35.337326,22.537655
84,0,75.681233,25.79459
85,0,39.426619,67.875247
86,0,180.332103,157.53145
87,0,102.559813,126.79352
88,0,112.361486,98.885924
89,0,112.843177,110.067681
90,0,166.422008,44.375524
91,0,63.336411,0.123845
92,0,78.958016,53.340877
93,0,69.299069,25.91671
94,0,257.271281,164.831783
95,0,62.052206,75.97507
96,0,159.58631,144.751121
97,0,90.994334,54.191871
98,0,110.906672,104.044076
99,0,115.036944,106.434753
100,0,139.188531,138.627201
101,0,114.885232,102.383938
102,0,55.404934,47.292167
103,0,74.435385,54.601192
104,0,140.878114,115.717133
105,0,112.122943,35.139905
106,0,156.51749,120.740696
107,0,97.3686,130.398601
108,0,31.95628,33.577795
109,0,87.032999,38.474636
110,0,80.237306,39.081412
111,0,42.545485,108.877488
112,0,68.613526,89.268896
113,0,118.066426,102.46756
114,0,62.4719,-2.524896
115,0,105.793576,77.466018
116,0,133.2121,129.404201
117,0,56.445215,62.97775
118,0,151.937141,132.656534
119,0,89.09339,111.84019
120,0,94.743747,42.668899
121,0,85.632472,108.652437
122,0,121.960762,82.512078
123,0,235.220013,147.902782
124,0,71.404503,82.238706
125,0,49.574171,42.494653
126,0,37.197892,28.597332
127,0,38.257853,88.137029
128,0,160.535793,107.279051
129,0,41.198586,33.859207
130,0,107.042151,87.305439
131,0,77.294558,57.404062
132,0,66.69218,53.164001
133,0,68.104984,71.706224
134,0,84.989814,41.032538
135,0,72.017911,67.60101
136,0,87.181631,23.100774
137,0,44.669191,43.180231
138,0,56.865057,60.204415
139,0,80.016357,114.408084
140,0,38.012292,72.225966
141,0,60.213435,30.287837
142,0,109.077363,72.078179
143,0,133.209713,89.129591
144,0,109.10285,89.586655
145,0,42.303143,26.431937
146,0,34.897966,43.697343
147,0,72.306296,90.754779
148,0,122.231679,96.947617
149,0,233.420603,205.561344
150,0,97.967567,73.048741
151,0,94.913242,55.411684
152,0,53.614905,60.171939
153,0,140.243548,106.987716
154,0,205.848732,151.310255
155,0,188.822985,192.752659
156,0,108.146481,82.369193
157,0,89.065635,44.682566
158,0,72.249111,39.417553
159,0,112.206214,63.28657
160,0,62.585002,111.894664
161,0,95.470976,60.784889
162,0,113.619519,89.898062
163,0,117.313476,69.35163
164,0,206.942135,116.445192
165,0,31.558782,78.597586
166,0,197.920626,166.449768
167,0,175.604015,120.425966
168,0,101.590288,144.219686
169,0,42.990755,15.344432
170,0,169.216346,121.579217
171,0,103.657792,104.54599
172,0,128.601834,175.152904
173,0,82.504029,67.094716
174,0,96.386613,87.283916
175,0,108.321258,125.170089
176,0,69.425667,35.777369
177,0,39.476349,62.415203
178,0,85.557468,87.105546
179,0,84.090907,112.992945
180,0,116.402086,125.238932
181,0,128.361471,96.496588
182,0,131.434219,89.291237
183,0,43.194952,65.044905
184,0,21.140721,52.40697
185,0,323.850401,190.823683
186,0,56.173353,36.638208
187,0,61.880098,77.728766
188,0,39.00423,34.799935
189,0,131.858088,137.652617
190,0,79.068685,67.954646
191,0,47.652827,44.003962
192,0,75.311001,46.158932
193,0,68.130738,22.356949
194,0,71.306041,67.876046
195,0,97.708237,73.866007
196,0,48.874763,26.049333
197,0,123.895648,83.247536
198,0,117.963905,36.909045
199,0,97.394506,102.732973
200,0,40.983938,69.286129
201,0,42.363049,2.25083
202,0,44.421452,94.322117
203,0,291.618259,209.250788
204,0,67.485234,126.07999
205,0,207.769544,136.838036
206,0,62.272452,75.09136
207,0,49.605042,36.337021
208,0,56.509564,120.114471
209,0,188.356684,110.055307
210,0,80.553978,86.609599
211,0,109.914079,119.937191
212,0,109.724717,97.166377
213,0,79.655721,92.240417
214,0,105.559487,22.669651
215,0,165.78346,123.174433
216,0,75.940041,60.674023
217,0,96.549963,96.86944
218,0,51.867503,31.009332
219,0,69.790558,43.043602
220,0,125.431324,87.251179
221,0,158.33368,180.445434
222,0,175.131079,160.00112
223,0,159.247474,89.285038
224,0,119.514953,93.755806
225,0,185.467281,189.286405
226,0,115.184051,142.168212
227,0,128.779709,116.96796
228,0,110.177019,102.958979
229,0,167.150675,150.842849
230,0,171.786587,145.849631
231,0,41.13216,34.06255
232,0,59.564915,64.34491
233,0,66.898091,26.635176
234,0,75.345862,127.953314
235,0,234.208973,177.150961
236,0,66.046158,16.681653
237,0,103.6917,91.660359
238,0,60.599618,-13.598217
239,0,101.858327,93.681303
240,0,144.40316,132.700265
241,0,119.320449,67.039727
242,0,71.041694,95.370253
243,0,190.036154,145.561399
244,0,28.081636,22.597324
245,0,40.163605,1.939049
246,0,82.975518,29.168091
247,0,90.476618,86.568276
248,0,112.20487,35.066508
249,0,47.883772,51.313912
250,0,28.818239,-14.970054
251,0,186.734605,65.970516
252,0,87.572439,71.601696
253,0,93.111879,91.989282
254,0,191.040005,137.67319
255,0,102.809817,102.020438
256,0,227.102234,122.939304
257,0,64.185221,132.067536
258,0,46.168401,17.589464
259,0,93.360433,82.09974
260,0,102.961986,101.233585
261,0,59.513309,32.180535
262,0,204.672764,123.749305
263,0,82.287745,80.707356
264,0,29.977693,15.541022
265,0,68.375186,57.48646
266,0,55.222049,94.4232
267,0,119.47709,142.865407
268,0,115.388321,23.093021
269,0,69.326107,43.202567
270,0,151.588816,97.960937
271,0,72.336184,96.483769
272,0,88.160189,28.568646
273,0,64.107357,49.722321
274,0,50.303002,32.949567
275,0,54.270486,55.511918
276,0,163.090776,128.791507
277,0,201.938134,81.235574
278,0,91.116284,75.588509
279,0,93.86716,78.382629
280,0,94.583709,51.294702
281,0,101.234527,111.493637
282,0,81.65373,97.810506
283,0,78.225536,54.75884
284,0,174.238177,134.593758
285,0,79.582627,100.226521
286,0,177.229486,169.319318
287,0,149.475916,108.889458
288,0,69.067328,97.437871
289,0,121.488822,105.836395
290,0,107.226536,91.916222
291,0,82.347022,87.094341
292,0,78.925825,97.891696
293,0,97.059303,91.872759
294,0,70.81519,54.543003
295,0,191.058132,179.589252
296,0,63.376389,113.203853
297,0,99.020141,61.404564
298,0,92.155156,94.442545
299,0,57.293162,15.765047
300,0,95.866417,50.737835
301,0,79.582361,105.211192
302,0,127.627245,75.636039
303,0,34.244603,77.351765
304,0,119.414199,90.706601
305,0,69.010849,-1.437787
306,0,104.376712,128.951345
307,0,54.536322,16.216089
308,0,78.750745,101.389911
309,0,65.668131,76.423677
310,0,116.543723,75.593157
311,0,99.641703,113.67197
312,0,52.853329,49.889483
313,0,83.665496,102.03168
314,0,115.415655,120.226458
315,0,109.325,112.81077
316,0,25.328902,35.76795
317,0,133.730513,86.804243
318,0,49.273891,84.138463
319,0,172.810593,120.783001
320,0,55.52594,25.769404
321,0,81.46187,49.751937
322,0,25.02551,23.849515
323,0,81.787559,71.254044
324,0,135.440349,86.528736
325,0,150.506279,120.02541
326,0,74.075386,16.254717
327,0,78.918282,85.221989
328,0,22.700921,88.541235
329,0,43.641648,-0.318518
330,0,122.303936,62.079665
331,0,129.008344,59.953717
332,0,89.145987,108.881474
333,0,101.240515,104.091496
334,0,75.803335,6.277981
335,0,68.415423,84.15481
336,0,155.022299,137.174763
337,0,120.567349,123.846005
338,0,92.574007,155.447534
339,0,69.685202,81.044189
340,0,31.169516,24.362911
341,0,92.105507,125.628272
342,0,57.01551,85.100755
343,0,92.483441,114.146837
344,0,77.447303,100.345499
345,0,19.35591,19.16203
346,0,69.299615,49.823389
347,0,155.677679,92.400906
348,0,63.047995,91.751351
349,0,61.395023,69.345403
350,0,211.628809,160.578173
351,0,56.259531,76.828955
352,0,67.642021,73.162757
353,0,139.425875,169.3352
354,0,144.675219,105.690203
355,0,108.939562,124.553556
356,0,247.034687,159.09912
357,0,43.242539,2.516358
358,0,124.976936,87.869282
359,0,37.550986,19.713731
360,0,124.983692,82.573828
361,0,94.762796,122.311575
362,0,19.965674,50.001755
363,0,152.705032,118.081075
364,0,31.007461,99.765467
365,0,106.575439,98.759348
366,0,100.980181,74.198855
367,0,39.959623,49.974982
368,0,90.958323,117.627776
369,0,108.549838,51.986061
370,0,71.280119,77.907594
371,0,170.35495,163.850857
372,0,132.85842,163.058966
373,0,121.011594,127.307935
374,0,56.076662,52.679703
375,0,23.007359,39.232155
376,0,227.798368,145.862141
377,0,64.436292,59.032537
378,0,171.890202,135.427184
379,0,78.464219,39.96447
380,0,49.560325,-40.793172
381,0,145.386026,138.207337
382,0,147.84375,118.480899
383,0,58.13672,71.68612
384,0,125.268859,69.682571
385,0,109.953223,54.891329
386,0,137.585325,118.01748
387,0,141.194492,148.559263
388,0,180.763884,141.536067
389,0,75.805527,16.872569
390,0,73.635656,63.762812
391,0,80.793813,54.198329
392,0,105.835939,59.132426
393,0,144.576344,101.451821
394,0,146.15694,164.591998
395,0,81.859501,81.037489
396,0,37.61896,32.371676
397,0,44.076598,34.078494
398,0,75.183684,103.740407
399,0,69.795346,34.243585
400,0,67.5413,99.939618
401,0,56.579489,62.500681
402,0,79.169412,80.589256
403,0,28.567572,42.632102
404,0,81.662415,73.505857
405,0,71.292482,49.911573
406,0,144.671706,85.043397
407,0,77.061693,49.734063
408,0,89.156058,103.728856
409,0,30.965534,-0.507052
410,0,68.657059,29.971636
411,0,40.148773,60.086104
412,0,144.680057,107.650534
413,0,143.211761,91.838641
414,0,104.423609,76.805029
415,0,76.96135,96.846464
416,0,79.178057,43.910294
417,0,119.822454,51.410694
418,0,128.159855,55.378818
419,0,51.312458,54.236387
420,0,113.40153,146.320132
421,0,102.597646,113.745134
422,0,59.20823,58.811233
423,0,75.368738,64.448205
424,0,198.052318,149.691084
425,0,104.207946,76.203646
426,0,40.279036,43.30917
427,0,78.797163,70.850494
428,0,26.715335,38.672375
429,0,62.818903,53.95994
430,0,51.339418,43.126583
431,0,98.351411,75.181563
432,0,143.337817,163.340915
433,0,165.835674,73.812734
434,0,104.064649,128.743739
435,0,118.122337,155.916898
436,0,76.122894,88.495604
437,0,79.824531,50.106892
438,0,39.278006,27.637973
439,0,40.183975,20.411896
440,0,117.97641,59.145834
441,0,75.315145,47.706458
442,0,250.773627,141.175271
443,0,58.119177,78.399882
444,0,173.684275,148.619958
445,0,46.366485,61.238561
446,0,21.3527,68.236208
447,0,101.199496,85.966856
448,0,196.602005,149.77846
449,0,103.747646,67.988966
450,0,109.805108,45.233416
451,0,65.185215,35.836707
452,0,83.371376,64.966929
453,0,57.449887,-19.193732
454,0,53.783064,92.161761
455,0,109.689305,25.853874
456,0,69.342253,79.682646
457,0,102.790289,59.424561
458,0,59.28662,47.958185
459,0,67.784223,86.29483
460,0,181.602374,124.014118
461,0,36.603633,67.507273
462,0,43.146031,44.905774
463,0,39.667158,64.819877
464,0,73.145615,55.318096
465,0,150.955665,157.451558
466,0,161.511345,60.714561
467,0,71.098205,33.836086
468,0,97.076562,77.541892
469,0,5.082353,52.249581
470,0,111.435128,78.220374
471,0,55.432502,115.599368
472,0,79.419118,62.557623
473,0,108.657477,46.636416
474,0,61.00487,83.401514
475,0,293.990971,220.355628
476,0,128.934248,107.895292
477,0,182.248573,114.172216
478,0,46.053164,29.193811
479,0,99.041099,131.720887
480,0,48.222746,42.209624
481,0,80.116572,79.120392
482,0,154.087523,98.62012
483,0,109.068026,101.016713
484,0,88.665349,89.750224
485,0,53.134357,67.936436
486,0,83.039676,52.058348
487,0,53.237297,32.170205
488,0,61.003514,65.344352
489,0,71.125143,66.423755
490,0,72.236939,58.500846
491,0,41.831782,84.272043
492,0,27.208907,64.786393
493,0,55.078643,75.878296
494,0,94.47189,81.608669
495,0,93.039107,72.614552
496,0,131.225745,163.574315
497,0,116.374713,96.603535
498,0,128.24722,90.085406
499,0,154.217564,104.036958
500,0,109.884823,12.69433
501,0,96.042895,96.117317
502,0,101.087262,100.4004
503,0,79.844468,52.293233
504,0,92.763322,72.809681
505,0,84.126154,89.705317
506,0,58.061454,65.708141
507,0,84.95706,99.527512
508,0,173.085395,98.854094
509,0,100.618343,96.473555
510,0,120.156054,93.653453
511,0,70.781687,80.558679
512,0,109.830323,85.242873
513,0,76.518373,72.36107
514,0,69.564128,108.722005
515,0,35.532409,44.744526
516,0,189.85621,115.654131
517,0,114.614247,109.580763
518,0,164.276337,108.819917
519,0,228.298646,166.458198
520,0,158.377691,51.847192
521,0,43.972223,31.015522
522,0,125.335299,57.548677
523,0,126.567435,42.714968
524,0,146.819079,80.21776
525,0,46.834635,27.821654
526,0,57.089461,39.918272
527,0,94.414699,94.978976
528,0,58.333063,58.34089
529,0,71.747763,21.586581
530,0,38.924463,46.950004
531,0,190.355494,154.850147
532,0,41.723981,49.222115
533,0,66.963243,46.743641
534,0,65.841541,33.887781
535,0,41.4096,20.941519
536,0,133.193799,62.562976
537,0,44.577838,-12.313321
538,0,89.717465,80.909849
539,0,162.252942,49.870747
540,0,128.87088,107.197059
541,0,113.926982,113.419661
542,0,113.398268,60.741211
543,0,262.416909,172.231707
544,0,42.210596,28.625294
545,0,289.002935,220.829037
546,0,91.230441,85.071809
547,0,63.255993,126.090681
548,0,100.113565,38.223121
549,0,63.33443,-15.896303
550,0,22.394518,19.50966
551,0,88.170046,89.348898
552,0,160.016454,116.656537
553,0,86.548413,76.188373
554,0,57.618138,32.245906
555,0,119.690093,106.906837
556,0,90.157543,113.690821
557,0,116.287465,111.603902
558,0,167.418388,100.849242
559,0,109.159457,79.732502
560,0,31.44244,36.715717
561,0,84.247789,66.772157
562,0,62.028407,-8.656991
563,0,29.371288,33.497052
564,0,58.291213,23.474984
565,0,84.775669,76.60071
566,0,107.812342,124.501964
567,0,168.210355,73.587199
568,0,123.852608,99.117735
569,0,168.549175,77.37149
570,0,115.700148,30.658257
571,0,78.01757,45.265342
572,0,97.132964,106.201334
573,0,52.211333,56.523994
574,0,54.841046,77.206588
575,0,93.492302,63.416547
576,0,72.811684,65.288183
577,0,75.379724,27.52453
578,0,59.812896,63.140998
579,0,153.07847,107.11678
580,0,159.030205,105.190528
581,0,127.37452,72.861409
582,0,194.628475,143.497439
583,0,101.251196,95.389385
584,0,87.452762,64.90742
585,0,80.419961,27.320174
586,0,122.887466,141.351764
587,0,33.739008,66.364211
588,0,114.923347,33.932457
589,0,133.098204,65.090049
590,0,59.081775,76.616172
591,0,181.332364,101.139128
592,0,277.595255,174.211083
593,0,136.756258,116.83326
594,0,133.936145,132.832522
595,0,61.51038,66.715792
596,0,82.339876,50.061511
597,0,118.603319,147.161272
598,0,26.164701,63.098355
599,0,96.873622,100.730962
600,0,175.901168,131.667395
601,0,78.526053,89.389155
602,0,79.623275,94.744409
603,0,94.821783,82.865428
604,0,140.373169,117.557498
605,0,98.754886,55.398778
606,0,172.493657,132.880484
607,0,98.328079,88.29206
608,0,135.675799,92.242786
609,0,84.06679,70.449694
610,0,107.847089,110.843373
611,0,108.250771,126.500009
612,0,67.532114,53.295616
613,0,108.651308,61.422832
614,0,79.479132,60.738824
615,0,118.8476,90.75212
616,0,281.082625,205.450646
617,0,98.768955,50.780749
618,0,70.435427,47.750993
619,0,105.769518,63.29461
620,0,135.943888,98.207689
621,0,105.495041,81.021094
622,0,108.186911,118.309172
623,0,164.339876,134.230156
624,0,143.418495,103.951436
625,0,101.324684,83.397263
626,0,133.760123,164.90648
627,0,82.243479,69.206865
628,0,96.343277,109.370755
629,0,178.619022,181.567616
630,0,135.927806,116.287704
631,0,108.366021,51.616527
632,0,126.991565,75.104798
633,0,147.573796,111.021832
634,0,121.373044,74.267769
635,0,97.47971,19.14455
636,0,76.525458,49.38944
637,0,125.319073,41.909685
638,0,110.329437,68.130965
639,0,78.354034,95.384123
640,0,94.798809,16.899662
641,0,37.866594,70.03283
642,0,123.325056,115.232664
643,0,29.929623,19.773932
644,0,171.17423,107.916729
645,0,72.843313,83.170943
646,0,67.682185,27.244164
647,0,73.842041,80.152791
648,0,23.194563,23.263186
649,0,239.241748,187.328305
650,0,79.476005,45.306823
651,0,133.256772,115.77942
652,0,95.832444,107.251246
653,0,183.219536,94.280982
654,0,100.181435,78.136375
655,0,38.076394,-19.914627
656,0,113.573343,40.927679
657,0,98.295494,50.222076
658,0,89.596753,66.024893
659,0,69.740359,6.305576
660,0,237.136124,170.331338
661,0,291.251698,233.153186
662,0,121.864478,63.117219
663,0,97.6918,64.603424
664,0,114.937124,97.100498
665,0,60.980914,50.981088
666,0,80.46448,36.302898
667,0,83.403824,74.173622
668,0,35.693957,29.413587
669,0,98.788782,81.38002
670,0,82.875226,28.088915
671,0,85.621758,34.623211
672,0,91.200455,25.352788
673,0,62.047584,63.075445
674,0,62.438646,32.063973
675,0,77.131971,25.894485
676,0,95.688405,80.441617
677,0,211.872614,176.250302
678,0,49.838722,107.159498
679,0,102.546734,42.631832
680,0,117.141511,128.879392
681,0,109.008702,81.143271
682,0,53.457569,-36.770617
683,0,76.472365,25.272654
684,0,86.261409,92.8593
685,0,102.98645,47.440319
686,0,81.414343,35.548817
687,0,53.980092,58.361705
688,0,88.772764,74.86759
689,0,74.134379,25.386421
690,0,185.578651,133.519851
691,0,54.721118,75.505606
692,0,113.826041,138.962614
693,0,140.378071,139.658014
694,0,107.616473,56.191076
695,0,31.047785,27.333938
696,0,155.008999,107.148604
697,0,74.714487,106.483324
698,0,67.636618,38.624705
699,0,105.098643,36.106933
700,0,128.051832,110.616781
701,0,67.46359,74.850911
702,0,183.993932,138.032487
703,0,27.881966,54.8688
704,0,268.771858,180.472578
705,0,66.181645,102.608958
706,0,42.433877,17.657343
707,0,55.342534,54.63683
708,0,54.032802,100.651369
709,0,63.618717,42.619925
710,0,112.31157,66.255717
711,0,41.986175,17.803266
712,0,131.411366,91.965337
713,0,207.152044,106.026437
714,0,129.796249,87.19032
715,0,65.29019,105.267628
716,0,203.650472,109.751402
717,0,43.062714,83.835857
718,0,184.296435,187.12671
719,0,98.987704,186.592012
720,0,57.96365,50.627914
721,0,147.974313,94.270845
722,0,88.302304,88.760919
723,0,81.963561,44.299132
724,0,118.952712,130.861472
725,0,53.599653,55.878195
726,0,161.230889,122.880882
727,0,75.592388,-3.088662
728,0,77.990229,32.548296
729,0,79.117642,35.948351
730,0,163.881341,130.875251
731,0,60.090641,39.770163
732,0,105.110812,94.164196
733,0,10.67149,-8.702995
734,0,100.788798,30.506426
735,0,112.046256,84.839063
736,0,30.192297,111.845816
737,0,74.325122,138.360245
738,0,153.147328,131.525772
739,0,88.851674,105.268449
740,0,50.43422,108.520736
741,0,141.00121,83.565026
742,0,164.026258,123.263224
743,0,134.174646,97.87901
744,0,185.800299,76.289271
745,0,94.129999,91.983656
746,0,89.710059,63.29405
747,0,61.291558,30.065188
748,0,57.016713,63.396422
749,0,191.333983,82.794591
750,0,103.383185,98.711942
751,0,62.90805,74.542947
752,0,83.930053,65.856794
753,0,129.299264,165.661954
754,0,95.399396,103.479238
755,0,120.01308,30.090045
756,0,84.02235,31.042114
757,0,70.294759,95.913432
758,0,109.044028,59.835821
759,0,106.642575,81.401459
760,0,91.26187,95.601597
761,0,56.293496,108.104222
762,0,206.354677,165.74717
763,0,23.09334,35.965182
764,0,105.428603,75.694011
765,0,126.599198,82.807129
766,0,80.601233,47.172627
767,0,86.886902,67.049295
768,0,50.77804,76.882151
769,0,38.193143,64.137679
770,0,186.1868,125.178361
771,0,31.528082,42.158306
772,0,155.844719,91.471243
773,0,95.177827,44.922083
774,0,57.691186,34.891921
775,0,70.026764,95.903614
776,0,118.262997,143.658432
777,0,172.918289,87.916025
778,0,70.750193,41.994635
779,0,94.524501,55.35535
780,0,175.161674,89.36288
781,0,219.014511,132.1031
782,0,117.287806,68.789126
783,0,81.846355,64.022649
784,0,149.455196,110.122174
785,0,155.967619,73.785823
786,0,152.727603,143.822751
787,0,34.02709,58.879602
788,0,106.997041,122.146025
789,0,58.705839,19.226842
790,0,240.706753,156.258221
791,0,115.698064,109.536325
792,0,289.386852,243.579752
793,0,76.856849,75.518707
794,0,234.143395,136.405667
795,0,51.82709,32.667609
796,0,83.127415,96.228233
797,0,47.516146,15.95466
798,0,148.523628,138.881494
799,0,309.86738,207.671625
800,0,94.45179,64.154301
801,0,28.972187,17.215681
802,0,127.857185,103.525508
803,0,266.423647,180.412038
804,0,34.791948,53.647359
805,0,44.795888,20.740464
806,0,189.678793,204.217944
807,0,108.335022,63.825307
808,0,66.077088,17.330225
809,0,90.8564,30.040753
810,0,36.126834,-25.273752
811,0,102.883338,94.422307
812,0,53.778106,15.7817
813,0,57.637925,25.509608
814,0,122.272211,90.986922
815,0,112.50742,86.859199
816,0,76.054208,82.930494
817,0,49.916093,80.798626
818,0,111.244669,69.968899
819,0,106.777323,67.301703
820,0,83.954322,25.399265
821,0,115.442533,57.242669
822,0,45.182902,48.127456
823,0,66.280223,68.501785
824,0,57.16464,-6.807163
825,0,95.654552,134.112948
826,0,176.857253,85.68769
827,0,91.153534,44.201843
828,0,92.961782,123.188563
829,0,66.223138,35.544963
830,0,137.742616,150.200091
831,0,124.597938,128.362981
832,0,31.904475,83.198353
833,0,101.276468,91.395847
834,0,86.636258,73.939967
835,0,208.737161,96.32714
836,0,185.65443,144.613914
837,0,163.112321,133.04407
838,0,78.435066,83.785827
839,0,81.06693,54.010673
840,0,173.935368,142.377995
841,0,91.637514,106.247707
842,0,144.724818,113.905235
843,0,161.772497,106.482781
844,0,137.436267,125.676524
845,0,112.192147,127.409694
846,0,18.779958,63.403188
847,0,60.471729,30.922354
848,0,167.564533,128.322561
849,0,140.970339,92.09037
850,0,95.267695,99.117179
851,0,36.312425,76.803186
852,0,112.245417,34.153237
853,0,145.958171,83.382193
854,0,90.463632,24.79347
855,0,155.522845,130.323674
856,0,35.063129,76.463943
857,0,31.50176,20.520746
858,0,95.378915,76.859996
859,0,51.214252,49.173579
860,0,32.009777,20.0229
861,0,185.669395,141.867106
862,0,96.268861,86.105815
863,0,93.665008,35.083711
864,0,96.232696,46.005812
865,0,204.407022,173.08393
866,0,113.058958,66.348058
867,0,132.340519,170.370869
868,0,75.287979,66.934183
869,0,51.145871,32.599294
870,0,104.79677,90.230454
871,0,106.142037,66.862546
872,0,165.747743,97.812332
873,0,96.485906,63.60646
874,0,37.619387,64.870702
875,0,113.566014,106.955147
876,0,69.989141,42.635952
877,0,85.013343,103.280317
878,0,49.349702,67.426573
879,0,50.703314,95.808844
880,0,42.761016,59.318101
881,0,115.712356,62.590113
882,0,117.902204,116.777768
883,0,122.856515,77.551031
884,0,138.879718,120.446537
885,0,44.63288,73.89271
886,0,75.925873,79.1527
887,0,124.18032,90.681753
888,0,77.232217,90.738924
889,0,73.297089,79.662359
890,0,37.662416,70.454649
891,0,64.692227,79.835529
892,0,60.607124,97.342536
893,0,73.714944,66.68509
894,0,201.712161,155.872001
895,0,78.523534,35.517121
896,0,49.976789,30.842701
897,0,89.423923,62.229034
898,0,42.593138,12.67347
899,0,65.841331,48.929279
900,0,85.941791,99.992291
901,0,92.645828,134.771307
902,0,94.064937,63.66161
903,0,66.962056,81.701425
904,0,90.794833,11.156756
905,0,115.676808,112.824204
906,0,36.039671,8.904737
907,0,98.608726,84.228191
908,0,87.770194,99.94884
909,0,70.826433,56.247042
910,0,30.973014,50.410356
911,0,154.937174,128.141365
912,0,64.434392,80.247627
913,0,162.356181,65.506166
914,0,139.832012,79.919327
915,0,6.588097,25.701533
916,0,71.490211,114.625136
917,0,184.46863,163.914136
918,0,69.73587,0.255729
919,0,145.24083,100.697732
920,0,58.22126,57.800715
921,0,44.57458,86.959601
922,0,37.057587,62.706885
923,0,70.784842,92.643209
924,0,52.33741,0.626962
925,0,168.520662,115.598886
926,0,27.899065,-16.190225
927,0,36.623707,54.086767
928,0,96.694955,77.794166
929,0,119.166435,78.370071
930,0,68.743669,95.933464
931,0,75.074447,48.348487
932,0,59.433759,48.99336
933,0,66.783053,35.864047
934,0,144.021926,72.430137
935,0,88.360441,81.98341
936,0,77.810323,94.292075
937,0,115.126533,53.465473
938,0,68.297924,94.464457
939,0,230.209679,160.07724
940,0,86.305845,66.229903
941,0,113.220777,76.532106
942,0,144.687481,137.403282
943,0,52.315226,53.09302
944,0,224.633253,154.315901
945,0,242.420122,195.46652
946,0,88.494522,125.795927
947,0,66.111519,-4.754289
948,0,71.736136,43.185221
949,0,284.260069,243.095025
950,0,91.637845,109.695936
951,0,203.193095,165.84866
952,0,68.6656,131.930918
953,0,120.405733,65.160982
954,0,144.890576,69.695483
955,0,90.57032,126.069619
956,0,95.702789,88.269515
957,0,61.789523,26.279876
958,0,229.907468,126.085902
959,0,68.90403,34.841253
960,0,120.226777,112.190308
961,0,144.341358,127.508486
962,0,82.143384,109.281411
963,0,121.176104,73.99559
964,0,271.993681,212.951279
965,0,59.08208,19.247138
966,0,72.230955,35.235708
967,0,42.973196,69.732733
968,0,92.175417,61.061333
969,0,116.102464,32.00207
970,0,53.836096,102.466853
971,0,113.650728,81.593504
972,0,135.83587,117.602139
973,0,132.540326,115.079461
974,0,53.876101,71.689623
975,0,138.379932,167.844028
976,0,250.064436,191.244991
977,0,43.838363,52.215302
978,0,136.291279,111.844938
979,0,125.296169,104.629966
980,0,185.039584,148.131017
981,0,16.33111,26.07884
982,0,126.857642,65.225955
983,0,101.901218,89.036876
984,0,132.203849,52.872132
985,0,84.177155,80.326205
986,0,60.451548,112.207441
987,0,114.223829,70.433584
988,0,79.037582,100.632254
989,0,121.840076,61.324254
990,0,67.03791,40.913686
991,0,273.653345,162.198183
992,0,80.513403,76.324196
993,0,96.634543,40.416475
994,0,131.28405,149.776423
995,0,134.344405,79.630237
996,0,99.291523,104.056179
997,0,91.642765,-8.567985
998,0,83.073932,70.114335
999,0,222.364581,134.455678
1000,0,129.749021,49.910493
1001,0,150.47945,61.562093
1002,0,210.802947,151.017271
1003,0,79.569683,37.853459
1004,0,49.996145,68.470916
1005,0,164.339415,173.276462
1006,0,63.206038,59.605087
1007,0,102.541933,47.488784
1008,0,219.122928,125.810634
1009,0,138.226446,134.505621
1010,0,177.066169,162.664912
1011,0,194.206344,112.69617
1012,0,34.078869,-19.22796
1013,0,98.804702,138.651268
1014,0,83.158012,57.591082
1015,0,112.135152,115.045156
1016,0,155.921485,54.610622
1017,0,169.987817,125.642329
1018,0,90.643407,29.889074
1019,0,98.736994,111.406077
1020,0,188.839267,111.694811
1021,0,157.44443,155.05409
1022,0,122.668024,142.59462
1023,0,122.404645,14.159315
1024,0,119.55756,63.797934
1025,0,169.596259,131.061683
1026,0,207.533241,174.288669
1027,0,33.293933,77.077413
1028,0,82.746652,29.559604
1029,0,95.519245,75.140571
1030,0,109.660827,93.934751
1031,0,87.885562,33.131104
1032,0,16.080559,8.483839
1033,0,48.63897,103.695092
1034,0,57.336851,47.269219
1035,0,128.501208,113.50296
1036,0,115.677835,84.657571
1037,0,72.128026,13.940381
1038,0,129.181968,139.44441
1039,0,28.986502,76.365259
1040,0,104.182242,53.121699
1041,0,206.716994,125.126105
1042,0,118.871676,116.777626
1043,0,137.011927,117.891472
1044,0,94.845196,54.222224
1045,0,63.713459,35.385035
1046,0,119.852391,48.63514
1047,0,47.949763,22.729419
1048,0,76.259065,72.150899
1049,0,74.382207,59.725698
1050,0,46.343091,58.29315
1051,0,166.471298,172.613987
1052,0,74.997872,91.075685
1053,0,112.983482,65.176964
1054,0,100.250695,70.672456
1055,0,84.412634,106.452428
1056,0,236.802494,116.13889
1057,0,112.396924,118.524748
1058,0,159.072293,84.367496
1059,0,124.719062,99.377477
1060,0,88.82042,66.040549
1061,0,166.237359,67.855109
1062,0,57.678819,10.588297
1063,0,146.398967,124.663233
1064,0,106.217028,81.188773
1065,0,124.84335,94.959496
1066,0,147.295428,78.503162
1067,0,64.403326,36.010294
1068,0,81.633081,35.732675
1069,0,72.074642,51.073175
1070,0,112.105412,49.938932
1071,0,102.544161,66.10564
1072,0,110.655175,121.316964
1073,0,71.470536,67.320055
1074,0,32.588026,59.928264
1075,0,58.232865,5.527425
1076,0,145.60325,113.831045
1077,0,55.379424,35.05418
1078,0,43.261993,20.951531
1079,0,99.023168,88.931811
1080,0,60.014875,40.198146
1081,0,135.570127,71.120701
1082,0,23.355942,80.759604
1083,0,175.29854,142.022953
1084,0,103.031759,92.661838
1085,0,132.14242,102.044993
1086,0,115.153057,34.666597
1087,0,119.281389,74.23981
1088,0,159.477378,160.025886
1089,0,99.042237,105.117956
1090,0,108.741919,78.852207
1091,0,95.64689,63.247444
1092,0,61.177087,110.841349
1093,0,182.147805,159.71938
1094,0,21.685833,78.396419
1095,0,83.565301,28.945193
1096,0,71.344625,88.422686
1097,0,127.121805,76.851266
1098,0,96.49804,96.005203
1099,0,92.174813,99.984033
1100,0,95.492855,118.15989
1101,0,111.790465,41.169575
1102,0,98.317959,109.420983
1103,0,118.887367,138.247107
1104,0,19.332718,45.995734
1105,0,19.397593,-5.517425
1106,0,150.023297,102.344101
1107,0,43.251494,63.447337
1108,0,75.586744,71.859605
1109,0,151.503732,106.185638
1110,0,95.965092,17.189998
1111,0,95.619243,59.941107
1112,0,60.61835,98.564226
1113,0,55.750117,62.276973
1114,0,114.922013,83.90989
1115,0,79.929334,82.990192
1116,0,70.092822,50.997234
1117,0,42.868803,56.596414
1118,0,85.038162,90.247789
1119,0,116.565461,108.392241
1120,0,80.235242,36.246942
1121,0,334.152644,204.143993
1122,0,39.726409,-21.857865
1123,0,98.642516,104.265577
1124,0,113.118005,24.294413
1125,0,113.716621,96.070757
1126,0,134.528734,58.487197
1127,0,129.59083,59.331532
1128,0,119.41228,91.498539
1129,0,124.775147,114.171378
1130,0,50.521238,80.439377
1131,0,30.220964,16.984744
1132,0,53.84233,36.049604
1133,0,67.001602,104.189552
1134,0,26.48711,32.73521
1135,0,116.61694,82.614497
1136,0,78.496294,83.837181
1137,0,34.741475,68.674322
1138,0,42.622772,26.901011
1139,0,58.901481,53.468686
1140,0,35.853052,35.626892
1141,0,66.480315,88.044555
1142,0,135.019714,119.685381
1143,0,44.89926,6.748754
1144,0,39.575435,-32.028218
1145,0,104.569217,87.194702
1146,0,130.615405,69.298767
1147,0,120.688124,43.561551
1148,0,85.523751,15.47282
1149,0,130.801627,98.046254
1150,0,112.559027,88.856667
1151,0,60.371536,26.796402
1152,0,50.577786,-8.499668
1153,0,85.411342,64.283946
1154,0,58.519698,91.895685
1155,0,49.953637,42.251325
1156,0,63.83515,70.317216
1157,0,127.088,111.041507
1158,0,203.217877,123.400438
1159,0,157.522172,104.8547
1160,0,115.890231,73.336162
1161,0,68.227084,62.233783
1162,0,114.517519,134.880456
1163,0,71.00194,86.264726
1164,0,157.226586,145.93893
1165,0,58.607367,89.802642
1166,0,138.828547,57.91968
1167,0,95.700974,102.286055
1168,0,157.383509,113.247369
1169,0,48.341174,75.054852
1170,0,63.451221,-3.071053
1171,0,46.95062,-5.238779
1172,0,69.97653,39.419896
1173,0,45.917663,39.055957
1174,0,66.821408,41.765046
1175,0,135.172796,123.232545
1176,0,68.67225,53.046904
1177,0,174.476099,102.053182
1178,0,222.403356,172.154516
1179,0,94.446543,69.491355
1180,0,55.055586,70.270348
1181,0,73.251565,73.177224
1182,0,146.463541,114.936915
1183,0,56.659115,43.771158
1184,0,85.874259,31.484336
1185,0,98.636361,71.439403
1186,0,97.498482,72.641887
1187,0,148.944446,95.903478
1188,0,110.406003,96.356175
1189,0,146.086131,115.081418
1190,0,118.170479,110.062117
1191,0,93.853224,70.349043
1192,0,190.476734,129.463558
1193,0,77.102651,92.489398
1194,0,117.678745,128.824648
1195,0,104.527409,45.648424
1196,0,164.287786,189.805476
1197,0,157.195809,59.907106
1198,0,197.369991,138.341864
1199,0,82.790462,70.872784
1200,0,41.100726,-15.209964
1201,0,150.889575,54.62953
1202,0,87.822159,80.031884
1203,0,102.454885,100.308035
1204,0,66.900822,69.309014
1205,0,224.868987,183.299838
1206,0,111.452815,106.602397
1207,0,70.280601,17.684259
1208,0,54.185375,75.830563
1209,0,42.124867,-0.07368
1210,0,93.25704,71.347024
1211,0,72.607119,80.480581
1212,0,85.160563,111.338921
1213,0,152.258903,42.508803
1214,0,141.606044,145.29283
1215,0,54.637756,31.548837
1216,0,100.304277,68.117371
1217,0,105.220329,134.098499
1218,0,77.898447,82.014931
1219,0,183.38023,112.970465
1220,0,83.509586,111.764297
1221,0,207.713659,165.354767
1222,0,142.9917,50.228263
1223,0,132.291632,81.887154
1224,0,124.404377,113.514402
1225,0,89.952822,53.940849
1226,0,31.503948,-19.734037
1227,0,104.3195,31.844
1228,0,12.661992,6.266448
1229,0,65.073172,39.154288
1230,0,58.19075,33.614106
1231,0,78.557019,51.725704
1232,0,60.717931,59.013604
1233,0,162.66442,63.686164
1234,0,111.625509,126.799137
1235,0,111.160468,44.151809
1236,0,117.645133,115.668271
1237,0,73.290781,77.627906
1238,0,44.203604,90.114543
1239,0,89.938949,80.226751
1240,0,117.007019,74.429839
1241,0,65.851723,19.255501
1242,0,131.738231,166.464863
1243,0,78.250929,92.354557
1244,0,25.134691,28.197927
1245,0,98.081464,52.000739
1246,0,70.672655,18.235584
1247,0,163.813959,98.539317
1248,0,90.035156,72.281508
1249,0,65.014129,31.439705
1250,0,83.839293,104.916527
1251,0,70.569118,-3.864072
1252,0,85.779807,47.670997
1253,0,133.732475,109.066087
1254,0,184.158293,151.048209
1255,0,86.39217,114.617775
1256,0,203.483252,140.001503
1257,0,72.700915,26.404303
1258,0,68.546718,22.095145
1259,0,219.72846,174.696374
1260,0,181.796078,139.878513
1261,0,60.870153,24.873484
1262,0,104.070412,77.761537
1263,0,87.873526,147.13172
1264,0,125.847678,148.967037
1265,0,62.677443,28.178735
1266,0,87.017834,73.228683
1267,0,85.542717,43.704826
1268,0,107.113237,110.710418
1269,0,119.717746,95.874935
1270,0,146.869045,86.273641
1271,0,90.152969,89.118624
1272,0,69.304596,45.711897
1273,0,87.322051,65.023372
1274,0,77.338951,64.66555
1275,0,44.288531,73.804167
1276,0,75.491654,75.265273
1277,0,38.227416,28.529817
1278,0,148.10475,64.009907
1279,0,60.135449,-7.426908
1280,0,178.019742,157.657003
1281,0,258.44192,183.760646
1282,0,61.467099,63.818998
1283,0,89.215034,46.774744
1284,0,125.352703,35.642298
1285,0,76.319408,94.58863
1286,0,100.124373,106.591146
1287,0,147.565014,68.368682
1288,0,51.004591,46.325423
1289,0,57.52966,112.496168
1290,0,63.841292,64.194252
1291,0,42.286068,36.345141
1292,0,59.031725,12.210733
1293,0,126.059164,107.859517
1294,0,113.307316,113.30499
1295,0,151.286202,164.908769
1296,0,62.037304,32.813707
1297,0,124.819502,55.181057
1298,0,68.055215,77.425527
1299,0,126.867922,76.691195
1300,0,173.639213,95.124158
1301,0,200.469573,121.684635
1302,0,143.955163,129.553836
1303,0,178.080265,114.954334
1304,0,132.669378,67.344047
1305,0,137.676136,145.286446
1306,0,68.727092,83.442083
1307,0,79.527986,61.325974
1308,0,84.386689,109.331646
1309,0,113.968317,108.168667
1310,0,42.540935,56.236156
1311,0,93.021282,110.434343
1312,0,81.732416,70.229403
1313,0,282.402118,162.851378
1314,0,193.146633,129.532515
1315,0,52.659405,69.215428
1316,0,71.610222,9.399574
1317,0,159.04846,113.044032
1318,0,43.64493,58.839754
1319,0,165.498309,154.803716
1320,0,173.147414,99.917737
1321,0,178.927485,137.337388
1322,0,58.069461,59.671319
1323,0,109.090397,56.796576
1324,0,73.33418,77.509525
1325,0,57.159843,43.529155
1326,0,44.671496,-8.19469
1327,0,174.164015,114.322808
1328,0,132.829954,111.440227
1329,0,24.940803,14.140374
1330,0,54.108741,61.469115
1331,0,58.79363,42.285707
1332,0,121.910676,122.88485
1333,0,49.625777,-10.696001
1334,0,102.890087,145.335794
1335,0,98.547242,132.825111
1336,0,56.065942,45.314171
1337,0,119.305451,96.488808
1338,0,90.649882,105.03915
1339,0,97.541028,79.89947
1340,0,64.532129,78.091086
1341,0,137.395498,107.201908
1342,0,97.853993,50.635291
1343,0,65.323081,31.166312
1344,0,248.641951,147.50365
1345,0,106.037829,55.546547
1346,0,53.362486,58.190361
1347,0,118.546407,99.510091
1348,0,35.660777,51.520516
1349,0,130.617409,107.25847
1350,0,79.808845,15.496859
1351,0,47.842087,44.393234
1352,0,40.375632,49.383469
1353,0,91.1567,58.450009
1354,0,223.066172,154.484515
1355,0,176.699502,118.025829
1356,0,53.331545,101.591551
1357,0,58.202415,29.530673
1358,0,110.315174,166.252328
1359,0,80.317426,28.615878
1360,0,56.86753,32.447708
1361,0,83.276093,50.706734
1362,0,123.76608,106.986353
1363,0,109.958482,122.47837
1364,0,123.17585,122.024411
1365,0,40.46919,109.828099
1366,0,142.318442,133.810621
1367,0,64.20923,45.611621
1368,0,109.447567,98.373452
1369,0,127.345769,30.816262
1370,0,69.24001,18.748785
1371,0,120.862101,111.623451
1372,0,95.008395,117.020955
1373,0,92.881888,117.230002
1374,0,73.393959,92.479497
1375,0,137.378732,79.798118
1376,0,54.464776,94.066693
1377,0,99.256052,73.191528
1378,0,121.739268,91.20322
1379,0,135.254584,124.514135
1380,0,124.130445,112.170185
1381,0,36.18796,-24.914875
1382,0,51.193782,21.45965
1383,0,115.893401,61.49126
1384,0,163.180865,148.172235
1385,0,60.463358,-0.104951
1386,0,90.176053,135.773129
1387,0,18.6919,10.83432
1388,0,48.644132,83.070662
1389,0,144.346466,91.821089
1390,0,120.711618,75.963999
1391,0,112.706202,71.602268
1392,0,120.268569,42.560311
1393,0,124.403389,71.926518
1394,0,33.987769,80.382415
1395,0,75.273225,97.481139
1396,0,77.782504,72.474908
1397,0,79.710224,21.55509
1398,0,85.007066,60.901901
1399,0,75.812678,36.696116
1400,0,121.11657,113.440913
1401,0,81.371465,98.387677
1402,0,100.463337,100.476424
1403,0,64.732941,99.241261
1404,0,134.008951,91.502198
1405,0,103.451109,86.783995
1406,0,118.260129,89.933573
1407,0,144.170861,104.260891
1408,0,163.251811,142.381376
1409,0,49.779422,103.790036
1410,0,77.282594,80.827832
1411,0,56.585249,19.738421
1412,0,107.794778,134.897093
1413,0,93.012433,66.0332
1414,0,30.90286,47.97664
1415,0,180.232346,143.152129
1416,0,134.718952,82.996635
1417,0,56.489139,63.655688
1418,0,73.010947,89.750815
1419,0,86.02544,39.185256
1420,0,65.586108,96.981796
1421,0,48.513024,18.764595
1422,0,84.248397,44.352911
1423,0,103.884903,64.986734
1424,0,90.271024,75.416157
1425,0,66.967387,158.634578
1426,0,76.601366,73.469183
1427,0,86.907048,60.353411
1428,0,87.506944,76.382947
1429,0,150.428181,140.744702
1430,0,29.687736,105.052994
1431,0,211.347167,149.886422
1432,0,40.623037,42.869143
1433,0,117.89862,60.55195
1434,0,60.531346,54.127383
1435,0,92.345094,98.658916
1436,0,78.036723,61.417388
1437,0,111.425278,81.720794
1438,0,197.589695,155.857712
1439,0,103.369063,55.05503
1440,0,67.564946,39.91842
1441,0,150.770625,112.251141
1442,0,104.381112,125.184858
1443,0,43.463141,17.352384
1444,0,158.667199,101.872957
1445,0,141.232978,124.565477
1446,0,186.009525,143.84757
1447,0,118.150822,111.824465
1448,0,83.814297,81.820287
1449,0,210.780199,118.95968
1450,0,111.108799,79.88619
1451,0,102.107403,87.957316
1452,0,99.707002,19.11253
1453,0,154.080508,113.188316
1454,0,96.645451,41.549299
1455,0,129.637274,134.533538
1456,0,148.320606,119.846169
1457,0,163.714303,93.355368
1458,0,97.177947,116.459715
1459,0,86.533171,45.631249
1460,0,96.356562,54.677212
1461,0,238.268207,140.034942
1462,0,117.369856,79.224144
1463,0,50.595365,46.892971
1464,0,126.025689,101.964076
1465,0,70.134337,90.957182
1466,0,128.7171,123.851548
1467,0,100.181843,119.865961
1468,0,145.30063,116.46448
1469,0,92.736048,84.842933
1470,0,84.600244,35.401348
1471,0,158.825594,100.818879
1472,0,94.369735,83.667606
1473,0,45.980374,66.415888
1474,0,70.089544,111.413402
1475,0,76.13076,63.813627
1476,0,134.924499,136.507064
1477,0,165.1633,108.655798
1478,0,51.331545,96.292744
1479,0,30.854515,1.965469
1480,0,127.10085,102.455852
1481,0,65.691118,66.961027
1482,0,49.492604,43.560486
1483,0,125.824965,95.156463
1484,0,91.545744,35.814325
1485,0,40.538466,-17.595612
1486,0,40.25869,20.609752
1487,0,207.677725,136.884877
1488,0,122.059703,105.530947
1489,0,66.836259,45.685443
1490,0,86.744249,94.278218
1491,0,66.771004,31.97153
1492,0,99.478209,130.808059
1493,0,234.97789,182.229296
1494,0,32.637682,74.892522
1495,0,70.815496,106.860567
1496,0,150.305823,130.910215
1497,0,78.269912,86.669674
1498,0,114.97963,97.612488
1499,0,156.537854,96.124644
1500,0,73.490584,112.176785
1501,0,74.830009,49.212748
1502,0,78.213783,121.786107
1503,0,55.635148,16.698695
1504,0,111.107274,114.391029
1505,0,64.101553,27.269146
1506,0,54.920237,78.463725
1507,0,118.567176,104.657959
1508,0,81.529972,64.888789
1509,0,133.897747,76.168699
1510,0,100.203082,103.292579
1511,0,83.652764,29.936891
1512,0,107.841402,73.250769
1513,0,64.38004,67.238413
1514,0,120.281142,84.945994
1515,0,85.125836,37.68704
1516,0,106.047228,76.155058
1517,0,41.890528,80.237063
1518,0,106.70283,79.99564
1519,0,61.12542,59.603815
1520,0,47.966233,70.610933
1521,0,78.641915,52.585422
1522,0,204.378151,133.291814
1523,0,49.11663,9.238505
1524,0,99.737447,101.573289
1525,0,174.176378,103.910238
1526,0,155.233819,125.221925
1527,0,46.31395,45.818513
1528,0,144.982715,72.751496
1529,0,80.317284,96.677147
1530,0,119.552963,76.984979
1531,0,166.160602,115.410516
1532,0,107.973358,73.999805
1533,0,83.683367,80.795516
1534,0,98.81964,64.629322
1535,0,157.603263,154.928298
1536,0,80.049226,32.499801
1537,0,119.895773,71.591409
1538,0,119.216564,78.76625
1539,0,280.798516,162.890376
1540,0,48.20411,41.113481
1541,0,185.505649,114.196155
1542,0,182.459415,99.669016
1543,0,137.757365,102.240661
1544,0,82.008364,27.558849
1545,0,84.445865,-0.081195
1546,0,220.938457,105.528883
1547,0,80.271812,-8.090642
1548,0,69.451907,79.466801
1549,0,24.589985,-12.113393
1550,0,44.886226,4.71436
1551,0,82.341625,56.998916
1552,0,193.852522,138.121544
1553,0,82.58654,121.689847
1554,0,237.285664,175.503412
1555,0,16.431708,-27.040921
1556,0,67.064672,77.893967
1557,0,79.45411,84.84773
1558,0,113.096073,123.672596
1559,0,92.253875,76.594904
1560,0,55.073992,53.050662
1561,0,88.754966,112.032837
1562,0,30.788552,57.298599
1563,0,76.197706,30.767061
1564,0,133.947646,91.475247
1565,0,144.497433,112.589197
1566,0,74.797468,87.852954
1567,0,53.795103,97.891269
1568,0,31.010638,59.166646
1569,0,186.365494,114.346589
1570,0,81.960737,131.07913
1571,0,73.97099,93.525629
1572,0,76.036108,19.29795
1573,0,46.506701,45.846196
1574,0,159.311236,133.074451
1575,0,105.734394,72.411309
1576,0,68.084544,89.905
1577,0,158.471347,144.282584
1578,0,106.661473,37.967771
1579,0,119.510816,105.107245
1580,0,50.166287,53.431434
1581,0,257.317706,157.115151
1582,0,59.197044,44.124336
1583,0,96.162205,89.584407
1584,0,15.667426,-1.4934
1585,0,99.862863,138.535644
1586,0,100.004756,66.064905
1587,0,105.794201,47.823749
1588,0,67.333216,37.394377
1589,0,157.484068,146.755091
1590,0,31.894547,16.561207
1591,0,154.46851,201.338773
1592,0,64.682983,75.272917
1593,0,29.32744,14.305612
1594,0,40.674733,50.782106
1595,0,30.424942,16.102113
1596,0,50.78063,18.867184
1597,0,69.935618,51.735447
1598,0,115.248518,44.423985
1599,0,231.671898,158.594527
1600,0,100.243274,79.260513
1601,0,79.607353,16.09214
1602,0,53.315786,42.698888
1603,0,101.034411,76.843569
1604,0,57.009693,103.581653
1605,0,22.338027,33.132172
1606,0,98.270939,63.681575
1607,0,100.065847,94.582669
1608,0,192.190786,138.416912
1609,0,90.817146,127.531082
1610,0,118.497908,77.810828
1611,0,184.765522,123.31463
1612,0,41.290631,14.260509
1613,0,104.743309,106.583229
1614,0,97.716322,76.610239
1615,0,63.501231,30.787282
1616,0,103.252652,36.632607
1617,0,40.47656,-41.430329
1618,0,128.766151,131.388155
1619,0,122.789374,45.665112
1620,0,63.096735,24.431184
1621,0,50.762135,24.700692
1622,0,38.114025,70.705455
1623,0,103.41755,29.254904
1624,0,138.192259,50.805487
1625,0,113.907374,123.0258
1626,0,71.054277,57.122378
1627,0,53.590133,80.57971
1628,0,157.67326,110.909413
1629,0,205.828032,154.704135
1630,0,69.893781,56.49281
1631,0,152.450557,119.417743
1632,0,83.110449,57.643351
1633,0,93.335525,38.52976
1634,0,132.813713,80.096405
1635,0,144.455206,66.040862
1636,0,63.92391,33.700476
1637,0,13.786801,22.777295
1638,0,51.793422,95.76098
1639,0,176.19095,113.467889
1640,0,133.051544,94.539621
1641,0,141.931844,112.920833
1642,0,142.105278,93.956141
1643,0,120.001139,104.918984
1644,0,137.007659,94.554432
1645,0,23.729618,44.297484
1646,0,157.396859,71.453495
1647,0,41.248775,77.212579
1648,0,111.875855,94.236229
1649,0,127.027032,133.456624
1650,0,107.315168,69.752399
1651,0,137.836741,125.432862
1652,0,80.918731,50.054858
1653,0,87.440302,101.864591
1654,0,144.693079,114.768647
1655,0,225.692671,155.605969
1656,0,190.077141,142.015105
1657,0,137.860602,83.595556
1658,0,264.041775,147.840158
1659,0,215.281746,148.807061
1660,0,61.615819,30.000781
1661,0,90.104801,79.737662
1662,0,154.02708,117.3921
1663,0,93.950592,101.308177
1664,0,151.682906,93.860168
1665,0,73.582064,118.396466
1666,0,63.995791,46.080774
1667,0,46.987928,-18.705013
1668,0,105.60604,97.678988
1669,0,216.783278,157.2894
1670,0,137.019014,78.091997
1671,0,137.41183,102.188331
1672,0,116.805839,125.250242
1673,0,52.341177,60.627808
1674,0,74.976173,76.007075
1675,0,80.098653,66.378034
1676,0,41.011236,80.131488
1677,0,120.372026,82.888219
1678,0,71.921763,25.989749
1679,0,45.404109,40.797665
1680,0,91.124458,65.543169
1681,0,66.994131,55.726879
1682,0,171.690419,80.400931
1683,0,132.355487,132.953373
1684,0,108.130853,101.845324
1685,0,19.832308,13.253694
1686,0,109.946551,91.302566
1687,0,89.56128,96.988634
1688,0,28.73436,51.905236
1689,0,85.608108,38.650662
1690,0,22.828785,39.177945
1691,0,118.933364,69.662371
1692,0,267.791552,155.142617
1693,0,81.738837,17.840677
1694,0,120.891368,126.192573
1695,0,50.032336,88.004043
1696,0,124.511948,73.331632
1697,0,46.283137,46.074164
1698,0,57.92572,85.419754
1699,0,117.616064,109.025559
1700,0,119.290992,106.017714
1701,0,65.213895,-4.06373
1702,0,81.851602,79.212496
1703,0,120.777716,111.895213
1704,0,103.552207,50.896028
1705,0,131.51559,47.540402
1706,0,133.135512,135.870289
1707,0,37.985238,38.264927
1708,0,84.456862,51.367985
1709,0,66.87536,57.000416
1710,0,86.630114,39.2811
1711,0,30.09797,60.681912
1712,0,51.726414,30.983439
1713,0,138.431453,153.280381
1714,0,31.410625,56.436489
1715,0,95.881809,116.013374
1716,0,47.869803,27.471879
1717,0,81.623187,81.476738
1718,0,139.216245,67.583732
1719,0,104.812707,111.829899
1720,0,149.313808,148.010669
1721,0,39.605224,51.750615
1722,0,210.087067,125.236422
1723,0,58.753867,83.34504
1724,0,123.952746,110.012575
1725,0,195.166579,147.245229
1726,0,50.554853,18.90959
1727,0,64.479967,63.122525
1728,0,157.597842,87.410652
1729,0,170.577983,143.444857
1730,0,171.167925,146.86769
1731,0,325.528947,253.891042
1732,0,41.65574,8.80835
1733,0,73.165954,79.820299
1734,0,88.545439,51.393234
1735,0,90.50135,64.091601
1736,0,224.817819,149.438779
1737,0,57.518417,56.257204
1738,0,146.204083,142.721897
1739,0,69.530213,70.652022
1740,0,131.45695,81.008178
1741,0,116.839498,79.979955
1742,0,59.227753,40.007367
1743,0,128.753329,83.81918
1744,0,50.954683,31.948877
1745,0,88.669901,106.205119
1746,0,162.530989,145.804356
1747,0,122.306113,80.312633
1748,0,221.759763,158.78914
1749,0,85.696099,55.965114
1750,0,32.54664,55.841271
1751,0,92.106894,55.790367
1752,0,176.135221,97.829551
1753,0,67.418763,6.678488
1754,0,92.116011,57.787664
1755,0,79.586923,69.063689
1756,0,119.947105,104.993597
1757,0,81.370197,14.534414
1758,0,45.931658,58.548065
1759,0,68.891677,38.472169
1760,0,38.340812,38.914353
1761,0,84.160329,12.063125
1762,0,96.61394,57.955769
1763,0,26.371084,-4.381523
1764,0,48.08672,77.864524
1765,0,24.976573,42.745932
1766,0,60.670606,52.510448
1767,0,43.149851,52.262682
1768,0,40.929474,69.852865
1769,0,97.066409,50.68752
1770,0,71.806266,93.676747
1771,0,128.207371,59.321905
1772,0,308.143159,193.447981
1773,0,189.60768,151.486204
1774,0,112.93068,84.512892
1775,0,31.48442,3.596836
1776,0,87.532741,73.533159
1777,0,62.908143,59.594361
1778,0,61.04918,62.298081
1779,0,73.470497,42.152892
1780,0,56.228423,28.465118
1781,0,50.270123,30.335465
1782,0,84.285339,82.982149
1783,0,61.720283,79.022724
1784,0,86.814967,89.78431
1785,0,90.578576,109.975945
1786,0,114.866748,88.893085
1787,0,63.528277,27.951522
1788,0,75.381198,72.448169
1789,0,237.63185,218.128409
1790,0,68.803856,-1.1002
1791,0,99.086448,85.365128
1792,0,144.283825,93.798671
1793,0,61.736155,18.802496
1794,0,89.162027,54.596026
1795,0,57.390246,-8.948103
1796,0,186.18631,120.81016
1797,0,352.982006,262.599601
1798,0,77.365942,65.740692
1799,0,106.881682,54.841698
1800,0,173.409907,113.39813
1801,0,61.459819,106.630475
1802,0,137.73828,84.201255
1803,0,230.833051,174.949148
1804,0,138.8985,66.96038
1805,0,76.41051,25.431277
1806,0,41.080896,33.0888
1807,0,90.550676,113.846463
1808,0,63.334812,11.884249
1809,0,182.175041,79.687008
1810,0,25.250768,30.225364
1811,0,154.767113,102.144314
1812,0,77.68217,55.653639
1813,0,32.136861,0.506422
1814,0,88.239071,59.452135
1815,0,140.891365,119.541637
1816,0,70.950479,60.82747
1817,0,55.392817,87.573889
1818,0,65.602523,61.05404
1819,0,63.599402,51.859033
1820,0,112.048805,119.505183
1821,0,127.173572,73.34951
1822,0,48.54208,76.581116
1823,0,54.195325,107.14171
1824,0,133.333692,116.104611
1825,0,121.721581,78.118373
1826,0,50.38349,106.090036
1827,0,67.265687,32.77677
1828,0,123.765846,103.09464
1829,0,46.904135,67.107341
1830,0,72.716918,158.594008
1831,0,162.435306,161.770908
1832,0,59.706404,78.284271
1833,0,76.335296,26.939037
1834,0,81.313394,36.295479
1835,0,94.762686,46.786425
1836,0,115.40954,62.246571
1837,0,115.793641,160.448506
1838,0,139.703179,86.08897
1839,0,40.927078,22.515473
1840,0,155.213923,138.42967
1841,0,46.658772,102.159885
1842,0,249.55641,137.179521
1843,0,35.792441,23.626692
1844,0,142.23566,59.96221
1845,0,113.995152,108.829756
1846,0,126.935731,137.545022
1847,0,95.296792,108.324477
1848,0,106.836667,144.32061
1849,0,173.231289,101.360195
1850,0,122.195164,68.834901
1851,0,47.208535,59.529763
1852,0,79.18402,81.886704
1853,0,83.188532,30.355807
1854,0,141.330483,97.019671
1855,0,80.719943,137.788565
1856,0,150.397802,56.404404
1857,0,149.85123,124.083598
1858,0,110.42725,92.883642
1859,0,168.180142,108.607801
1860,0,81.900925,49.342527
1861,0,46.351747,10.504675
1862,0,50.787429,70.139472
1863,0,99.014476,75.69251
1864,0,56.824463,57.67782
1865,0,81.89756,65.24187
1866,0,299.980648,259.619213
1867,0,125.114613,91.756843
1868,0,29.99507,65.288841
1869,0,32.395004,94.368003
1870,0,113.136871,40.957443
1871,0,173.400022,111.571085
1872,0,97.805218,88.307514
1873,0,125.265263,24.517178
1874,0,65.123877,9.947673
1875,0,33.648714,67.812609
1876,0,102.243733,34.732664
1877,0,145.168096,87.993119
1878,0,73.854824,35.889152
1879,0,118.331692,101.480086
1880,0,63.877098,86.740911
1881,0,162.970949,115.941378
1882,0,216.271499,138.75498
1883,0,152.187787,104.001099
1884,0,100.2038,110.785989
1885,0,79.187358,75.123155
1886,0,74.325003,110.08563
1887,0,86.539446,119.654648
1888,0,48.336816,61.459893
1889,0,51.465274,53.406201
1890,0,119.081684,91.231081
1891,0,96.126091,58.908756
1892,0,45.262463,61.990476
1893,0,112.118555,127.301009
1894,0,85.869236,89.09101
1895,0,153.608222,92.814678
1896,0,31.363538,44.889874
1897,0,122.649637,82.639826
1898,0,45.827976,43.86493
1899,0,59.85934,67.146482
1900,0,35.933232,31.655263
1901,0,77.058419,66.280724
1902,0,117.997105,86.262284
1903,0,106.643279,95.348636
1904,0,113.339112,53.955795
1905,0,59.496447,70.188509
1906,0,152.417994,130.66911
1907,0,41.686587,46.953933
1908,0,93.047989,98.24709
1909,0,125.849065,115.665151
1910,0,57.063806,22.954834
1911,0,112.24886,135.806016
1912,0,47.324448,78.270815
1913,0,84.783204,53.562087
1914,0,11.61853,36.144862
1915,0,134.494857,63.79087
1916,0,99.696495,34.381509
1917,0,141.267752,126.388669
1918,0,86.049434,104.050607
1919,0,89.644497,77.334327
1920,0,129.558383,122.195882
1921,0,81.525936,50.423049
1922,0,25.673475,4.660197
1923,0,180.029627,129.976983
1924,0,110.809905,87.263595
1925,0,59.706423,56.555155
1926,0,41.398924,54.88728
1927,0,102.700213,25.339777
1928,0,135.157958,113.638689
1929,0,164.115644,119.020382
1930,0,43.404413,75.492466
1931,0,146.495963,116.084273
1932,0,158.028191,136.510035
1933,0,73.554903,21.088886
1934,0,94.374972,72.638953
1935,0,63.150126,48.694225
1936,0,78.616107,35.711076
1937,0,196.736549,190.033371
1938,0,208.134138,175.9712
1939,0,112.057204,63.734053
1940,0,84.495296,36.4779
1941,0,44.66841,41.091405
1942,0,43.210721,86.214038
1943,0,182.183239,154.773144
1944,0,72.317378,23.470081
1945,0,15.478352,44.916114
1946,0,140.819984,74.846825
1947,0,154.234485,168.832027
1948,0,131.676959,144.899511
1949,0,33.561761,105.467805
1950,0,89.636419,117.925042
1951,0,49.905212,9.532177
1952,0,50.511509,79.202214
1953,0,84.468783,101.676316
1954,0,37.601848,46.520922
1955,0,60.455563,33.035525
1956,0,95.705589,85.550727
1957,0,58.96421,48.070159
1958,0,109.391668,94.665578
1959,0,82.896253,46.045211
1960,0,81.277411,60.65045
1961,0,46.34842,19.115458
1962,0,79.324523,74.386739
1963,0,101.794886,117.071486
1964,0,47.045008,46.760196
1965,0,55.464231,97.019331
1966,0,92.860764,43.743831
1967,0,51.338038,75.025036
1968,0,93.857165,66.173764
1969,0,42.262892,43.876602
1970,0,173.866105,118.018274
1971,0,185.82256,152.829079
1972,0,181.100306,96.719894
1973,0,91.847778,67.0658
1974,0,141.457866,80.594673
1975,0,167.225083,113.437329
1976,0,30.876796,65.604917
1977,0,124.001942,86.571235
1978,0,34.316405,39.20223
1979,0,94.869367,84.334297
1980,0,123.933811,146.007159
1981,0,57.323473,53.94712
1982,0,69.295198,33.603487
1983,0,193.880476,184.54141
1984,0,71.173512,23.267875
1985,0,82.341187,47.263207
1986,0,9.03739,60.999136
1987,0,125.916772,65.255593
1988,0,40.68025,54.892065
1989,0,107.864227,21.073447
1990,0,147.635081,111.141561
1991,0,137.848794,71.753846
1992,0,24.084644,39.844893
1993,0,69.318226,59.074138
1994,0,223.978613,146.758099
1995,0,16.941037,-9.100909
1996,0,55.598927,84.543292
1997,0,140.188885,129.83685
1998,0,117.701728,60.932472
1999,0,143.960292,88.761863
2000,0,132.226483,101.787633
2001,1,129.523423,139.835698
2002,1,39.357013,63.663825
2003,1,327.367916,311.493946
2004,1,170.431676,162.490763
2005,1,143.768885,149.671836
2006,1,153.066736,140.797822
2007,1,83.387587,124.955847
2008,1,84.332307,104.234412
2009,1,79.233377,96.444134
2010,1,79.83228,68.090912
2011,1,271.140692,206.202465
2012,1,167.911924,187.550533
2013,1,105.291715,102.974877
2014,1,107.880962,127.771611
2015,1,101.163096,130.793112
2016,1,34.625317,63.988808
2017,1,145.072112,119.309019
2018,1,118.008488,152.904672
2019,1,169.294952,215.459777
2020,1,89.089283,206.471641
2021,1,263.623263,258.06901
2022,1,93.305611,91.275213
2023,1,98.963059,61.738688
2024,1,30.203828,63.707025
2025,1,339.776343,238.312365
2026,1,129.093831,129.07281
2027,1,81.067014,79.130126
2028,1,115.238583,119.791112
2029,1,108.028529,77.459662
2030,1,139.731879,143.253028
2031,1,73.874393,85.7343
2032,1,81.459138,119.467145
2033,1,220.060158,142.037418
2034,1,41.268595,47.780541
2035,1,53.989965,55.88544
2036,1,186.117458,145.25315
2037,1,248.073444,240.297422
2038,1,89.968215,26.677777
2039,1,44.375244,106.243249
2040,1,134.241701,86.213795
2041,1,111.912555,108.389813
2042,1,58.429523,90.979027
2043,1,155.102197,104.253858
2044,1,60.667336,61.611406
2045,1,178.692917,232.641388
2046,1,125.922482,119.75512
2047,1,169.899924,141.193367
2048,1,143.694019,132.513743
2049,1,188.376655,187.153434
2050,1,215.327963,161.966447
2051,1,91.758833,45.79462
2052,1,178.568345,112.76299
2053,1,100.790088,103.673953
2054,1,105.167539,142.613385
2055,1,110.831526,4.550699
2056,1,60.35043,123.936465
2057,1,218.235956,228.103285
2058,1,108.189717,127.137803
2059,1,222.219153,172.15293
2060,1,184.166768,126.773715
2061,1,119.809644,169.813446
2062,1,100.74254,78.351652
2063,1,154.123847,128.170345
2064,1,165.252239,116.605558
2065,1,62.39987,109.828258
2066,1,73.956414,112.847195
2067,1,70.151865,103.476515
2068,1,85.841392,59.590008
2069,1,136.90605,130.366542
2070,1,143.505907,164.215541
2071,1,261.031629,220.434812
2072,1,277.483886,168.581245
2073,1,88.638641,108.028229
2074,1,194.627107,150.0459
2075,1,34.547482,105.709493
2076,1,80.804282,116.979567
2077,1,147.588344,22.537387
2078,1,172.147807,163.296279
2079,1,90.23911,65.499407
2080,1,104.859437,135.623869
2081,1,348.174717,207.433185
2082,1,219.922821,217.394351
2083,1,158.147026,148.894505
2084,1,122.332947,98.778936
2085,1,82.442637,73.734862
2086,1,161.488817,153.789809
2087,1,56.658862,85.613672
2088,1,86.791137,85.628091
2089,1,239.58143,159.73994
2090,1,111.571017,84.83404
2091,1,238.09609,207.741884
2092,1,245.053949,158.498873
2093,1,137.537059,123.2378
2094,1,155.485512,146.291877
2095,1,156.099518,159.495848
2096,1,193.634522,149.476018
2097,1,95.269033,149.331139
2098,1,274.488689,265.773469
2099,1,238.033036,172.538258
2100,1,27.600745,38.02589
2101,1,47.366722,52.450609
2102,1,132.659011,107.823905
2103,1,251.708298,165.034041
2104,1,160.589854,129.583741
2105,1,339.642956,237.417658
2106,1,223.368302,132.53427
2107,1,112.62293,119.776289
2108,1,70.23575,133.972488
2109,1,195.861077,171.230139
2110,1,231.899419,197.26308
2111,1,124.840592,120.009824
2112,1,158.821881,205.822522
2113,1,167.887915,145.637475
2114,1,93.96653,173.058084
2115,1,82.396541,104.126989
2116,1,238.475622,154.264731
2117,1,150.014386,130.962997
2118,1,73.850785,-43.067062
2119,1,146.644498,166.256023
2120,1,56.88054,84.969812
2121,1,188.534636,229.280273
2122,1,192.267328,165.861715
2123,1,52.608543,43.69344
2124,1,225.5559,172.930685
2125,1,201.956228,82.462921
2126,1,111.325371,74.880092
2127,1,98.678465,85.006355
2128,1,185.892776,167.058078
2129,1,25.80887,13.097935
2130,1,254.738934,212.79513
2131,1,62.493842,134.625852
2132,1,118.70907,111.630826
2133,1,522.365297,345.737258
2134,1,134.317792,165.408713
2135,1,84.488261,130.256618
2136,1,320.685268,263.981133
2137,1,78.675199,85.175151
2138,1,170.301526,97.236762
2139,1,146.803536,75.938228
2140,1,68.317082,87.904389
2141,1,258.882793,233.895141
2142,1,187.994767,260.700059
2143,1,125.549414,119.660399
2144,1,230.495826,126.603355
2145,1,144.541694,102.469262
2146,1,158.204586,102.307091
2147,1,68.289239,64.294313
2148,1,84.678636,88.225892
2149,1,189.676152,113.01224
2150,1,142.410251,160.10223
2151,1,165.356222,132.205217
2152,1,231.417658,217.941319
2153,1,84.426025,113.400586
2154,1,34.030763,49.69422
2155,1,143.295222,151.344667
2156,1,130.067007,184.020342
2157,1,73.334651,107.718519
2158,1,37.433539,32.527157
2159,1,184.984854,201.782837
2160,1,74.102792,90.631105
2161,1,264.589204,186.312039
2162,1,165.257423,132.287843
2163,1,251.590474,182.134546
2164,1,61.345451,84.694383
2165,1,137.434285,104.809819
2166,1,245.617221,167.695386
2167,1,103.622972,172.437986
2168,1,116.265368,113.999785
2169,1,220.074451,220.952307
2170,1,188.994489,130.713507
2171,1,206.130513,178.078851
2172,1,118.770619,109.892719
2173,1,162.650349,115.326155
2174,1,155.293043,264.948039
2175,1,160.633965,151.55735
2176,1,12.056093,80.227767
2177,1,36.366262,50.81907
2178,1,53.345166,79.959001
2179,1,88.235475,76.848364
2180,1,24.899344,62.356993
2181,1,142.051366,96.807991
2182,1,106.245453,130.047555
2183,1,318.160845,334.664826
2184,1,30.463642,69.251655
2185,1,156.839943,126.220754
2186,1,82.722183,34.653166
2187,1,100.538805,125.735575
2188,1,132.098777,135.438181
2189,1,132.147443,127.501769
2190,1,72.58942,45.496286
2191,1,120.557991,77.683231
2192,1,106.955799,56.228533
2193,1,78.401343,55.406322
2194,1,105.654476,118.766981
2195,1,108.194955,118.69628
2196,1,121.434598,136.807668
2197,1,200.051298,137.708727
2198,1,117.457984,121.018621
2199,1,118.989778,138.484758
2200,1,92.27311,48.267395
2201,1,67.83334,56.84674
2202,1,101.05723,123.425102
2203,1,113.232055,29.870297
2204,1,192.083043,179.335582
2205,1,131.623103,126.678693
2206,1,64.60004,77.808123
2207,1,204.586057,140.768216
2208,1,271.940541,158.863608
2209,1,256.317759,257.262449
2210,1,60.786792,117.521112
2211,1,115.410159,81.30798
2212,1,74.617617,78.33172
2213,1,136.376063,96.468821
2214,1,146.005632,141.725645
2215,1,110.095239,45.513315
2216,1,278.067906,255.721017
2217,1,194.039189,157.558865
2218,1,148.878118,158.476289
2219,1,253.727575,245.360286
2220,1,127.799985,91.714536
2221,1,51.446467,68.325788
2222,1,129.513105,58.862241
2223,1,128.541761,59.600396
2224,1,88.467283,28.070191
2225,1,68.043417,93.038906
2226,1,62.322127,32.1238
2227,1,29.092795,69.017546
2228,1,138.66339,147.582202
2229,1,156.199419,180.050637
2230,1,153.388646,116.840914
2231,1,196.731081,172.263428
2232,1,199.431328,167.566686
2233,1,55.328089,69.533464
2234,1,176.880758,89.76284
2235,1,170.929377,169.944277
2236,1,197.805512,113.390289
2237,1,210.161984,196.814367
2238,1,129.156989,173.171673
2239,1,46.51312,37.063754
2240,1,213.751108,240.835141
2241,1,186.589091,196.940475
2242,1,168.592739,126.536891
2243,1,50.45652,35.802499
2244,1,301.311037,174.305588
2245,1,132.141558,125.366778
2246,1,75.154401,102.688417
2247,1,67.413581,86.496805
2248,1,190.766573,185.027124
2249,1,134.882266,116.524673
2250,1,79.152599,104.829746
2251,1,92.347664,59.648647
2252,1,101.288146,123.410604
2253,1,231.427252,220.451191
2254,1,34.189978,88.200964
2255,1,120.098936,87.317565
2256,1,206.166637,102.030534
2257,1,111.075324,153.842395
2258,1,204.382152,150.016864
2259,1,123.076249,100.579435
2260,1,175.865954,138.471318
2261,1,207.696777,157.746363
2262,1,120.841647,30.139965
2263,1,83.547681,42.896612
2264,1,115.037779,110.921881
2265,1,23.197205,-2.414839
2266,1,57.422278,89.868892
2267,1,144.399683,103.053615
2268,1,124.828873,204.580017
2269,1,87.281234,77.327215
2270,1,101.662003,87.147796
2271,1,112.273846,158.236321
2272,1,72.360889,120.668844
2273,1,77.64682,51.031565
2274,1,71.192373,116.614349
2275,1,79.987984,8.154534
2276,1,42.057455,80.703701
2277,1,92.269541,121.120454
2278,1,406.70871,296.21986
2279,1,133.839773,49.222324
2280,1,301.474364,219.783221
2281,1,35.937302,11.019142
2282,1,177.301964,204.783702
2283,1,99.293755,13.223538
2284,1,143.112459,125.859035
2285,1,78.898624,60.50675
2286,1,98.928781,74.306339
2287,1,105.990724,106.34415
2288,1,53.243288,37.867812
2289,1,97.240232,154.946699
2290,1,85.096415,92.240876
2291,1,83.550499,68.945345
2292,1,227.928173,236.035026
2293,1,158.425636,215.494765
2294,1,80.425953,40.678953
2295,1,140.859573,140.376235
2296,1,300.846368,317.24071
2297,1,101.17256,128.675103
2298,1,203.623319,158.524483
2299,1,152.369778,247.509926
2300,1,284.507438,249.8742
2301,1,144.226897,111.572225
2302,1,212.585922,154.605394
2303,1,139.620415,100.126449
2304,1,152.703839,199.520168
2305,1,162.540248,170.202356
2306,1,150.686841,132.877207
2307,1,48.996749,20.215132
2308,1,89.812512,35.474743
2309,1,74.331271,51.963091
2310,1,77.859508,129.23668
2311,1,67.144847,145.796976
2312,1,260.193711,163.236687
2313,1,115.235704,112.431565
2314,1,89.260704,119.451837
2315,1,133.222873,92.760868
2316,1,55.395208,88.320618
2317,1,147.492367,82.265527
2318,1,97.921446,69.159063
2319,1,46.160125,15.886983
2320,1,167.542937,141.313263
2321,1,197.034016,201.545152
2322,1,257.244684,216.480209
2323,1,103.449678,134.609957
2324,1,69.898268,48.996221
2325,1,107.91803,128.155093
2326,1,31.773187,8.126821
2327,1,111.172982,142.73478
2328,1,228.301532,211.473064
2329,1,70.380165,133.819953
2330,1,107.714357,105.682064
2331,1,88.282421,55.058195
2332,1,121.973302,193.16005
2333,1,115.359913,99.752122
2334,1,212.741991,182.836935
2335,1,186.007949,128.318468
2336,1,141.798758,142.644932
2337,1,148.894987,126.219143
2338,1,220.233821,156.008144
2339,1,140.994147,117.761803
2340,1,117.883415,67.935422
2341,1,150.582195,16.011876
2342,1,164.507944,161.018159
2343,1,126.1506,135.226541
2344,1,55.335815,52.342662
2345,1,211.008915,192.119431
2346,1,98.830174,30.176499
2347,1,169.909516,177.012895
2348,1,51.73132,128.75067
2349,1,315.772338,274.843897
2350,1,230.392871,172.416006
2351,1,75.8056,120.700756
2352,1,92.215184,87.468584
2353,1,203.228501,116.664958
2354,1,76.628633,143.134571
2355,1,178.156853,170.598761
2356,1,91.294152,125.029768
2357,1,83.300317,111.703912
2358,1,59.4037,81.077436
2359,1,170.963097,123.231446
2360,1,122.881767,57.780545
2361,1,42.590337,25.619638
2362,1,83.051669,51.560344
2363,1,36.302969,-13.956353
2364,1,113.270494,62.888722
2365,1,59.048836,80.8078
2366,1,189.568105,164.475345
2367,1,93.437418,176.260113
2368,1,148.609935,93.910634
2369,1,114.145813,156.039609
2370,1,137.386743,228.83845
2371,1,67.651363,72.954513
2372,1,265.1207,230.945587
2373,1,103.902894,123.224389
2374,1,137.58203,113.86222
2375,1,205.092595,187.328775
2376,1,93.600467,90.530586
2377,1,96.558719,88.109644
2378,1,68.501173,20.030733
2379,1,101.65621,67.710885
2380,1,131.008613,142.773503
2381,1,168.864045,123.844781
2382,1,156.210011,128.701581
2383,1,30.172452,46.663662
2384,1,95.348021,56.958061
2385,1,196.407193,239.047513
2386,1,144.356523,138.632161
2387,1,96.662188,145.665358
2388,1,136.481564,161.060372
2389,1,174.884754,98.791085
2390,1,163.56209,159.394903
2391,1,94.883139,115.001182
2392,1,54.163515,35.505377
2393,1,94.355472,55.620586
2394,1,163.829398,67.130125
2395,1,44.975697,108.581313
2396,1,134.528153,146.486169
2397,1,255.035227,193.160657
2398,1,226.325522,148.782411
2399,1,92.126281,56.31065
2400,1,216.8778,189.548933
2401,1,165.83988,187.348928
2402,1,117.465776,98.750998
2403,1,203.629182,219.172193
2404,1,176.085472,159.119292
2405,1,53.802115,135.210802
2406,1,58.34827,8.069407
2407,1,277.19948,197.012256
2408,1,144.248756,94.947235
2409,1,170.137452,172.014502
2410,1,135.876204,182.409017
2411,1,153.829883,221.052716
2412,1,91.177735,82.622283
2413,1,124.140604,141.946057
2414,1,160.658164,148.437309
2415,1,172.499823,104.401546
2416,1,25.029124,60.022219
2417,1,172.267965,65.969357
2418,1,140.255822,165.492916
2419,1,83.384499,168.707631
2420,1,112.490223,110.376906
2421,1,119.356316,124.976924
2422,1,158.852016,158.657437
2423,1,58.184974,35.296875
2424,1,148.675738,151.21988
2425,1,41.096346,46.696556
2426,1,195.468999,194.349654
2427,1,144.888857,116.287639
2428,1,155.430823,115.724812
2429,1,150.072492,168.250211
2430,1,180.986616,118.879992
2431,1,122.962181,149.133255
2432,1,272.62223,247.060823
2433,1,183.974828,87.725345
2434,1,66.445051,114.330694
2435,1,239.954411,210.785915
2436,1,143.889382,142.293199
2437,1,83.755006,15.321229
2438,1,152.914559,91.669134
2439,1,139.675567,153.787094
2440,1,75.144123,119.84557
2441,1,223.881455,132.281762
2442,1,107.935585,124.884472
2443,1,138.247073,131.901829
2444,1,101.061976,96.846322
2445,1,132.776583,177.822396
2446,1,182.081198,133.562772
2447,1,140.109,165.62372
2448,1,230.737861,156.281715
2449,1,97.950877,100.819946
2450,1,115.843295,68.964657
2451,1,129.630343,58.920083
2452,1,18.117516,12.490232
2453,1,109.813943,129.223126
2454,1,84.110514,111.988849
2455,1,157.303283,133.33128
2456,1,194.533213,142.234156
2457,1,186.440019,99.463002
2458,1,31.732703,15.351056
2459,1,58.848666,61.115027
2460,1,65.888977,178.969526
2461,1,120.953242,163.318782
2462,1,62.158811,67.425266
2463,1,101.657443,85.456143
2464,1,184.146223,96.060683
2465,1,270.355118,196.4141
2466,1,145.773244,201.452619
2467,1,129.370764,126.512319
2468,1,255.237513,202.480003
2469,1,128.202368,101.741079
2470,1,243.037749,186.617958
2471,1,192.265358,150.501765
2472,1,39.974538,119.460427
2473,1,49.038035,81.900666
2474,1,124.683131,141.26223
2475,1,36.739267,-32.511963
2476,1,70.092551,140.558385
2477,1,182.987359,105.477074
2478,1,83.942088,44.413296
2479,1,81.838343,100.25236
2480,1,34.370052,38.745174
2481,1,202.936995,155.246461
2482,1,225.902056,183.366085
2483,1,284.696448,164.529287
2484,1,280.421436,177.258681
2485,1,209.791256,212.003289
2486,1,300.149199,213.963189
2487,1,154.993292,131.538937
2488,1,119.655869,151.077487
2489,1,274.729171,194.224127
2490,1,65.888118,27.136384
2491,1,198.219072,106.422601
2492,1,200.038176,220.493414
2493,1,66.086835,80.404674
2494,1,134.587219,138.503929
2495,1,83.249359,47.935987
2496,1,176.077077,126.41722
2497,1,44.041545,27.706296
2498,1,101.077243,99.532689
2499,1,156.708202,151.087787
2500,1,53.601657,30.461973
2501,1,122.267143,114.859931
2502,1,64.295791,46.417119
2503,1,183.113635,158.632472
2504,1,142.056295,111.846348
2505,1,210.228321,209.097276
2506,1,131.681563,106.007549
2507,1,118.16113,88.902268
2508,1,158.591722,130.299378
2509,1,184.257606,198.107781
2510,1,133.584769,209.648943
2511,1,100.289216,22.361348
2512,1,155.492721,186.740702
2513,1,89.26211,127.55506
2514,1,205.135107,172.56786
2515,1,203.253437,205.323461
2516,1,175.416852,161.258673
2517,1,53.107995,78.507503
2518,1,139.924446,136.034566
2519,1,123.108542,114.951472
2520,1,52.643302,54.589322
2521,1,177.783588,161.018352
2522,1,213.898885,156.704623
2523,1,53.322395,89.681994
2524,1,83.901519,87.014067
2525,1,98.020839,160.629729
2526,1,49.794786,65.665213
2527,1,84.383593,85.427067
2528,1,149.155545,136.237667
2529,1,75.726621,16.593186
2530,1,113.21228,173.139308
2531,1,331.114825,216.755501
2532,1,272.042178,188.810451
2533,1,50.00364,122.954875
2534,1,100.34706,101.379673
2535,1,152.546001,152.904382
2536,1,110.290829,47.52435
2537,1,175.38422,101.789834
2538,1,107.306605,112.071177
2539,1,82.981844,96.889691
2540,1,211.833611,204.682075
2541,1,81.068261,92.795832
2542,1,105.770916,48.605069
2543,1,160.802228,107.373576
2544,1,53.701969,92.109486
2545,1,153.28371,138.185532
2546,1,100.536085,117.206318
2547,1,175.151264,198.63285
2548,1,88.458211,51.34401
2549,1,167.758572,100.221558
2550,1,237.351182,213.765108
2551,1,77.19431,32.268392
2552,1,197.206153,182.876886
2553,1,320.49209,165.544578
2554,1,366.221805,278.621747
2555,1,105.501962,92.00323
2556,1,172.904544,167.025466
2557,1,197.611459,247.535905
2558,1,214.53617,142.333355
2559,1,156.94386,123.929895
2560,1,200.258042,206.984662
2561,1,284.380606,183.589662
2562,1,255.866789,159.484643
2563,1,107.690904,116.442296
2564,1,111.304621,160.379764
2565,1,116.611856,95.47419
2566,1,332.563156,191.499285
2567,1,70.338719,123.21689
2568,1,98.506977,108.795446
2569,1,147.013675,156.244057
2570,1,36.051711,50.433706
2571,1,230.66391,243.356072
2572,1,67.57756,92.816054
2573,1,114.943006,163.74698
2574,1,208.788819,222.394392
2575,1,58.775028,54.796368
2576,1,127.717465,147.15767
2577,1,217.96082,170.823167
2578,1,333.418052,249.708233
2579,1,63.901005,53.319789
2580,1,17.218153,77.283316
2581,1,76.289557,84.612878
2582,1,142.468738,132.017936
2583,1,287.158032,200.947532
2584,1,62.665533,124.29879
2585,1,294.397198,266.420479
2586,1,90.824719,84.459666
2587,1,271.890392,271.910446
2588,1,122.167241,129.24578
2589,1,253.905438,155.937605
2590,1,54.886067,81.806408
2591,1,63.781009,-12.850733
2592,1,117.912061,105.296117
2593,1,294.356036,318.978773
2594,1,148.98063,109.064927
2595,1,122.523559,94.231241
2596,1,34.765558,74.580213
2597,1,58.935629,14.799642
2598,1,102.415366,112.211392
2599,1,79.035079,87.707415
2600,1,248.389466,171.503042
2601,1,103.704356,57.013814
2602,1,166.857412,52.00503
2603,1,111.803189,115.483885
2604,1,218.986632,180.414173
2605,1,116.441375,138.404043
2606,1,378.217331,258.00963
2607,1,223.472836,129.863096
2608,1,137.97467,85.641116
2609,1,116.282488,123.998894
2610,1,194.322937,134.27355
2611,1,39.777514,88.470046
2612,1,185.527079,173.038405
2613,1,131.249966,81.37966
2614,1,152.224558,90.013968
2615,1,333.864512,247.953316
2616,1,170.910104,115.748989
2617,1,111.987216,138.214661
2618,1,121.900674,110.850972
2619,1,100.014609,112.664496
2620,1,98.613853,84.913833
2621,1,139.393674,69.634231
2622,1,157.923176,189.918524
2623,1,112.426735,122.269564
2624,1,187.433613,195.483901
2625,1,164.889566,212.45385
2626,1,128.525313,54.710011
2627,1,52.250813,60.645016
2628,1,157.786637,183.322855
2629,1,45.411594,147.046211
2630,1,162.789132,105.769749
2631,1,188.828706,174.466278
2632,1,124.936697,71.792379
2633,1,143.831115,86.300555
2634,1,98.826123,131.202246
2635,1,149.368049,103.826732
2636,1,147.691422,144.213527
2637,1,75.85211,56.999248
2638,1,188.992619,183.784574
2639,1,70.813917,82.18913
2640,1,243.658101,183.420689
2641,1,242.177871,174.969986
2642,1,34.594965,88.676747
2643,1,258.291606,214.356115
2644,1,262.99424,269.029832
2645,1,94.534197,66.283641
2646,1,75.564606,49.636313
2647,1,173.156148,143.918453
2648,1,145.657999,147.915601
2649,1,168.401067,137.053748
2650,1,135.972634,110.192376
2651,1,223.598579,196.21431
2652,1,189.857794,175.807439
2653,1,120.067598,84.262204
2654,1,121.907771,129.455503
2655,1,177.487374,117.806524
2656,1,202.562897,211.942657
2657,1,156.827976,141.57372
2658,1,73.493334,63.60033
2659,1,177.544932,168.993905
2660,1,114.016677,11.181216
2661,1,187.382642,150.898577
2662,1,236.004989,181.466348
2663,1,121.581862,153.225845
2664,1,131.064358,126.433799
2665,1,197.629854,174.450554
2666,1,149.889543,134.888
2667,1,112.981626,95.348307
2668,1,123.289939,156.495664
2669,1,203.018026,194.856784
2670,1,117.51173,75.765662
2671,1,238.940463,162.833739
2672,1,147.981644,113.110733
2673,1,171.399336,161.577481
2674,1,219.104179,137.520519
2675,1,211.351376,211.075029
2676,1,166.064967,155.938541
2677,1,66.260631,70.073206
2678,1,120.558526,195.991171
2679,1,163.621359,207.357175
2680,1,108.581117,113.279098
2681,1,125.534026,131.198356
2682,1,124.371931,70.472021
2683,1,45.737226,74.042242
2684,1,162.652214,148.794497
2685,1,167.354584,124.710974
2686,1,152.440038,152.587931
2687,1,145.979689,116.714997
2688,1,303.503388,257.649994
2689,1,125.191986,185.034281
2690,1,134.158547,209.017255
2691,1,64.786467,48.913376
2692,1,157.751001,91.575351
2693,1,176.203867,183.296448
2694,1,169.684754,175.634571
2695,1,73.097248,86.376307
2696,1,183.025911,127.584961
2697,1,80.103442,127.006272
2698,1,195.412306,193.406123
2699,1,157.150388,35.182951
2700,1,68.594973,61.782132
2701,1,225.594879,146.357127
2702,1,240.970695,173.273922
2703,1,92.496566,90.077178
2704,1,79.398021,98.324865
2705,1,87.319222,89.899985
2706,1,51.722946,52.449168
2707,1,54.505275,120.260137
2708,1,108.461538,130.653092
2709,1,180.221999,66.716279
2710,1,171.1312,92.952036
2711,1,72.736129,125.389445
2712,1,74.043663,61.312746
2713,1,82.799639,167.342859
2714,1,46.088455,57.415018
2715,1,149.515518,145.026861
2716,1,86.711566,114.17151
2717,1,57.452012,29.449834
2718,1,117.057839,159.340959
2719,1,53.897055,-14.153537
2720,1,251.472451,158.633776
2721,1,53.96235,109.993514
2722,1,200.434346,140.889914
2723,1,295.285171,212.118337
2724,1,92.564229,85.79855
2725,1,118.538237,87.633009
2726,1,96.127353,115.831611
2727,1,72.229215,116.805087
2728,1,131.984258,128.339117
2729,1,101.667645,134.511723
2730,1,102.865351,85.603674
2731,1,99.783856,92.316293
2732,1,110.730839,78.915514
2733,1,78.341311,61.508232
2734,1,62.49406,-3.011338
2735,1,286.162445,161.308513
2736,1,135.028349,140.297582
2737,1,137.310915,144.622375
2738,1,118.201278,47.579209
2739,1,103.186527,131.674783
2740,1,28.994855,80.541484
2741,1,241.934202,220.989215
2742,1,115.863533,65.3598
2743,1,154.125725,121.390549
2744,1,96.626045,164.287441
2745,1,96.782933,75.909152
2746,1,161.610042,101.837391
2747,1,188.088702,157.244406
2748,1,234.61196,216.116773
2749,1,333.270261,230.111224
2750,1,231.675803,215.287516
2751,1,131.807548,120.187376
2752,1,133.110333,60.756705
2753,1,82.795589,100.723981
2754,1,107.042826,133.766686
2755,1,61.978018,47.048773
2756,1,128.607083,172.783107
2757,1,156.402837,153.570133
2758,1,262.941402,178.331964
2759,1,33.412146,32.227476
2760,1,174.299744,86.567657
2761,1,133.410346,114.112295
2762,1,141.693675,122.547038
2763,1,54.010475,119.418536
2764,1,103.600578,84.451318
2765,1,236.030987,224.08356
2766,1,86.266045,67.991605
2767,1,148.76268,127.505271
2768,1,51.654731,83.486812
2769,1,267.975905,239.329102
2770,1,77.274886,131.284656
2771,1,42.714541,30.855439
2772,1,213.391167,166.316061
2773,1,148.374277,114.672448
2774,1,26.619467,34.89164
2775,1,258.879435,291.811035
2776,1,112.425307,122.430704
2777,1,257.290183,243.852067
2778,1,245.512673,248.458971
2779,1,104.384927,91.609127
2780,1,141.908463,131.78373
2781,1,115.994559,99.781321
2782,1,130.941328,160.207269
2783,1,253.395702,222.201568
2784,1,270.848773,192.68717
2785,1,131.259651,81.816621
2786,1,212.661632,258.832474
2787,1,147.019004,153.637804
2788,1,103.013988,98.973403
2789,1,153.152812,173.163916
2790,1,81.206861,78.885128
2791,1,45.98309,100.418382
2792,1,99.780169,152.31863
2793,1,62.156699,94.134757
2794,1,98.073793,90.257546
2795,1,346.462454,262.383512
2796,1,118.484355,135.875817
2797,1,132.195887,140.648569
2798,1,210.632496,141.434899
2799,1,87.855545,131.524247
2800,1,165.557359,110.957245
2801,1,176.588683,166.5931
2802,1,138.086689,132.403128
2803,1,161.73759,46.11933
2804,1,198.918256,207.677761
2805,1,84.805253,111.96715
2806,1,211.862804,125.874617
2807,1,52.255541,112.74664
2808,1,112.855346,55.211568
2809,1,119.051853,125.652243
2810,1,199.758866,126.155187
2811,1,84.865486,82.45485
2812,1,86.544287,116.613832
2813,1,86.253865,151.069955
2814,1,58.573373,89.188948
2815,1,96.967133,119.957748
2816,1,114.754602,93.89239
2817,1,173.55812,84.17311
2818,1,164.021389,168.380178
2819,1,67.897388,24.114825
2820,1,230.010955,220.932342
2821,1,91.724862,171.443216
2822,1,197.791485,202.368989
2823,1,177.472373,129.403659
2824,1,180.955859,92.585377
2825,1,174.670698,166.681654
2826,1,102.084399,71.285073
2827,1,134.709772,97.58408
2828,1,132.082297,97.500432
2829,1,83.350466,120.395057
2830,1,158.090685,156.158389
2831,1,71.823679,140.595855
2832,1,117.331748,77.584595
2833,1,311.237551,205.551355
2834,1,321.158861,164.29091
2835,1,54.845868,53.955202
2836,1,113.967648,131.594134
2837,1,132.66692,87.807741
2838,1,183.425067,81.81896
2839,1,101.407451,124.275288
2840,1,177.363124,161.277944
2841,1,209.696316,161.206064
2842,1,99.469251,76.583445
2843,1,149.803426,171.151594
2844,1,104.120027,138.89924
2845,1,108.826546,106.161315
2846,1,296.89691,197.500319
2847,1,369.716805,266.786595
2848,1,58.009089,77.794244
2849,1,163.377556,222.432151
2850,1,191.295823,186.133567
2851,1,73.027004,74.695448
2852,1,43.93185,36.522686
2853,1,163.590523,200.235469
2854,1,164.31076,102.317142
2855,1,126.703829,120.141598
2856,1,157.264571,41.293488
2857,1,99.468271,156.686223
2858,1,360.98484,234.031339
2859,1,349.177174,203.804849
2860,1,59.717316,113.457206
2861,1,41.450358,81.178539
2862,1,216.39967,125.783489
2863,1,127.401583,69.666571
2864,1,109.100037,186.319766
2865,1,289.012201,178.562751
2866,1,229.287974,214.734252
2867,1,19.809794,58.991422
2868,1,121.62181,125.692551
2869,1,149.989753,134.253988
2870,1,150.638725,166.749321
2871,1,307.339754,183.12449
2872,1,106.97786,114.420453
2873,1,143.722943,119.195002
2874,1,186.101557,150.289436
2875,1,294.648698,207.817455
2876,1,281.953952,185.465799
2877,1,161.696097,124.195651
2878,1,172.958168,117.469253
2879,1,236.800996,302.0216
2880,1,169.954543,187.07568
2881,1,105.407128,72.516302
2882,1,189.369095,49.867057
2883,1,108.470176,143.917205
2884,1,348.487017,263.012073
2885,1,143.041073,138.505704
2886,1,187.610397,200.699164
2887,1,231.437846,104.675987
2888,1,184.636533,45.066544
2889,1,214.341441,139.22051
2890,1,41.715645,35.165389
2891,1,137.801618,85.986378
2892,1,30.436532,116.243755
2893,1,99.025614,39.719502
2894,1,113.761339,160.599309
2895,1,67.738119,137.230094
2896,1,200.858949,120.238604
2897,1,135.284434,172.044848
2898,1,66.155881,32.747436
2899,1,206.090477,185.883817
2900,1,174.460522,133.271924
2901,1,148.056597,135.684205
2902,1,128.062636,217.764694
2903,1,281.18339,252.598505
2904,1,69.518928,59.548482
2905,1,95.794604,69.665526
2906,1,48.563242,81.213232
2907,1,149.596321,180.02647
2908,1,389.234183,300.09004
2909,1,185.610502,123.432951
2910,1,174.347144,132.247193
2911,1,227.840541,191.481045
2912,1,90.1895,64.09174
2913,1,71.274263,97.183565
2914,1,73.010981,78.428489
2915,1,134.062867,155.273652
2916,1,141.187326,185.823942
2917,1,165.039361,135.603859
2918,1,48.277112,78.525526
2919,1,126.860663,123.932331
2920,1,45.836318,154.963508
2921,1,125.028309,107.426641
2922,1,57.87448,92.670928
2923,1,216.646228,201.457136
2924,1,245.44811,113.776228
2925,1,271.597276,205.495127
2926,1,50.07419,54.751218
2927,1,141.216736,118.88736
2928,1,184.533372,133.550302
2929,1,155.681133,132.022505
2930,1,125.570681,147.398534
2931,1,113.223108,120.81692
2932,1,198.57286,217.161666
2933,1,120.212611,106.010037
2934,1,192.287897,142.667462
2935,1,87.735576,102.301369
2936,1,116.048392,100.921551
2937,1,97.629721,27.915434
2938,1,76.656232,35.101675
2939,1,192.450924,125.497505
2940,1,129.880069,103.216936
2941,1,41.095409,102.463245
2942,1,45.515499,27.292572
2943,1,307.119592,269.925407
2944,1,165.49185,126.454323
2945,1,158.785857,120.835695
2946,1,198.514944,207.492543
2947,1,146.131138,133.808427
2948,1,114.581411,109.846589
2949,1,149.746512,93.37603
2950,1,255.321737,138.717129
2951,1,229.080902,158.805653
2952,1,108.421678,92.439364
2953,1,317.150068,224.322106
2954,1,145.629914,194.718359
2955,1,282.995871,211.215554
2956,1,85.649887,73.379692
2957,1,66.577355,93.133868
2958,1,198.606147,191.707099
2959,1,69.473109,130.166425
2960,1,141.505981,102.480685
2961,1,232.928391,174.202872
2962,1,226.954969,176.113843
2963,1,91.586171,120.176129
2964,1,133.188078,165.47962
2965,1,120.384146,119.107018
2966,1,116.512316,117.642155
2967,1,102.939228,178.769847
2968,1,247.962282,214.16564
2969,1,63.293988,26.671185
2970,1,94.843462,74.448216
2971,1,150.043491,158.458151
2972,1,94.740914,36.821236
2973,1,142.811958,139.452914
2974,1,92.216348,90.844166
2975,1,129.501506,96.753973
2976,1,135.700001,88.032807
2977,1,131.488801,153.932294
2978,1,218.319837,189.67304
2979,1,52.08206,26.933692
2980,1,23.86326,83.301856
2981,1,386.26807,314.796901
2982,1,96.352401,87.121366
2983,1,158.955207,158.493988
2984,1,123.005371,159.272984
2985,1,93.336796,132.087405
2986,1,277.082288,208.455615
2987,1,245.820298,152.718707
2988,1,104.70849,133.266431
2989,1,103.244726,86.843631
2990,1,139.604319,217.780572
2991,1,97.605055,135.401309
2992,1,124.185475,95.978078
2993,1,172.446012,108.661808
2994,1,208.126549,144.457057
2995,1,18.003071,42.740213
2996,1,135.095633,116.186025
2997,1,109.822792,111.334837
2998,1,108.515401,85.567922
2999,1,163.046923,148.612389
3000,1,166.997855,149.51789
3001,1,189.205044,104.139482
3002,1,47.170315,79.4173
3003,1,175.328554,162.663276
3004,1,77.324897,79.662906
3005,1,163.265007,127.900181
3006,1,170.663127,116.808501
3007,1,173.978194,202.578397
3008,1,160.572671,148.36025
3009,1,75.271116,55.204571
3010,1,85.077436,150.816796
3011,1,91.504868,166.101184
3012,1,124.14128,165.388351
3013,1,58.740576,31.928346
3014,1,317.493672,260.503172
3015,1,120.298129,96.480561
3016,1,148.182285,101.855177
3017,1,60.174285,69.527055
3018,1,79.368562,73.362948
3019,1,262.1806,228.075663
3020,1,135.400268,123.202009
3021,1,200.667191,193.471047
3022,1,103.907886,81.02113
3023,1,90.372725,92.63941
3024,1,98.772439,117.185127
3025,1,148.245916,134.670003
3026,1,178.001147,211.825033
3027,1,87.704692,47.472884
3028,1,186.160272,191.270373
3029,1,158.495932,189.3256
3030,1,95.017764,90.009058
3031,1,180.993946,124.556391
3032,1,157.289165,97.660248
3033,1,67.36377,68.355265
3034,1,110.772378,149.078543
3035,1,166.569537,154.349444
3036,1,148.862145,169.80586
3037,1,104.811961,94.205472
3038,1,43.377699,12.88546
3039,1,108.450017,116.115572
3040,1,172.63497,147.949377
3041,1,32.112008,161.267652
3042,1,73.587189,64.498253
3043,1,106.832767,119.042806
3044,1,144.617604,198.851336
3045,1,182.254204,128.943582
3046,1,171.348506,208.680328
3047,1,70.750687,57.208407
3048,1,66.892954,130.362929
3049,1,117.804236,99.505561
3050,1,33.897718,103.309364
3051,1,60.39222,54.235921
3052,1,147.663073,84.264556
3053,1,89.311426,107.742372
3054,1,181.688999,162.643507
3055,1,160.620711,115.598049
3056,1,35.690223,97.840581
3057,1,227.549729,225.302768
3058,1,89.64193,38.941582
3059,1,98.619653,66.494804
3060,1,213.237374,191.42251
3061,1,197.962106,122.206486
3062,1,59.47431,100.993657
3063,1,146.107237,132.648361
3064,1,255.843709,240.729138
3065,1,96.458774,119.730662
3066,1,203.49436,162.912604
3067,1,107.35139,118.49047
3068,1,125.952796,54.330636
3069,1,176.053384,131.728907
3070,1,179.068046,117.6723
3071,1,134.60288,96.795824
3072,1,170.82752,140.431139
3073,1,59.549467,47.341728
3074,1,166.300708,158.518044
3075,1,41.309354,30.449787
3076,1,265.79078,231.779196
3077,1,24.175642,53.447229
3078,1,130.272833,147.523739
3079,1,423.073961,273.337907
3080,1,79.314599,49.847763
3081,1,188.916723,202.053157
3082,1,301.370477,199.458271
3083,1,100.137761,100.434138
3084,1,119.993931,69.034245
3085,1,160.087995,123.412262
3086,1,135.469664,174.45139
3087,1,220.810193,208.233753
3088,1,65.160609,61.439431
3089,1,190.753132,182.063917
3090,1,114.890638,118.032876
3091,1,147.850293,149.916911
3092,1,133.599929,65.46969
3093,1,267.228996,240.631821
3094,1,289.157709,206.28457
3095,1,236.17302,166.45927
3096,1,128.690359,158.628047
3097,1,122.328209,148.658466
3098,1,38.423574,79.079651
3099,1,125.495887,89.94392
3100,1,95.44791,48.720457
3101,1,106.164346,106.566414
3102,1,233.663909,224.624416
3103,1,112.601522,123.621836
3104,1,175.389179,111.079051
3105,1,123.703773,134.422739
3106,1,58.572366,63.920803
3107,1,80.582322,116.892369
3108,1,84.279444,90.264991
3109,1,98.318798,117.704802
3110,1,233.177555,247.412209
3111,1,254.246958,220.196686
3112,1,88.371718,107.219512
3113,1,215.821447,189.507459
3114,1,228.979617,116.553947
3115,1,165.357479,116.45621
3116,1,28.065515,72.646995
3117,1,87.498815,161.483404
3118,1,228.338333,234.463152
3119,1,211.143439,226.75714
3120,1,61.596913,78.520319
3121,1,115.387073,29.281463
3122,1,166.846485,157.989849
3123,1,102.044711,94.927425
3124,1,112.108865,140.460177
3125,1,147.726748,109.978215
3126,1,105.417906,128.823
3127,1,298.304352,230.122106
3128,1,67.445381,88.470787
3129,1,91.291115,28.859948
3130,1,27.504668,87.750531
3131,1,44.189441,67.271142
3132,1,338.608697,328.575558
3133,1,84.964855,54.735328
3134,1,130.385512,150.610536
3135,1,113.686965,72.428469
3136,1,35.792082,112.822173
3137,1,128.35822,112.300034
3138,1,249.550757,192.254915
3139,1,64.105087,112.045964
3140,1,125.403869,80.828575
3141,1,231.209803,204.954939
3142,1,133.787054,116.713782
3143,1,287.794669,219.245162
3144,1,47.090594,90.097656
3145,1,242.593027,208.824125
3146,1,174.195239,210.762721
3147,1,145.150164,112.043108
3148,1,224.136733,159.305141
3149,1,99.141847,79.588125
3150,1,112.458713,147.04441
3151,1,100.368354,123.25048
3152,1,153.701039,138.375885
3153,1,20.446506,44.400514
3154,1,133.950556,81.75998
3155,1,160.893061,130.544957
3156,1,210.572292,138.974272
3157,1,259.136245,257.382912
3158,1,90.31926,106.29932
3159,1,175.447123,110.779512
3160,1,62.56311,95.051818
3161,1,198.596777,202.552291
3162,1,209.220276,119.466497
3163,1,89.83243,133.757833
3164,1,162.767637,144.862871
3165,1,135.851133,60.229876
3166,1,98.031864,110.191345
3167,1,101.219481,113.088702
3168,1,68.182326,82.197282
3169,1,178.652425,141.405433
3170,1,210.110488,139.630468
3171,1,249.317423,184.183702
3172,1,180.842576,147.417362
3173,1,118.417044,141.148854
3174,1,72.082541,97.027937
3175,1,118.561843,141.253083
3176,1,194.345277,135.491515
3177,1,70.45255,64.390855
3178,1,174.39692,133.223356
3179,1,183.91771,176.577117
3180,1,99.517867,58.117837
3181,1,130.990463,101.068374
3182,1,80.281607,85.925415
3183,1,169.350118,176.439356
3184,1,205.280096,195.907918
3185,1,136.279595,76.066647
3186,1,166.483923,129.9699
3187,1,39.421144,123.889955
3188,1,195.969646,200.203462
3189,1,142.956501,161.568297
3190,1,106.344039,106.594179
3191,1,148.680874,170.80678
3192,1,44.075086,59.077027
3193,1,183.473921,108.235102
3194,1,107.358644,162.615853
3195,1,246.162167,194.234116
3196,1,238.426687,233.448407
3197,1,171.637474,149.113973
3198,1,78.580138,53.796201
3199,1,55.486864,75.872117
3200,1,165.949435,99.873447
3201,1,54.403075,34.300594
3202,1,196.440944,148.727924
3203,1,131.859327,116.511269
3204,1,146.888216,98.454074
3205,1,26.824194,97.03496
3206,1,228.032082,103.795854
3207,1,43.310366,73.377011
3208,1,42.027848,105.721902
3209,1,265.312389,241.985748
3210,1,26.140008,86.078486
3211,1,135.636456,170.806223
3212,1,120.068486,110.626728
3213,1,96.973098,85.108786
3214,1,256.162218,226.089889
3215,1,233.206896,231.434828
3216,1,179.047429,162.123582
3217,1,104.007296,144.857412
3218,1,229.514277,244.664654
3219,1,168.848174,207.565843
3220,1,114.025499,147.723924
3221,1,114.305194,79.781136
3222,1,57.809337,107.068516
3223,1,101.503364,184.05674
3224,1,116.993661,122.495929
3225,1,279.312015,182.54505
3226,1,69.532111,91.798189
3227,1,152.848568,141.972034
3228,1,299.536498,164.216394
3229,1,126.918255,68.097382
3230,1,252.437006,209.54858
3231,1,54.490157,22.098944
3232,1,121.159669,114.768099
3233,1,148.108799,73.644555
3234,1,138.718612,106.568791
3235,1,91.251549,78.985478
3236,1,129.345724,81.664121
3237,1,216.602979,199.924875
3238,1,144.063509,139.100979
3239,1,112.272558,105.869413
3240,1,85.344681,90.763438
3241,1,207.724976,123.629717
3242,1,37.697766,30.808289
3243,1,97.850409,133.178681
3244,1,58.425986,130.530416
3245,1,155.107328,52.184169
3246,1,99.478288,77.485034
3247,1,83.879206,28.370374
3248,1,85.330467,74.59462
3249,1,91.405234,122.335104
3250,1,134.8838,81.698644
3251,1,38.185755,111.645831
3252,1,157.160595,147.390333
3253,1,208.69253,190.014542
3254,1,151.732376,133.71855
3255,1,214.771897,134.23147
3256,1,165.33238,69.32673
3257,1,125.960197,133.858005
3258,1,247.011705,96.43959
3259,1,156.21947,82.64725
3260,1,131.909984,98.341441
3261,1,183.339988,183.579964
3262,1,67.968467,22.957584
3263,1,148.982921,171.021494
3264,1,282.104572,257.064517
3265,1,145.29681,118.650462
3266,1,66.508444,70.610493
3267,1,140.693117,65.696418
3268,1,45.843077,109.671939
3269,1,240.09124,210.389249
3270,1,189.01675,155.659045
3271,1,128.428659,74.568814
3272,1,191.042254,132.109283
3273,1,39.30637,93.721252
3274,1,117.707269,104.288767
3275,1,149.767998,159.926137
3276,1,210.012588,227.927382
3277,1,153.126599,168.242908
3278,1,203.413952,116.73617
3279,1,124.904031,97.873426
3280,1,89.255485,55.225058
3281,1,153.797841,97.087802
3282,1,141.606299,124.34517
3283,1,109.429656,115.943331
3284,1,109.273487,136.190318
3285,1,155.432935,100.864979
3286,1,223.425469,187.245091
3287,1,113.762294,118.718374
3288,1,262.032871,219.736281
3289,1,75.62379,104.234116
3290,1,141.178323,138.940105
3291,1,96.937652,94.714525
3292,1,114.22295,51.095409
3293,1,175.70333,173.867362
3294,1,189.216704,155.411103
3295,1,171.464709,102.953442
3296,1,166.029531,122.446997
3297,1,77.819602,118.061236
3298,1,70.340807,31.580071
3299,1,165.83728,131.431518
3300,1,162.183061,133.053617
3301,1,223.956618,166.15302
3302,1,137.329631,166.541758
3303,1,123.244997,146.930255
3304,1,242.185103,128.435222
3305,1,124.243213,113.0291
3306,1,220.514435,154.928174
3307,1,120.311212,123.765933
3308,1,222.344674,135.416659
3309,1,151.157427,193.693361
3310,1,46.873737,103.092336
3311,1,246.276862,168.906591
3312,1,243.001719,123.318313
3313,1,207.66323,130.427318
3314,1,72.133689,115.810165
3315,1,119.795617,164.819504
3316,1,85.929643,91.734742
3317,1,219.690148,221.190748
3318,1,173.613576,155.832955
3319,1,248.426607,263.180556
3320,1,176.429842,115.849414
3321,1,31.979009,30.576031
3322,1,166.211159,192.255429
3323,1,146.342178,210.050142
3324,1,149.597877,208.112718
3325,1,122.52984,94.514387
3326,1,407.312627,297.417846
3327,1,128.47144,98.50082
3328,1,63.231929,78.802507
3329,1,242.620214,172.901143
3330,1,213.654159,140.066149
3331,1,72.205135,93.328414
3332,1,80.705146,57.147286
3333,1,142.017446,139.328518
3334,1,193.241829,147.324919
3335,1,308.045623,188.887882
3336,1,167.304281,111.080593
3337,1,157.056966,117.656594
3338,1,175.839515,183.83443
3339,1,163.206848,142.916313
3340,1,209.948012,178.77762
3341,1,122.492357,103.409402
3342,1,91.749378,108.108583
3343,1,167.013453,198.891942
3344,1,134.509585,165.083401
3345,1,102.089799,63.897491
3346,1,193.637879,165.04628
3347,1,86.696739,59.889202
3348,1,219.424342,145.538497
3349,1,191.451708,129.778915
3350,1,141.452383,147.25471
3351,1,93.35555,128.529437
3352,1,114.960212,61.842978
3353,1,101.187957,127.757707
3354,1,154.784609,71.643703
3355,1,137.349164,129.365197
3356,1,109.931503,127.652867
3357,1,98.126528,63.400765
3358,1,122.441978,134.559455
3359,1,127.331644,128.529877
3360,1,93.368648,75.809987
3361,1,140.518717,66.112742
3362,1,41.493623,131.977814
3363,1,64.052245,65.01907
3364,1,100.329874,49.632182
3365,1,105.17367,127.012755
3366,1,130.591102,74.051348
3367,1,308.395335,260.044926
3368,1,89.526011,113.856388
3369,1,63.395068,129.739419
3370,1,181.087097,90.98358
3371,1,379.271611,259.646771
3372,1,102.318938,169.704955
3373,1,136.43833,108.700954
3374,1,120.464099,122.228443
3375,1,148.173316,144.33527
3376,1,194.545831,234.56108
3377,1,40.688375,21.12071
3378,1,50.654573,101.767612
3379,1,237.231954,190.446703
3380,1,171.01531,220.925386
3381,1,168.357487,178.219299
3382,1,250.456965,190.751933
3383,1,132.803776,234.914009
3384,1,60.358184,66.523849
3385,1,174.789681,120.967369
3386,1,145.710721,174.968084
3387,1,79.020508,73.279718
3388,1,231.350441,266.601822
3389,1,300.189711,256.962837
3390,1,141.143354,184.52592
3391,1,159.314787,31.504222
3392,1,92.017171,167.151586
3393,1,183.589988,96.884323
3394,1,95.40796,94.901474
3395,1,88.591973,101.143023
3396,1,50.622061,94.37075
3397,1,136.445998,115.406427
3398,1,242.127752,133.775347
3399,1,287.412791,248.873956
3400,1,242.97298,178.201804
3401,1,130.806967,193.112463
3402,1,108.736359,43.863178
3403,1,126.064309,141.239306
3404,1,88.536572,89.627484
3405,1,150.734566,106.22177
3406,1,106.218071,114.839971
3407,1,176.590219,199.129971
3408,1,411.794466,357.111614
3409,1,137.769965,57.110399
3410,1,135.458714,216.374327
3411,1,213.931579,247.110012
3412,1,170.068661,153.999349
3413,1,149.893298,142.346208
3414,1,121.595866,171.019049
3415,1,51.92299,101.488685
3416,1,84.121215,81.93186
3417,1,262.440897,248.612838
3418,1,141.815569,64.232738
3419,1,119.803411,126.881981
3420,1,103.474593,75.523494
3421,1,230.964462,244.764349
3422,1,144.797234,69.901816
3423,1,69.961507,77.10001
3424,1,72.645989,11.072028
3425,1,276.588618,202.910166
3426,1,245.536804,207.533754
3427,1,78.381423,59.146076
3428,1,159.907839,187.313633
3429,1,51.55354,130.077504
3430,1,178.222966,147.443823
3431,1,215.477198,108.445458
3432,1,193.016291,146.569059
3433,1,111.791898,115.210048
3434,1,160.063231,183.381084
3435,1,86.006142,109.81098
3436,1,73.453167,39.705371
3437,1,93.872924,75.121954
3438,1,36.415896,99.880826
3439,1,106.583628,136.851722
3440,1,160.156179,211.032297
3441,1,57.121831,73.528562
3442,1,45.717332,109.24516
3443,1,112.633445,90.559665
3444,1,110.807896,85.519927
3445,1,126.301975,81.065384
3446,1,100.684655,83.787043
3447,1,47.497549,65.489271
3448,1,204.418535,161.711146
3449,1,140.689932,141.921674
3450,1,145.39621,73.233399
3451,1,95.863378,117.939909
3452,1,100.329189,115.995405
3453,1,99.785915,155.413973
3454,1,186.312513,144.728935
3455,1,142.132834,120.376024
3456,1,75.505176,43.659821
3457,1,80.148704,89.245441
3458,1,124.089553,74.078793
3459,1,47.874437,78.082403
3460,1,35.218633,50.127337
3461,1,36.815625,78.745367
3462,1,119.30626,143.020531
3463,1,208.943763,179.419279
3464,1,69.104139,105.83085
3465,1,102.228456,106.333862
3466,1,128.632765,91.380558
3467,1,116.402973,174.616535
3468,1,233.692123,198.668327
3469,1,80.485045,111.358715
3470,1,132.143635,121.500768
3471,1,52.370597,124.564507
3472,1,102.676131,71.080409
3473,1,365.234677,279.525819
3474,1,81.146789,-20.674767
3475,1,110.333904,71.583816
3476,1,67.017053,114.46993
3477,1,191.83848,188.022453
3478,1,281.321587,149.160387
3479,1,134.252519,161.32359
3480,1,150.91189,146.641231
3481,1,118.09628,133.019953
3482,1,138.46966,110.740569
3483,1,220.974193,184.692679
3484,1,75.096697,128.40958
3485,1,62.583274,67.869064
3486,1,193.255387,269.368618
3487,1,80.644854,133.852474
3488,1,394.24415,254.531712
3489,1,235.143487,129.770044
3490,1,147.243498,115.1027
3491,1,140.540642,140.84624
3492,1,454.841645,320.738199
3493,1,188.104225,147.726028
3494,1,107.202665,120.413596
3495,1,95.637874,137.761036
3496,1,144.022144,155.510161
3497,1,172.964107,104.219443
3498,1,177.114536,210.9986
3499,1,156.815758,136.606511
3500,1,162.043118,147.550879
3501,1,55.938536,127.626406
3502,1,169.004083,171.310736
3503,1,109.201225,123.53856
3504,1,131.492468,113.679417
3505,1,15.657501,-5.559804
3506,1,156.789493,99.384379
3507,1,269.968436,179.046508
3508,1,96.263956,82.59035
3509,1,179.74332,213.430667
3510,1,116.255122,157.358397
3511,1,103.750371,85.291658
3512,1,91.117742,36.083988
3513,1,112.83574,131.449384
3514,1,143.442059,229.832391
3515,1,95.427852,78.11044
3516,1,113.370649,75.34053
3517,1,140.373919,137.380322
3518,1,135.669759,147.246568
3519,1,103.222243,113.868373
3520,1,328.52918,260.390085
3521,1,70.277837,98.522555
3522,1,53.021173,37.572785
3523,1,223.13702,168.793027
3524,1,147.081353,151.49992
3525,1,133.104762,103.661739
3526,1,164.02053,215.077296
3527,1,195.873821,167.479291
3528,1,50.860024,76.121385
3529,1,114.873265,84.509737
3530,1,139.969056,103.314152
3531,1,129.482231,68.661168
3532,1,59.232789,68.032505
3533,1,116.315323,89.099563
3534,1,99.283832,73.306794
3535,1,319.791932,221.246574
3536,1,85.953402,103.570917
3537,1,147.465436,84.201244
3538,1,124.911267,69.487279
3539,1,216.642482,218.342118
3540,1,103.531815,108.542566
3541,1,252.825444,202.249118
3542,1,157.703634,152.332086
3543,1,165.651574,172.892156
3544,1,37.726898,39.920921
3545,1,191.033072,136.658563
3546,1,100.717003,62.448276
3547,1,205.470565,127.211127
3548,1,159.73264,171.515989
3549,1,237.51892,184.699107
3550,1,41.907083,83.030964
3551,1,61.02086,33.276866
3552,1,65.82516,84.452978
3553,1,129.893455,30.273789
3554,1,264.687332,220.572298
3555,1,173.115038,92.070671
3556,1,140.656735,120.370665
3557,1,96.774483,89.935435
3558,1,93.880961,84.451231
3559,1,180.727418,211.434264
3560,1,201.067147,172.51714
3561,1,251.008742,238.268154
3562,1,125.368512,120.775771
3563,1,330.514372,235.42771
3564,1,140.618817,169.170482
3565,1,250.479054,181.324961
3566,1,317.794748,296.346815
3567,1,226.085733,169.273649
3568,1,58.427315,23.664602
3569,1,152.527722,143.374592
3570,1,156.354356,268.379534
3571,1,140.548036,119.626773
3572,1,197.924536,204.36221
3573,1,102.766141,144.93683
3574,1,353.122857,252.221317
3575,1,176.689176,237.32571
3576,1,113.572724,69.343258
3577,1,136.954738,172.08042
3578,1,94.773702,124.790862
3579,1,178.491213,146.782448
3580,1,170.805438,164.496245
3581,1,114.701385,7.576697
3582,1,186.759627,192.636165
3583,1,178.585081,223.713226
3584,1,101.728718,147.425945
3585,1,44.992895,63.209686
3586,1,98.432005,145.086544
3587,1,113.959776,98.831323
3588,1,221.211115,225.263053
3589,1,197.116855,208.550908
3590,1,220.452311,180.95958
3591,1,105.585093,130.562061
3592,1,113.314317,174.979065
3593,1,88.49714,95.425255
3594,1,351.796079,216.388214
3595,1,159.831201,35.505989
3596,1,154.101496,115.047723
3597,1,43.777234,30.479273
3598,1,95.099456,113.756443
3599,1,68.461595,118.201193
3600,1,64.206645,88.612347
3601,1,38.646589,40.866784
3602,1,216.414031,142.977625
3603,1,38.859339,81.351668
3604,1,68.828319,99.649957
3605,1,55.573501,133.214518
3606,1,47.446763,56.769619
3607,1,237.839843,135.03467
3608,1,127.616991,133.959036
3609,1,255.684793,110.096744
3610,1,137.674349,154.619787
3611,1,57.176563,147.301168
3612,1,239.768028,242.456659
3613,1,295.681376,234.11495
3614,1,116.209342,125.585393
3615,1,50.991406,145.208128
3616,1,142.247027,59.833234
3617,1,261.631623,185.991003
3618,1,103.065948,97.594877
3619,1,172.564379,156.645542
3620,1,56.651108,111.873516
3621,1,154.04936,151.710352
3622,1,52.756717,51.117837
3623,1,110.339137,157.769771
3624,1,46.335735,142.131551
3625,1,122.653145,98.305533
3626,1,166.252062,210.244845
3627,1,42.885761,51.648307
3628,1,199.113009,225.555607
3629,1,77.208905,56.813296
3630,1,156.02601,122.416401
3631,1,204.952475,140.6824
3632,1,53.328311,111.489792
3633,1,34.720448,12.566104
3634,1,233.770819,218.706352
3635,1,55.025007,71.974473
3636,1,41.101933,48.892407
3637,1,261.900741,224.62821
3638,1,146.087039,93.046655
3639,1,101.500898,87.641587
3640,1,158.925341,157.60449
3641,1,131.301232,64.755266
3642,1,83.135773,39.537776
3643,1,112.716865,94.15151
3644,1,141.173347,117.912538
3645,1,73.330903,46.483978
3646,1,153.051842,166.645821
3647,1,90.961622,125.916389
3648,1,220.573419,184.633699
3649,1,77.65519,69.641936
3650,1,63.898164,152.739998
3651,1,114.499241,115.214161
3652,1,74.144559,83.758596
3653,1,114.729266,73.149314
3654,1,70.011489,149.010388
3655,1,71.092814,143.807623
3656,1,85.175683,93.525936
3657,1,131.053028,168.957494
3658,1,102.699029,113.638647
3659,1,29.267986,78.880011
3660,1,239.764538,194.295063
3661,1,94.569922,93.018881
3662,1,212.10517,258.910995
3663,1,109.067485,92.103754
3664,1,116.195677,103.659411
3665,1,238.793469,211.780681
3666,1,199.487494,128.8019
3667,1,107.293536,95.629867
3668,1,199.851571,163.34645
3669,1,53.287944,35.795378
3670,1,221.59458,150.635369
3671,1,54.618427,93.810031
3672,1,185.432573,218.363736
3673,1,110.636255,115.371232
3674,1,204.280118,153.021915
3675,1,79.739214,82.427159
3676,1,155.486789,128.569727
3677,1,150.554425,131.279208
3678,1,172.204901,215.38211
3679,1,159.297886,133.553217
3680,1,142.709136,203.275929
3681,1,71.602419,109.326713
3682,1,210.982846,119.726382
3683,1,30.635813,27.404453
3684,1,235.49627,206.194388
3685,1,28.845011,72.109171
3686,1,120.180575,130.988171
3687,1,89.88897,127.926582
3688,1,40.630171,40.174608
3689,1,124.379903,133.315386
3690,1,97.117618,-13.197814
3691,1,57.569878,81.161278
3692,1,190.877681,167.196813
3693,1,192.877684,131.881488
3694,1,105.748271,101.753191
3695,1,38.845093,104.801127
3696,1,200.464523,95.966426
3697,1,265.125465,144.420878
3698,1,36.110154,82.191687
3699,1,64.142581,1.569949
3700,1,148.893523,134.360552
3701,1,285.528705,228.120958
3702,1,125.935867,110.056613
3703,1,176.068736,207.910833
3704,1,270.88923,118.768603
3705,1,124.840835,57.329472
3706,1,171.590295,98.090037
3707,1,155.574091,151.883237
3708,1,138.141236,106.248333
3709,1,187.416553,131.873008
3710,1,204.966158,207.768581
3711,1,107.085989,121.341067
3712,1,182.641431,162.795144
3713,1,201.101103,169.098857
3714,1,222.06762,195.5292
3715,1,81.418561,76.168589
3716,1,74.494334,89.088471
3717,1,183.118599,215.880405
3718,1,220.580257,202.488289
3719,1,81.946419,75.261426
3720,1,106.17324,97.387935
3721,1,94.996559,120.181937
3722,1,146.3553,242.370294
3723,1,200.32817,194.288031
3724,1,68.395801,68.831132
3725,1,281.863742,134.68826
3726,1,195.646377,175.374995
3727,1,216.239156,163.234276
3728,1,108.230041,114.993362
3729,1,130.606604,92.760279
3730,1,51.489098,132.976821
3731,1,143.807259,141.859298
3732,1,197.54874,192.348805
3733,1,316.195448,274.660033
3734,1,59.742242,105.532658
3735,1,125.174418,228.926652
3736,1,50.648668,67.096267
3737,1,97.201383,104.368223
3738,1,183.606503,137.201187
3739,1,100.862771,131.150896
3740,1,183.89451,209.561969
3741,1,52.77072,89.259866
3742,1,128.71896,150.632541
3743,1,97.236525,118.202309
3744,1,77.765927,63.087076
3745,1,117.838812,91.832341
3746,1,242.68547,160.139278
3747,1,142.095035,148.538437
3748,1,106.762955,102.805519
3749,1,276.419253,151.805947
3750,1,143.349184,149.422765
3751,1,106.122781,106.018264
3752,1,101.406708,130.950112
3753,1,58.772293,81.795534
3754,1,331.690488,208.36992
3755,1,124.132061,141.482807
3756,1,75.331636,140.059835
3757,1,184.689329,189.690236
3758,1,159.853427,134.619628
3759,1,113.644298,142.824529
3760,1,220.280938,116.656738
3761,1,184.537326,138.789722
3762,1,65.583992,80.184487
3763,1,37.290536,54.867169
3764,1,241.466417,123.247477
3765,1,73.066546,149.259328
3766,1,146.807128,143.664418
3767,1,143.346366,99.55571
3768,1,178.483455,124.038985
3769,1,135.147239,92.183676
3770,1,174.630563,145.374996
3771,1,171.803324,141.036767
3772,1,100.79623,76.906875
3773,1,63.799876,62.175498
3774,1,263.628026,117.012715
3775,1,215.34076,204.823979
3776,1,59.030267,130.41838
3777,1,108.568667,184.014334
3778,1,41.065775,139.794908
3779,1,95.500124,141.349031
3780,1,165.994594,130.305165
3781,1,142.953216,94.256798
3782,1,140.171864,97.576366
3783,1,338.842764,226.46582
3784,1,114.656357,127.736765
3785,1,103.379623,144.674598
3786,1,163.66364,144.051719
3787,1,48.213421,36.102567
3788,1,101.667113,114.050868
3789,1,80.658275,127.339403
3790,1,110.144161,44.619831
3791,1,137.627035,107.611352
3792,1,79.513037,18.70105
3793,1,99.892177,115.782303
3794,1,203.555818,254.770323
3795,1,245.257921,155.37903
3796,1,197.805202,72.795879
3797,1,26.014062,52.913478
3798,1,133.132988,90.292526
3799,1,125.59113,126.003043
3800,1,209.097864,181.095138
3801,1,220.410128,171.50854
3802,1,142.32169,209.591349
3803,1,51.651757,47.485106
3804,1,413.827651,315.530566
3805,1,169.130226,142.440692
3806,1,120.785068,72.809459
3807,1,148.357818,105.667892
3808,1,171.417323,115.862812
3809,1,114.08813,90.588855
3810,1,106.183669,180.26283
3811,1,272.198796,200.064976
3812,1,132.34568,87.225198
3813,1,74.642885,29.676175
3814,1,106.743648,116.054281
3815,1,203.7258,192.203284
3816,1,262.052766,231.178425
3817,1,126.300246,118.951646
3818,1,268.061869,185.4806
3819,1,150.517322,56.085867
3820,1,117.115209,8.661598
3821,1,253.119157,252.428611
3822,1,101.331161,79.176207
3823,1,65.896066,157.846004
3824,1,179.415302,132.211589
3825,1,143.467401,122.951328
3826,1,119.766756,136.690836
3827,1,95.211458,159.637481
3828,1,57.80782,58.726584
3829,1,98.369568,79.155233
3830,1,93.422888,106.728949
3831,1,141.49195,119.311971
3832,1,116.767876,87.157652
3833,1,102.458254,62.232832
3834,1,303.315222,173.785486
3835,1,137.216145,192.300481
3836,1,148.382553,97.215595
3837,1,151.513725,124.509425
3838,1,75.911717,103.289628
3839,1,87.151647,172.86277
3840,1,105.834558,107.843302
3841,1,130.604332,176.708996
3842,1,78.868141,80.20314
3843,1,109.196498,168.637284
3844,1,82.5756,105.416821
3845,1,81.869014,134.339018
3846,1,160.767469,118.892348
3847,1,227.348981,217.823381
3848,1,189.619883,203.342388
3849,1,181.207415,190.471112
3850,1,170.28313,112.336353
3851,1,102.105535,142.340697
3852,1,141.942535,24.643138
3853,1,200.031847,162.04832
3854,1,182.57777,134.746694
3855,1,105.406489,128.164323
3856,1,72.232357,87.953942
3857,1,55.89241,61.186952
3858,1,96.314814,129.447855
3859,1,86.467913,109.666136
3860,1,186.641205,94.786121
3861,1,136.263268,172.759632
3862,1,39.217671,34.664698
3863,1,123.664877,122.067387
3864,1,171.330447,125.39564
3865,1,117.344868,122.818763
3866,1,98.449615,101.510823
3867,1,50.857544,48.097534
3868,1,155.196903,118.434866
3869,1,145.74727,140.172066
3870,1,90.426315,107.179511
3871,1,94.099348,129.911753
3872,1,246.435452,247.087316
3873,1,136.698902,124.188448
3874,1,130.806213,156.12261
3875,1,122.45149,87.991007
3876,1,84.213301,43.781639
3877,1,134.166375,136.201149
3878,1,79.813081,52.519872
3879,1,216.755562,66.759043
3880,1,169.813888,117.881716
3881,1,33.215382,56.432763
3882,1,162.540855,144.496311
3883,1,127.629134,169.542931
3884,1,99.113955,68.602493
3885,1,126.550016,181.897877
3886,1,161.597125,175.065178
3887,1,271.094911,201.517506
3888,1,90.825332,-4.405582
3889,1,95.309197,72.15949
3890,1,133.549274,135.945129
3891,1,181.686227,169.588205
3892,1,76.534658,43.44481
3893,1,136.298019,80.878871
3894,1,142.089655,192.450777
3895,1,95.820765,79.531425
3896,1,87.829532,36.812291
3897,1,82.969337,71.814126
3898,1,78.763116,80.439692
3899,1,195.612968,147.901595
3900,1,140.874307,117.627998
3901,1,59.640312,124.187571
3902,1,166.08503,219.08159
3903,1,170.70167,131.395604
3904,1,64.434924,88.656772
3905,1,214.229478,248.143321
3906,1,173.451832,185.731098
3907,1,181.973623,135.804367
3908,1,72.766834,96.530224
3909,1,218.710827,186.003546
3910,1,135.073313,116.812368
3911,1,64.621665,77.277932
3912,1,184.464933,76.189125
3913,1,140.886627,134.185136
3914,1,68.830554,87.507862
3915,1,72.32058,106.626755
3916,1,112.798664,91.060853
3917,1,76.743854,135.270394
3918,1,89.153355,147.594178
3919,1,161.688681,121.757156
3920,1,110.265556,127.693972
3921,1,92.86136,10.071478
3922,1,104.032707,57.556941
3923,1,146.226435,121.866746
3924,1,187.143943,122.58522
3925,1,107.937553,96.847441
3926,1,168.999332,192.854509
3927,1,116.466145,123.999882
3928,1,91.912807,121.014081
3929,1,162.383982,140.843491
3930,1,174.180866,141.271402
3931,1,208.742022,99.580111
3932,1,81.850956,68.61119
3933,1,143.118979,110.378977
3934,1,41.932901,106.725925
3935,1,67.234757,24.322854
3936,1,233.392588,235.418528
3937,1,181.171058,167.360792
3938,1,149.724526,144.502964
3939,1,109.727619,66.247389
3940,1,211.750114,236.339705
3941,1,127.948014,121.666883
3942,1,104.669743,126.263985
3943,1,78.147049,129.26032
3944,1,112.218299,125.021669
3945,1,138.803718,211.490124
3946,1,170.293753,164.229749
3947,1,90.719037,50.722915
3948,1,69.892405,130.178778
3949,1,103.690587,46.725537
3950,1,226.409338,138.995221
3951,1,179.178425,156.46069
3952,1,218.632461,164.18695
3953,1,191.482291,124.021109
3954,1,177.255139,189.333736
3955,1,107.070842,109.563665
3956,1,172.021789,114.575168
3957,1,133.487946,108.822904
3958,1,55.545422,66.548672
3959,1,80.374321,81.869802
3960,1,261.551238,116.983686
3961,1,153.283257,155.859823
3962,1,53.235415,68.462825
3963,1,168.10695,214.748547
3964,1,116.526783,117.657259
3965,1,225.226282,219.933728
3966,1,202.228938,247.715614
3967,1,25.568317,-55.769149
3968,1,174.4619,90.200364
3969,1,64.883312,7.021339
3970,1,270.827529,221.689187
3971,1,134.773144,139.881448
3972,1,259.657138,186.4757
3973,1,39.974661,68.578
3974,1,185.884427,140.106424
3975,1,252.920891,149.06714
3976,1,276.179259,237.347216
3977,1,144.409401,145.692114
3978,1,101.075238,126.94076
3979,1,136.72479,161.996515
3980,1,198.389566,185.2862
3981,1,98.201364,69.11715
3982,1,158.143072,138.447287
3983,1,345.406222,215.667463
3984,1,132.374147,131.777398
3985,1,79.23128,97.410146
3986,1,220.852849,137.865139
3987,1,152.399409,157.681511
3988,1,148.616029,63.351379
3989,1,135.935423,146.196806
3990,1,238.976273,192.140818
3991,1,76.746047,139.858249
3992,1,178.490627,142.243894
3993,1,86.725582,110.985705
3994,1,146.892527,145.528141
3995,1,149.533163,103.62818
3996,1,59.874178,98.74706
3997,1,56.473867,56.246185
3998,1,96.499832,147.285604
3999,1,71.062322,58.284999
4000,1,176.841431,205.490729
